和名,学名,成虫発生時期,成虫発生時期に関する備考
イカリモンガ,Pterodecta felderi (Bremer, 1864),4~5月 (越冬成虫)、8月 (新成虫),成虫で越冬する。
ベニイカリモンガ,Callidula attenuata (Moore, 1879),5~10月,くわしい化性など不明である。
マエキカギバ,Agnidra scabiosa (Butler, 1877),春(1化目)、7月下旬~8月上旬(2化目),年2化、蛹越冬。
オガサワラカギバ,Microblepsis acuminata (Leech, 1890),5月中旬~6月と7~8月,年2化、蛹越冬。
マンレイカギバ,Microblepsis manleyi (Leech, 1898),5~6月と7~8月,年2化、蛹越冬する。
ヒメハイイロカギバ,Pseudalbara parvula (Leech, 1890),5~6月と7~9月,2化目の幼虫は9~10月に出現し、かなり遅い時期まで中齢幼虫が見られるので、幼虫越冬の可能性が高い。
ヤマトカギバ,Nordstromia japonica (Moore, 1877),春と秋,年2化、蛹越冬する。
エゾカギバ,Nordstromia grisearia (Staudinger, 1892),春と秋,経過習性は前種(ヤマトカギバ)とほぼ同じ。
サキシマカギバ,Nordstromia duplicata (Warren, 1922),3~12月,年間を通して連続的に発生していると思われる。
ウスオビカギバ,Sabra harpagula (Esper, 1786),5月下旬から(関東地方周辺の山間部)、7月下旬~8月中旬(中部地方の山地),北海道、東北地方、中部地方の山地では年1化と思われる。
オビカギバ,Drepana curvatula (Borkhausen, 1790),6~7月と8~9月,年2化。
ウコンカギバ,Tridrepana crocea (Leech, 1889),6月、7月下旬~8月上旬、9月中旬~10月,3回発生する。3化目の♀が産んだ卵は10月中旬以降に孵化し、幼虫で越冬する。
ヒメウコンカギバ,Tridrepana unispina Watson, 1957,3~11月,年3回以上発生すると思われる。本州の産地では前種同様に幼虫越冬で、春早い時期に摂食行動を開始すると推定される。
ギンモンカギバ,Callidrepana patrana (Moore, 1866),5月、7~8月、9月,年3~4回出現すると考えられる。蛹越冬する。
ウスイロカギバ,Callidrepana palleola (Motschulsky, 1866),5月、7~8月、9月,経過習性は前種(ギンモンカギバ)とほぼ同じである。
クロモンカギバ,Callidrepana melanonota Inoue, 1982,3~10月,連続的に発生している。
オオギンモンカギバ,Callidrepana hirayamai Nagano, 1918,3~8月,少なくとも2化以上と思われる。
フタテンソトグロキエダシャク,"Pseudepione shiraii Inoue, 1943",,
ウスオビヒメエダシャク,"Euchristophia cumulata (Christoph, 1881)",,
ハグルマエダシャク,"Synegia hadassa (Butler, 1878)",,
アベリアハグルマエダシャク,"Synegia pallens Inoue, 1982",,
マルハグルマエダシャク,"Synegia ichinosawaiana (Matsumura, 1925)",,
スジハグルマエダシャク,"Synegia limitatoides Inoue, 1982",,
オオツカハグルマエダシャク,"Synegia ohtsukai Sato, 1990",,
ダイセンハグルマエダシャク,"Synegia daisenensis Sato & Masui, 2012",,
ミナミハグルマエダシャク,"Synegia masuii Sato, 1990",,
クロハグルマエダシャク,"Synegia esther Butler, 1881",,
オオハグルマエダシャク,"Borbacha pardaria (Guenée, 1858)",,
シロズエダシャク,"Ecpetelia albifrontaria (Leech, 1891)",,
コトビスジエダシャク,"Petelia rivulosa (Butler, 1881)",,
ヨスジアカエダシャク,"Astygisa morosa (Butler, 1881)",,
オオヨスジアカエダシャク,"Astygisa chlororphnodes (Wehrli, 1936)",,
ウラキトガリエダシャク,"Hypephyra terrosa Butler, 1889",,
クガニエダシャク,"Hyperythra lutea (Stoll, 1781)",,
ツマキエダシャク,"Platycerota incertaria (Leech, 1891)",,
ツマキアカエダシャク,"Platycerota particolor (Warren, 1896)",,
フタテンオエダシャク,"Chiasmia defixaria (Walker, 1861)",,
ナガオエダシャク,"Chiasmia cinerearia (Bremer & Grey, 1853)",,
ウスオエダシャク,"Chiasmia hebesata (Walker, 1861)",,
オキナワオエダシャク,"Chiasmia emersaria (Walker, 1861)",,
ヒメアミメエダシャク,"Chiasmia clathrata (Linnaeus, 1758)",,
ワモクメオエダシャク,"Chiasmia arcadia Sato & Nishizawa, 2019",,
カバイロオエダシャク,"Chiasmia kanshireiensis (Wileman, 1914)",,
シャンハイオエダシャク,"Macaria shanghaisaria Walker, 1861",,
シロオビオエダシャク,"Macaria fuscaria (Leech, 1891)",,
シナノオエダシャク,"Macaria signaria (Hübner, 1809)",,
チャオビオエダシャク,"Macaria liturata (Clerck, 1759)",,
ギンネムエダシャク,"Macaria abydata Guenée, 1858",,
キトビエダシャク,"Macaria brunneata (Thunberg, 1784)",,
ウスキオエダシャク,"Oxymacaria normata (Alphéraky, 1892)",,
クロモンオエダシャク,"Oxymacaria temeraria (Swinhoe, 1891)",,
フトスジオエダシャク,"Oxymacaria pryeri (Butler, 1879)",,
ウスネズミエダシャク,"Isturgia vapulata (Butler, 1879)",,
トビカギバエダシャク,"Luxiaria amasa (Butler, 1878)",,
ミナミトビカギバエダシャク,"Luxiaria mitorrhaphes Prout, 1925",,
マエモントビカギバエダシャク,"Luxiaria costinota Inoue, 1978",,
キトビカギバエダシャク,"Pseudonadagara semicolor (Warren, 1895)",,
カギバエダシャク,"Pseudonadagara hepatica Inoue, 1994",,
スエヒロエダシャク,"Gonodontis pallida (Butler, 1880)",,
アトムスジエダシャク,"Aporhoptrina semiorbiculata (Christoph, 1881)",,
クロフキエダシャク,"Monocerotesa lutearia (Leech, 1891)",,
ダイセツタカネエダシャク,"Glacies coracina (Esper, 1805)",,
ヘリグロエダシャク,"Bupalus vestalis Staudinger, 1897",,
スカシエダシャク,"Krananda semihyalina Moore, 1868",,
ツマジロエダシャク,"Krananda latimarginaria Leech, 1891",,
キベリゴマフエダシャク,"Epobeidia tigrata (Guenée, 1858)",,
トンボエダシャク,"Cystidia stratonice (Stoll, 1782)",,
ヒロオビトンボエダシャク,"Cystidia truncangulata Wehrli, 1934",,
ウメエダシャク,"Cystidia couaggaria (Guenée, 1858)",,
シロジマエダシャク,"Euryobeidia languidata (Walker, 1862)",,
ゴマダラシロエダシャク,"Antipercnia albinigrata (Warren, 1896)",,
オオゴマダラエダシャク,"Parapercnia giraffata (Guenée, 1858)",,
クロフオオシロエダシャク,"Pogonopygia nigralbata Warren, 1894",,
タイワンオオシロエダシャク,"Pogonopygia pavida (Bastelberger, 1911)",,
クロフシロエダシャク,"Dilophodes elegans (Butler, 1878)",,
キオビエダシャク,"Milionia zonea Moore, 1872",,
ナカウスエダシャク,"Alcis angulifera (Butler, 1878)",,
ヒメナカウスエダシャク,"Alcis medialbifera Inoue, 1972",,
コケエダシャク,"Alcis jubata (Thunberg, 1788)",,
オオナカホシエダシャク,"Alcis pryeraria (Leech, 1897)",,
シロシタオビエダシャク,"Alcis picata (Butler, 1881)",,
イツスジエダシャク,"Alcis extinctaria (Eversmann, 1851)",,
ババエダシャク,"Hesperumia babai Sato, 1980",,
マダラシロエダシャク,"Hesperumia silvicola (Inoue, 1953)",,
マルバトビスジエダシャク,"Anaboarmia aechmeessa (Prout, 1929)",,
フタキスジエダシャク,"Gigantalcis flavolinearia (Leech, 1891)",,
クロクモエダシャク,"Apocleora rimosa (Butler, 1879)",,
マツオオエダシャク,"Deileptenia ribeata (Clerck, 1759)",,
キタルリモンエダシャク,"Cleora cinctaria (Denis & Schiffermüller, 1775)",,
ルリモンエダシャク,"Cleora insolita (Butler, 1878)",,
アマミシロテンエダシャク,"Cleora amamiensis Sato, 1978",,
ヤクシマフトスジエダシャク,"Cleora minutaria (Leech, 1891)",,
ソトシロモンエダシャク,"Cleora venustaria (Leech, 1891)",,
オガサワラフトスジエダシャク,"Cleora ogasawarensis Inoue, 1994",,
リュウキュウフトスジエダシャク,"Cleora injectaria (Walker, 1860)",,
フトスジエダシャク,"Cleora repulsaria (Walker, 1860)",,
ヤエヤマフトスジエダシャク,"Cleora alienaria (Walker, 1860)",,
ヨモギエダシャク,"Ascotis selenaria (Denis & Schiffermüller, 1775)",,
セブトエダシャク,"Cusiala stipitaria (Oberthür, 1880)",,
ウストビスジエダシャク,"Ectropis aigneri Prout, 1930",,
オオトビスジエダシャク,"Ectropis excellens (Butler, 1884)",,
ウルマトビスジエダシャク,"Ectropis bhurmitra (Walker, 1860)",,
フトフタオビエダシャク,"Ectropis crepuscularia (Denis & Schiffermüller, 1775)",,
スギノキエダシャク,"Ectropis cryptomeriae Sato, 2018",,
ウスジロエダシャク,"Ectropis obliqua (Prout, 1915)",,
テンモンエダシャク,"Catoria sublavaria (Guenée, 1858)",,
ハミスジエダシャク,"Hypomecis roboraria (Denis & Schiffermüller, 1775)",,
オオバナミガタエダシャク,"Hypomecis lunifera (Butler, 1878)",,
アキバエダシャク,"Hypomecis akiba (Inoue, 1963)",,
ナカシロオビエダシャク,"Hypomecis definita (Butler, 1881)",,
ウスバミスジエダシャク,"Hypomecis punctinalis (Scopoli, 1763)",,
アマミミスジエダシャク,"Hypomecis yuwanina (Sato, 1981)",,
ヒメミスジエダシャク,"Hypomecis kuriligena (Bryk, 1942)",,
フトオビエダシャク,"Hypomecis crassestrigata (Christoph, 1881)",,
ソトシロオビエダシャク,"Calicha ornataria (Leech, 1891)",,
クロオオモンエダシャク,"Microcalicha fumosaria (Leech, 1891)",,
シタクモエダシャク,"Microcalicha sordida (Butler, 1878)",,
ヒロバウスアオエダシャク,"Paradarisa chloauges Prout, 1927",,
シナトビスジエダシャク,"Paradarisa consonaria (Hübner, 1799)",,
ナミスジエダシャク,"Racotis petrosa (Butler, 1879)",,
ホシミスジエダシャク,"Racotis boarmiaria (Guenée, 1858)",,
ウスチャトビモンエダシャク,"Psilalcis breta (Swinhoe, 1890)",,
マエモンキエダシャク,"Heterarmia costipunctaria (Leech, 1891)",,
ナミガタエダシャク,"Heterarmia charon (Butler, 1878)",,
トガリスジグロエダシャク,"Heterarmia dissimilis (Staudinger, 1897)",,
ツシマウスグロエダシャク,"Polymixinia appositaria (Leech, 1891)",,
オレクギエダシャク,"Protoboarmia simpliciaria (Leech, 1897)",,
ニセオレクギエダシャク,"Protoboarmia faustinata (Warren, 1897)",,
ウスグロナミエダシャク,"Phanerothyris sinearia (Guenée, 1858)",,
ハラゲエダシャク,"Diplurodes vestita Warren, 1896",,
ハラゲチビエダシャク,"Satoblephara parvularia (Leech, 1891)",,
キバネトビスジエダシャク,"Myrioblephara cilicornaria (Püngeler, 1903)",,
チビトビスジエダシャク,"Myrioblephara nanaria (Staudinger, 1897)",,
ハンノトビスジエダシャク,"Aethalura ignobilis (Butler, 1878)",,
コヨツメエダシャク,"Ophthalmitis irrorataria (Bremer & Grey, 1853)",,
シロモンキエダシャク,"Parectropis similaria (Hufnagel, 1767)",,
コケヒメエダシャク,"Dischidesia kurokoi Inoue, 1963",,
シロテントビスジエダシャク,"Abaciscus albipunctata (Inoue, 1955)",,
スジグロエダシャク,"Arbognophos amoenaria (Staudinger, 1897)",,
コウノエダシャク,"Elophos vittaria (Thunberg, 1788)",,
クロスジハイイロエダシャク,"Hirasa paupera (Butler, 1881)",,
ハガタキエダシャク,"Ctenognophos grandinaria (Motschulsky, 1861)",,
チャノウンモンエダシャク,"Jankowskia fuscaria (Leech, 1891)",,
キタウンモンエダシャク,"Jankowskia pseudathleta Sato, 1980",,
リンゴツノエダシャク,"Phthonosema tendinosaria (Bremer, 1864)",,
トビネオオエダシャク,"Phthonosema invenustaria (Leech, 1891)",,
シロスジオオエダシャク,"Xandrames latiferaria (Walker, 1860)",,
ヒロオビオオエダシャク,"Xandrames dholaria Moore, 1868",,
チャマダラエダシャク,"Amblychia insueta (Butler, 1878)",,
ユワンオオエダシャク,"Amblychia yuwanina Sato & Sameshima, 2013",,
オオツバメエダシャク,"Amblychia angeronaria Guenée, 1858",,
ヒロオビエダシャク,"Duliophyle agitata (Butler, 1878)",,
オオトビエダシャク,"Duliophyle majuscularia (Leech, 1897)",,
ツマキウスグロエダシャク,"Scionomia anomala (Butler, 1881)",,
コツマキウスグロエダシャク,"Scionomia parasinuosa Inoue, 1982",,
ソトキクロエダシャク,"Scionomia mendica (Butler, 1879)",,
キマダラツバメエダシャク,"Thinopteryx crocoptera (Kollar, 1844)",,
Thinopteryx sp.,"Thinopteryx delectans (Butler, 1878)",,
ヒロバフユエダシャク,"Larerannis miracula (Prout, 1929)",,
フタマタフユエダシャク,"Larerannis filipjevi Wehrli, 1935",,
ウスオビフユエダシャク,"Larerannis orthogrammaria (Wehrli, 1927)",,
ナカジマフユエダシャク,"Larerannis nakajimai Inoue, 1986",,
トギレフユエダシャク,"Protalcis concinnata (Wileman, 1911)",,
シロフフユエダシャク,"Agriopis dira (Butler, 1878)",,
クロスジフユエダシャク,"Pachyerannis obliquaria (Motschulsky, 1861)",,
チャバネフユエダシャク,"Erannis golda Djakonov, 1929",,
チャオビフユエダシャク,"Phigaliohybernia fulvinfula Inoue, 1942",,
シモフリトゲエダシャク,"Phigalia sinuosaria Leech, 1897",,
ウスシモフリトゲエダシャク,"Phigalia djakonovi Moltrecht, 1933",,
シロトゲエダシャク,"Phigalia verecundaria (Leech, 1897)",,
フチグロトゲエダシャク,"Nyssiodes lefuarius (Erschoff, 1872)",,
カバシタムクゲエダシャク,"Sebastosema bubonaria Warren, 1896",,
オカモトトゲエダシャク,"Apochima juglansiaria (Graeser, 1889)",,
クワトゲエダシャク,"Apochima excavata (Dyar, 1905)",,
キイロトゲエダシャク,"Apochima praeacutaria (Inoue, 1976)",,
ムクゲエダシャク,"Lycia hirtaria (Clerck, 1759)",,
チャエダシャク,"Megabiston plumosaria (Leech, 1891)",,
アシズリエダシャク,"Megabiston ashizuriensis Sato & Kawakami, 2001",,
チャオビトビモンエダシャク,"Biston strataria (Hufnagel, 1767)",,
フタオレウスグロエダシャク,"Biston thoracicaria (Oberthür, 1884)",,
オオシモフリエダシャク,"Biston betularia (Linnaeus, 1758)",,
クロズエダシャク,"Biston marginata Shiraki, 1913",,
トビモンオオエダシャク,"Biston robustum Butler, 1879",,
タケウチエダシャク,"Biston takeuchii Matsumura, 1931",,
シロシモフリエダシャク,"Biston melacron Wehrli, 1941",,
ハイイロオオエダシャク,"Biston regalis (Moore, 1888)",,
キオビゴマダラエダシャク,"Biston panterinaria (Bremer & Grey, 1853)",,
ウスイロオオエダシャク,"Amraica superans (Butler, 1878)",,
アサヒナオオエダシャク,"Amraica asahinai (Inoue, 1964)",,
サキシマオオエダシャク,"Amraica kimurai Sato, 2003",,
アミメオオエダシャク,"Mesastrape fulguraria (Walker, 1860)",,
ニッコウエダシャク,"Lassaba nikkonis (Butler, 1881)",,
ウスズミエダシャク,"Lassaba fuliginosa (Inoue & Sato, 1986)",,
カバエダシャク,"Colotois pennaria (Linnaeus, 1761)",,
ハスオビエダシャク,"Descoreba simplex Butler, 1878",,
ニトベエダシャク,"Wilemania nitobei (Nitobe, 1907)",,
アトジロエダシャク,"Pachyligia dolosa Butler, 1878",,
キイロエダシャク,"Doratoptera virescens (Marumo, 1923)",,
ナンカイキイロエダシャク,"Doratoptera amabilis (Yazaki, 1988)",,
ヒロバトガリエダシャク,"Planociampa antipala Prout, 1930",,
ホソバトガリエダシャク,"Planociampa modesta (Butler, 1878)",,
スモモエダシャク,"Angerona prunaria (Linnaeus, 1758)",,
ゴマフキエダシャク,"Angerona nigrisparsa Butler, 1879",,
ツマトビキエダシャク,"Bizia aexaria Walker, 1860",,
ミヤタツマトビキエダシャク,"Bizia akiramiyatai Sato & Nozaki, 2015",,
オイワケキエダシャク,"Exangerona prattiaria (Leech, 1891)",,
ウスクモエダシャク,"Menophra senilis (Butler, 1878)",,
ハルタウスクモエダシャク,"Menophra harutai (Inoue, 1954)",,
エゾウスクモエダシャク,"Phthonandria emaria (Bremer, 1864)",,
クワエダシャク,"Phthonandria atrilineata (Butler, 1881)",,
ヒゲマダラエダシャク,"Cryptochorina amphidasyaria (Oberthür, 1880)",,
ギンスジエダシャク,"Chariaspilates formosaria (Eversmann, 1837)",,
フタスジギンエダシャク,"Megaspilates mundataria (Stoll, 1782)",,
ハスオビカバエダシャク,"Pseudaspilates obliquizona (Inoue, 1953)",,
クロモンキリバエダシャク,"Psyra bluethgeni (Püngeler, 1903)",,
ミスジキリバエダシャク,"Psyra boarmiata (Graeser, 1892)",,
サラサエダシャク,"Epholca arenosa (Butler, 1878)",,
シロモンクロエダシャク,"Proteostrenia leda (Butler, 1878)",,
モンキクロエダシャク,"Proteostrenia pica Wileman, 1911",,
ハスオビキエダシャク,"Scardamia aurantiacaria Bremer, 1864",,
ナンゴクハスオビキエダシャク,"Scardamia xylosmaria Sato, Fu & Kawakami, 2011",,
マエキトビエダシャク,"Nothomiza formosa (Butler, 1878)",,
オオマエキトビエダシャク,"Nothomiza oxygoniodes Wehrli, 1939",,
キリバエダシャク,"Ennomos nephotropa Prout, 1930",,
ヒメキリバエダシャク,"Ennomos infidelis (Prout, 1929)",,
フタモンキバネエダシャク,"Crocallis elinguaria (Linnaeus, 1758)",,
ヨスジキエダシャク,"Cotta incongruaria (Walker, 1860)",,
ウスグロノコバエダシャク,"Odontopera bidentata (Clerck, 1759)",,
エグリヅマエダシャク,"Odontopera arida (Butler, 1878)",,
キイロエグリヅマエダシャク,"Odontopera aurata (Prout, 1915)",,
オガサワラエグリヅマエダシャク,"Odontopera ogasawarensis Kimura & Sato, 2017",,
ヒメノコメエダシャク,"Acrodontis kotshubeji Sheljuzhko, 1944",,
タンチャメノコメエダシャク,"Acrodontis tanchame Kobayashi, 1995",,
マダラノコメエダシャク,"Acrodontis yazakii Kobayashi, 1995",,
モンシロツマキリエダシャク,"Xerodes albonotaria (Bremer, 1894)",,
ミスジツマキリエダシャク,"Xerodes rufescentaria (Motschulsky, 1861)",,
コガタツマキリエダシャク,"Xerodes sordidata (Inoue, 1987)",,
アカエダシャク,"Xerodes semilutata (Lederer, 1853)",,
ミカンコエダシャク,"Hyposidra talaca (Walker, 1860)",,
キマダラツマキリエダシャク,"Zanclidia testacea (Butler, 1881)",,
キイロミミモンエダシャク,"Eilicrinia parvula Wehrli, 1940",,
ミミモンエダシャク,"Eilicrinia wehrlii Djakonov, 1933",,
キエダシャク,"Auaxa sulphurea (Butler, 1878)",,
テンモンチビエダシャク,"Ocoelophora lentiginosaria (Leech, 1891)",,
ツマキリウスキエダシャク,"Pareclipsis gracilis (Butler, 1879)",,
ハガタムラサキエダシャク,"Selenia sordidaria Leech, 1897",,
ウスムラサキエダシャク,"Selenia adustaria Leech, 1891",,
ムラサキエダシャク,"Selenia tetralunaria (Hufnagel, 1767)",,
イチモジエダシャク,"Apeira syringaria (Linnaeus, 1758)",,
コガタイチモジエダシャク,"Agaraeus parva (Hedemann, 1881)",,
エグリイチモジエダシャク,"Agaraeus discolor (Warren, 1893)",,
ナシモンエダシャク,"Garaeus mirandus (Butler, 1881)",,
キバラエダシャク,"Garaeus specularis Moore, 1868",,
ウラモンアカマダラエダシャク,"Entomopteryx combusta (Warren, 1893)",,
トガリエダシャク,"Xyloscia subspersata (Felder & Rogenhofer, 1875)",,
ツマキリエダシャク,"Endropiodes abjecta (Butler, 1879)",,
モミジツマキリエダシャク,"Endropiodes indictinaria (Bremer, 1864)",,
ツツジツマキリエダシャク,"Endropiodes circumflexa Inoue, 1976",,
ナカキエダシャク,"Plagodis dolabraria (Linnaeus, 1767)",,
コナフキエダシャク,"Plagodis pulveraria (Linnaeus, 1758)",,
ベンチガーエダシャク,"Hypochrosis baenzigeri Inoue, 1982",,
リョクモンエダシャク,"Celenna festivaria (Fabricius, 1794)",,
フタテンエダシャク,"Seleniopsis evanescens (Butler, 1881)",,
ウラモンアカエダシャク,"Parepione grata (Butler, 1879)",,
フタマエホシエダシャク,"Achrosis paupera (Butler, 1881)",,
アトボシエダシャク,"Cepphis advenaria (Hübner, 1790)",,
ベニスジエダシャク,"Heterolocha stulta (Butler, 1879)",,
ヒメウラベニエダシャク,"Heterolocha laminaria (Herrich-Schäffer, 1852)",,
ウラベニエダシャク,"Heterolocha aristonaria (Walker, 1860)",,
アカネエダシャク,"Heterolocha coccinea Inoue, 1976",,
シダエダシャク,"Petrophora chlorosata (Scopoli, 1763)",,
ウラモントガリエダシャク,"Hypoxystis mandli Schawerda, 1924",,
アキヨシトガリエダシャク,"Hypoxystis pulcheraria (Herz, 1905)",,
ウスアカオビエダシャク,"Meteima mediorufa (Bastelberger, 1911)",,
ツマトビシロエダシャク,"Spilopera debilis (Butler, 1878)",,
ウコンエダシャク,"Corymica pryeri (Butler, 1878)",,
ヒメウコンエダシャク,"Corymica arnearia Walker, 1860",,
ヘリグロキエダシャク,"Corymica deducta (Walker, 1866)",,
フトスジツバメエダシャク,"Ourapteryx japonica Inoue, 1993",,
ウスキツバメエダシャク,"Ourapteryx nivea Butler, 1883",,
コガタツバメエダシャク,"Ourapteryx obtusicauda (Warren, 1894)",,
ヒメツバメエダシャク,"Ourapteryx subpunctaria Leech, 1891",,
シロツバメエダシャク,"Ourapteryx maculicaudaria (Motschulsky, 1866)",,
トラフツバメエダシャク,"Tristrophis veneris (Butler, 1878)",,
クジュウフユシャク,"Inurois kyushuensis Inoue, 1974",,
ハスオビトガリシャク,"Sarcinodes mongaku Marumo, 1920",,
ムラサキトガリシャク,"Sarcinodes yaeyamana Inoue, 1976",,
ハニンスホソシャク,"Derambila dentifera (Moore, 1888)",,
エグリトガリシャク,"Ozola japonica Prout, 1910",,
オキナワトガリシャク,"Ozola defectata Inoue, 1971",,
ホシシャク,"Naxa seriaria (Motschulsky, 1866)",,
オオシロアヤシャク,"Pingasa alba Swinhoe, 1891",,
コアヤシャク,"Pingasa pseudoterpnaria (Guenée, 1858)",,
タイワンアヤシャク,"Pingasa ruginaria (Guenée, 1858)",,
ウスアオアヤシャク,"Pingasa aigneri Prout, 1930",,
アカオビアヤシャク,"Herochroma cristata (Warren, 1894)",,
オオアヤシャク,"Pachista superans (Butler, 1878)",,
ウスアオシャク,"Dindica virescens (Butler, 1878)",,
チズモンアオシャク,"Agathia carissima Butler, 1878",,
アシブトチズモンアオシャク,"Agathia visenda Butler, 1880",,
マダラチズモンアオシャク,"Agathia lycaenaria (Kollar, 1844)",,
ヤエヤマチズモンアオシャク,"Agathia laetata (Fabricius, 1794)",,
オガサワラチズモンアオシャク,"Agathia ichnospora Prout, 1934",,
カビラアオシャク,"Ornithospila bipunctata Prout, 1916",,
アトヘリアオシャク,"Aracima muscosa Butler, 1878",,
ノコバアオシャク,"Timandromorpha enervata Inoue, 1944",,
ヒメカギバアオシャク,"Mixochlora vittata (Moore, 1868)",,
カギバアオシャク,"Tanaorhinus reciprocata (Walker, 1861)",,
オオシロオビアオシャク,"Geometra papilionaria (Linnaeus, 1758)",,
シロオビアオシャク,"Geometra sponsaria (Bremer, 1864)",,
マエモンシロスジアオシャク,"Geometra ussuriensis (Sauber, 1915)",,
カギシロスジアオシャク,"Geometra dieckmanni Graeser, 1889",,
クロスジアオシャク,"Geometra valida Felder & Rogenhofer, 1875)",,
コシロオビアオシャク,"Geometra glaucaria Ménétriès, 1859",,
キマエアオシャク,"Neohipparchus vallata (Butler, 1878)",,
ヒメシロフアオシャク,"Eucyclodes infracta (Wileman, 1911)",,
シロフアオシャク,"Eucyclodes difficta (Walker, 1861)",,
クスアオシャク,"Pelagodes subquadraria (Inoue, 1976)",,
オオサザナミシロアオシャク,"Pelagodes antiquadraria (Inoue, 1976)",,
ヒメサザナミアオシャク,"Pelagodes proquadraria (Inoue, 1976)",,
チビサザナミシロアオシャク,"Pelagodes ogasawarensis (Inoue, 1994)",,
サザナミシロアオシャク,"Thalassodes intaminata Inoue, 1971",,
トガリサザナミシロアオシャク,"Thalassodes supracutipennis Inoue, 1994)",,
ナミガタウスキアオシャク,"Jodis lactearia (Linnaeus, 1758)",,
ヒメナミガタアオシャク,"Jodis placida Inoue, 1986",,
ヒメウスアオシャク,"Jodis putata (Linnaeus, 1758)",,
マルモンヒメアオシャク,"Jodis praerupta (Butler, 1878)",,
ウスキヒメアオシャク,"Jodis urosticta Prout, 1930",,
スカシヒメアオシャク,"Jodis amamiensis Inoue, 1982",,
ウスミズアオシャク,"Jodis argutaria (Walker, 1866)",,
コガタヒメアオシャク,"Jodis orientalis Wehrli, 1923",,
オオナミガタアオシャク,"Jodis dentifascia Warren, 1897",,
スジモンツバメアオシャク,"Maxates albistrigata (Warren, 1895)",,
ツバメアオシャク,"Maxates ambigua (Butler, 1878)",,
ズグロツバメアオシャク,"Maxates fuscofrons (Inoue, 1954)",,
ヒロバツバメアオシャク,"Maxates illiturata (Walker, 1863)",,
サキシマツバメアオシャク,"Maxates versicauda (Prout, 1920)",,
ヒメツバメアオシャク,"Maxates protrusa (Butler, 1878)",,
ハガタツバメアオシャク,"Maxates grandificaria (Graeser, 1890)",,
スジツバメアオシャク,"Aoshakuna lucia (Thierry-Mieg, 1917)",,
コガタアオシャク,"Microloxia chlorissodes Prout, 1912",,
キバラヒメアオシャク,"Hemithea aestivaria (Hübner, 1799)",,
ハラアカヒメアオシャク,"Hemithea beethoveni Inoue, 1942",,
ヘリグロヒメアオシャク,"Hemithea tritonaria (Walker, 1863)",,
アオスジアオシャク,"Hemithea marina (Butler, 1878)",,
コウスアオシャク,"Chlorissa obliterata (Walker, 1863)",,
ハラアカアオシャク,"Chlorissa amphitritaria (Oberthür, 1879)",,
ウスハラアカアオシャク,"Chlorissa inornata (Matsumura, 1925)",,
ホソバハラアカアオシャク,"Chlorissa anadema (Prout, 1930)",,
ナミスジコアオシャク,"Idiochlora ussuriaria (Bremer, 1864)",,
オキナワコアオシャク,"Idiochlora minuscula (Inoue, 1986)",,
ヒメアオシャク,"Idiochlora takahashii (Inoue, 1982)",,
ヘリアカトガリアオシャク,"Pamphlebia rubrolimbraria (Guenée, 1858)",,
マルバネヘリアカトガリアオシャク,"Pamphlebia rotunda Kaneko & Funakoshi, 2018",,
アカアシアオシャク,"Culpinia diffusa (Walker, 1861)",,
ハガタアオシャク,"Thalera rubrifimbria Inoue, 1990",,
ウラジロアオシャク,"Spaniocentra hollowayi Inoue, 1986",,
ヨツモンマエジロアオシャク,"Comibaena procumbaria (Pryer, 1877)",,
アマミヨツモンアオシャク,"Comibaena insulana Inoue, 1986",,
ヨツテンアオシャク,"Comibaena diluta (Warren, 1895)",,
ヘリジロヨツメアオシャク,"Comibaena amoenaria (Oberthür, 1880)",,
ギンスジアオシャク,"Comibaena argentataria (Leech, 1897)",,
クロモンアオシャク,"Comibaena delicatior (Warren, 1897)",,
ミナミクロモンアオシャク,"Comibaena subdelicata Inoue, 1986",,
カラフトウスアオシャク,"Comibaena ingrata (Wileman, 1911)",,
ナミガタフタスジアオシャク,"Thetidia smaragdaria (Fabricius, 1787)",,
ヨツメアオシャク,"Thetidia albocostaria (Bremer, 1864)",,
コシロスジアオシャク,"Hemistola veneta (Butler, 1879)",,
ヘリクロテンアオシャク,"Hemistola dijuncta (Walker, 1861)",,
ハガタキスジアオシャク,"Hemistola tenuilinea (Alphéraky, 1897)",,
チビムジアオシャク,"Mujiaoshakua plana (Wileman, 1911)",,
コヨツメアオシャク,"Comostola subtiliaria (Bremer, 1864)",,
アカホシヒメアオシャク,"Comostola rubripunctata (Warren, 1909)",,
アカヘリミズアオシャク,"Comostola pyrrhogona (Walker, 1866)",,
アカヘリヒメアオシャク,"Eucrostes disparata Walker, 1861",,
シロモンアオヒメシャク,"Dithecodes erasa Warren, 1900",,
フタナミトビヒメシャク,"Pylargosceles steganioides (Butler, 1878)",,
ベニスジヒメシャク,"Timandra recompta (Prout, 1930)",,
サキシマベニスジヒメシャク,"Timandra sakishimensis (Inoue, 1971)",,
トガリベニスジヒメシャク,"Timandra convectaria Walker, 1861",,
コベニスジヒメシャク,"Timandra comptaria Walker, 1863",,
フトベニスジヒメシャク,"Timandra apicirosea (Prout, 1935)",,
ウスベニスジヒメシャク,"Timandra dichela (Prout, 1935)",,
マエアカヒメシャク,"Traminda aventiaria (Guenée, 1858)",,
モモイロヒメシャク,"Chrysocraspeda sanguinea Warren, 1896",,
ビンガタヒメシャク,"Chrysocraspeda faganaria (Guenée, 1858)",,
ヨツメヒメシャク,"Cyclophora albipunctata (Hufnagel, 1767)",,
ヤナギタマダラヒメシャク,"Cyclophora yanagitai Kaneko, 2019",,
シロモンウスチャヒメシャク,"Organopoda carnearia (Walker, 1861)",,
クロモンウスチャヒメシャク,"Perixera absconditaria (Walker, 1863)",,
コガタウスチャヒメシャク,"Perixera minorata (Warren, 1897)",,
クロテンウスチャヒメシャク,"Perixera obrinaria (Guenée, 1858)",,
コブウスチャヒメシャク,"Perixera illepidaria (Guenée, 1858)",,
オキナワウスチャヒメシャク,"Perixera obliviaria (Walker, 1861)",,
マダラウスチャヒメシャク,"Perixera sarawackaria (Guenée, 1858)",,
クスイウスチャヒメシャク,"Perixera niveopuncta (Warren, 1897)",,
フタツメオオシロヒメシャク,"Problepsis albidior Warren, 1899",,
ツシマオオシロヒメシャク,"Problepsis eucircota Prout, 1913",,
ウススジオオシロヒメシャク,"Problepsis plagiata (Butler, 1881)",,
クロスジオオシロヒメシャク,"Problepsis diazoma Prout, 1938",,
ヒトツメオオシロヒメシャク,"Problepsis superans (Butler, 1885)",,
ウンモンオオシロヒメシャク,"Somatina indicataria (Walker, 1861)",,
ミドリヒメシャク,"Antitrygodes divisaria (Walker, 1861)",,
クシヒゲハイイロヒメシャク,"Antilycauges pinguis (Swinhoe, 1902)",,
コヒメシャク,"Scopula virgulata (Denis & Schiffermüller, 1775)",,
ヘリグロヒメシャク,"Scopula luridata (Zeller, 1847)",,
ウスアカヒメシャク,"Scopula caesaria (Walker, 1861)",,
シロヒメシャク,"Scopula nivearia (Leech, 1897)",,
マエキヒメシャク,"Scopula nigropunctata (Hufnagel, 1767)",,
モントビヒメシャク,"Scopula modicaria (Leech, 1897)",,
アキヨシヒメシャク,"Scopula akiyoshiana Kaneko, 2016",,
クロテンシロヒメシャク,"Scopula apicipunctata (Christoph, 1881)",,
タカオシロヒメシャク,"Scopula takao Inoue, 1954",,
サカハチヒメシャク,"Scopula hanna (Butler, 1878)",,
ウラナミヒメシャク,"Scopula corrivalaria (Kretschmar, 1862)",,
ウスキトガリヒメシャク,"Scopula confusa (Butler, 1878)",,
ナミスジチビヒメシャク,"Scopula personata (Prout, 1913)",,
チビシロヒメシャク,"Scopula kawabei Inoue, 1982",,
ミナミウスキヒメシャク,"Scopula remotata (Guenée, 1858)",,
ミスジハイイロヒメシャク,"Scopula cineraria (Leech, 1897)",,
ツシマホソバハイイロヒメシャク,"Scopula tsushimana Kaneko, 2018",,
ハイイロヒメシャク,"Scopula impersonata (Walker, 1861)",,
キトガリヒメシャク,"Scopula emissaria (Walker, 1861)",,
ハスジトガリヒメシャク,"Scopula ichinosawana (Matsumura, 1925)",,
フチグロシロヒメシャク,"Scopula ornata (Scopoli, 1765)",,
ウラモンクロスジヒメシャク,"Scopula limbata (Wileman, 1915)",,
オオクロテンヒメシャク,"Scopula praesignipuncta Prout, 1920",,
サツマヒメシャク,"Scopula satsumaria (Leech, 1897)",,
キスジシロヒメシャク,"Scopula asthena Inoue, 1943",,
シベチャシロヒメシャク,"Scopula supernivearia Inoue, 1963",,
キナミシロヒメシャク,"Scopula superior (Butler, 1878)",,
クロスジシロヒメシャク,"Scopula pudicaria (Motschulsky, 1861)",,
マルバヒメシャク,"Scopula duplinupta Inoue, 1982",,
ヤスジマルバヒメシャク,"Scopula floslactata Haworth, 1809",,
アメイロヒメシャク,"Scopula tenuisocius Inoue, 1942",,
ウラテンシロヒメシャク,"Scopula subpunctaria (Herrich-Schäffer, 1847)",,
ウラクロスジシロヒメシャク,"Scopula prouti Djakonov, 1935",,
サザナミシロヒメシャク,"Scopula nupta (Butler, 1878)",,
ヨツボシウスキヒメシャク,"Scopula superciliata (Prout, 1913)",,
オキナワクロテンヒメシャク,"Scopula nesciaria (Walker, 1861)",,
ミナミヒメシャク,"Scopula emma (Prout, 1913)",,
ウスウラナミヒメシャク,"Scopula longicerata Inoue, 1955",,
ウスサカハチヒメシャク,"Scopula semignobilis Inoue, 1942",,
ミチノクヒメシャク,"Scopula michinoku Sato, 1994",,
クリームヒメシャク,"Scopula gilva Sato, 1993",,
ウスキクロテンヒメシャク,"Scopula ignobilis (Warren, 1901)",,
ナガサキヒメシャク,"Scopula plumbearia (Leech, 1881)",,
ギンバネヒメシャク,"Scopula epiorrhoe Prout, 1935",,
シモフリシロヒメシャク,"Scopula coniaria (Prout, 1913)",,
タイワントガリヒメシャク,"Scopula pulchellata (Fabricius, 1794)",,
オキナワトガリヒメシャク,"Scopula anisopleura Inoue, 1982",,
イリオモテトガリヒメシャク,"Scopula eulomata (Snellen, 1877)",,
ミナミハイイロヒメシャク,"Scopula hypochra (Meyrick, 1888)",,
ベニヒメシャク,"Idaea muricata (Hufnagel, 1767)",,
オビベニヒメシャク,"Idaea nielseni (Hedemann, 1879)",,
キオビベニヒメシャク,"Idaea impexa (Butler, 1879)",,
フチベニヒメシャク,"Idaea jakima (Butler, 1878)",,
マエベニヒメシャク,"Idaea obliteraria (Leech, 1879)",,
コフチベニヒメシャク,"Idaea okinawensis Inoue, 1982",,
クロテントビヒメシャク,"Idaea foedata (Butler, 1879)",,
ウスクロテンヒメシャク,"Idaea salutaria (Christoph, 1881)",,
クロオビキヒメシャク,"Idaea terpnaria (Prout, 1913)",,
シタベニヒメシャク,"Idaea roseomarginaria (Inoue, 1958)",,
キヒメシャク,"Idaea nudaria (Christoph, 1881)",,
ヨスジキヒメシャク,"Idaea auricruda (Butler, 1879)",,
ホソスジキヒメシャク,"Idaea remissa (Wileman, 1911)",,
ウスキヒカリヒメシャク,"Idaea nitidata (Herrich-Schäffer, 1861)",,
ウスジロヒカリヒメシャク,"Idaea promiscuaria (Leech, 1897)",,
ウスモンキヒメシャク,"Idaea denudaria (Prout, 1913)",,
オオウスモンキヒメシャク,"Idaea imbecilla (Inoue, 1955)",,
ウスキヒメシャク,"Idaea biselata (Hufnagel, 1767)",,
オイワケヒメシャク,"Idaea invalida (Butler, 1879)",,
ミジンキヒメシャク,"Idaea trisetata (Prout, 1922)",,
チビキヒメシャク,"Idaea neovalida (Inoue, 1958)",,
サキシマキヒメシャク,"Idaea contravalida Inoue, 1982",,
サクライキヒメシャク,"Idaea sakuraii (Inoue, 1963)",,
クロモンチビヒメシャク,"Idaea crassipuncta (Inoue, 1971)",,
ツシマキヒメシャク,"Idaea paravalida Sato, 1988",,
タナカヒメシャク,"Idaea tanakai Sato, 1994",,
キュウシュウヒメシャク,"Idaea kyushuensis Sato, 1994",,
モンウスキヒメシャク,"Idaea effusaria (Christoph, 1881)",,
エゾキヒメシャク,"Idaea aversata (Linnaeus, 1758)",,
カラフトヒメシャク,"Idaea straminata (Borkhausen, 1794)",,
アトベニヒメシャク,"Idaea postrubra Kaneko, 2012",,
ツマアカナミシャク,"Aplocera perelegans (Warren, 1894)",,
ルリオビナミシャク,"Acasis viretata (Hübner, 1799)",,
テンオビナミシャク,"Acasis appensata (Eversmann, 1842)",,
アヤコバネナミシャク,"Acasis bellaria (Leech, 1891)",,
シロオビコバネナミシャク,"Neopachrophilla albida Inoue, 1955",,
ハネナガコバネナミシャク,"Trichopteryx polycommata (Denis & Schiffermüller, 1775)",,
シロテンコバネナミシャク,"Trichopteryx grisearia (Leech, 1891)",,
シロシタコバネナミシャク,"Trichopteryx fastuosa Inoue, 1958",,
シタコバネナミシャク,"Trichopteryx hemana (Butler, 1878)",,
ハイイロコバネナミシャク,"Trichopteryx ignorata Inoue, 1958",,
チャオビコバネナミシャク,"Trichopteryx terranea (Butler, 1878)",,
ヒメシタコバネナミシャク,"Trichopteryx microloba Inoue, 1943",,
クロシタコバネナミシャク,"Trichopteryx misera (Butler, 1879)",,
チャマダラコバネナミシャク,"Trichopteryx nagaii Inoue, 1958",,
ウスオビコバネナミシャク,"Trichopteryx incerta Yazaki, 1978",,
ウスミドリコバネナミシャク,"Trichopteryx miracula Inoue, 1942",,
オビコバネナミシャク,"Trichopteryx muscigera (Butler, 1881)",,
マダラコバネナミシャク,"Trichopteryx ussurica (Wehrli, 1927)",,
クロオビシロナミシャク,"Trichopteryx ustata (Christoph, 1881)",,
ホソクロオビシロナミシャク,"Trichopteryx auricilla Inoue, 1955",,
ウスベニスジナミシャク,"Esakiopteryx volitans (Butler, 1878)",,
ウスアカモンナミシャク,"Trichopterigia consobrinaria (Leech, 1891)",,
アカモンナミシャク,"Trichopterigia costipunctaria Leech, 1897",,
シロシタヒメナミシャク,"Lobophora halterata (Hufnagel, 1769)",,
アトスジグロナミシャク,"Epilobophora obscuraria (Leech, 1891)",,
クロフシロナミシャク,"Otoplecta frigida (Butler, 1878)",,
ゴマダラシロナミシャク,"Naxidia maculata (Butler, 1879)",,
ヒメゴマダラシロナミシャク,"Naxidia semiobscura Inoue, 1955",,
ホシスジトガリナミシャク,"Carige cruciplaga (Walker, 1861)",,
ヒロバトガリナミシャク,"Carige irrorata (Butler, 1879)",,
ホソバトガリナミシャク,"Carige scutilimbata Prout, 1936",,
ウスキクロスジナミシャク,"Carige obsoleta (Inoue, 1971)",,
モンクロキイロナミシャク,"Stamnodes danilovi Erschoff, 1877",,
シロオビクロナミシャク,"Trichobaptria exsecuta (Felder & Rogenhofer, 1875)",,
シラフシロオビナミシャク,"Trichodezia kindermanni (Bremer, 1864)",,
シロホソオビクロナミシャク,"Baptria tibiale (Esper, 1791)",,
サキシマウスクモナミシャク,"Heterophleps endoi Inoue, 1982",,
ミツボシナミシャク,"Heterophleps pallescens (Warren, 1896)",,
アオナミシャク,"Leptostegna tenerata Christoph, 1881",,
ホソバナミシャク,"Tyloptera bella (Butler, 1878)",,
シラユキナミシャク,"Palaeomystis mabillaria (Poujade, 1895)",,
キリバネホソナミシャク,"Brabira artemidora (Oberthür, 1884)",,
チャホシホソバナミシャク,"Brabira kasaii Sato, 1986",,
ミナミヒゲブトナミシャク,"Sauris interruptata (Moore, 1888)",,
ヒゲブトナミシャク,"Sauris nanaria Leech, 1897",,
コバネヒゲブトナミシャク,"Sauris marginepunctata (Warren, 1899)",,
テングホソナミシャク,"Sauris angustifasciata (Inoue, 1976)",,
ハラアオヒゲブトナミシャク,"Sauris chlorosterna Hashimoto, 2019",,
オビムラサキヒゲブトナミシャク,"Sauris purpurotincta Galsworthy, 1999",,
ナンカイヒゲブトナミシャク,"Sauris hirudinata Guenée, 1858",,
ウスミドリナミシャク,"Episteira nigrilinearia (Leech, 1897)",,
マダラヒゲブトナミシャク,"Episteira eupena (Prout, 1936)",,
ミドリホソナミシャク,"Phthonoloba viridifasciata (Inoue, 1963)",,
ヨスジナミシャク,"Xanthorhoe quadrifasciata (Clerck, 1759)",,
キタミナミシャク,"Xanthorhoe separata Inoue, 2004",,
アカマダラシマナミシャク,"Xanthorhoe dentipostmediana Inoue, 1954",,
ハングロナミシャク,"Xanthorhoe semilactescens Inoue, 1982",,
フトジマナミシャク,"Xanthorhoe saturata (Guenée, 1858)",,
トビスジコナミシャク,"Xanthorhoe designata (Hufnagel, 1867)",,
ナカクロオビナミシャク,"Xanthorhoe purpureofascia Inoue, 1982",,
ウスイロトビスジナミシャク,"Costaconvexa caespitaria (Christoph, 1881)",,
ハコベナミシャク,"Euphyia cineraria (Butler, 1878)",,
ムツテンナミシャク,"Catarhoe yokohamae (Butler, 1881)",,
ハチノジクロナミシャク,"Pseudobaptria corydalaria (Graeser, 1889)",,
ニッコウナミシャク,"Amoebotricha grataria (Leech, 1891)",,
ミカヅキナミシャク,"Earophila correlata (Warren, 1901)",,
ウラウスキナミシャク,"Protonebula umbrifera (Butler, 1879)",,
タテスジナミシャク,"Pareulype consanguinea (Butler, 1878)",,
チャイロナミシャク,"Pelurga comitata (Linnaeus, 1758)",,
クロアシナミシャク,"Pelurga taczanowskiaria (Oberthür, 1880)",,
ネスジナミシャク,"Pelurga onoi (Inoue, 1965)",,
ヒメキンオビナミシャク,"Electrophaes recens Inoue, 1982",,
サザナミナミシャク,"Entephria caesiata (Denis & Schiffermüller, 1775)",,
シロテンサザナミナミシャク,"Entephria amplicosta Inoue, 1955",,
ナカモンキナミシャク,"Idiotephria evanescens (Staudinger, 1897)",,
モンキキナミシャク,"Idiotephria amelia (Butler, 1878)",,
ギフウスキナミシャク,"Idiotephria debilitata (Leech, 1891)",,
ヤナギナミシャク,"Hydriomena furcata (Thunberg, 1784)",,
ヒロオビナミシャク,"Hydriomena impluviata (Denis & Schiffermüller, 1775)",,
マエモンオオナミシャク,"Triphosa sericata (Butler, 1879)",,
クモオビナミシャク,"Triphosa umbraria (Leech, 1891)",,
クロヤエナミシャク,"Triphosa vashti (Butler, 1878)",,
シロモンオオナミシャク,"Rheumaptera albiplaga (Oberthür, 1866)",,
キボシヤエナミシャク,"Rheumaptera neocervinalis Inoue, 1982",,
ヤエナミシャク,"Rheumaptera undulata (Linnaeus, 1758)",,
ツマグロヤエナミシャク,"Rheumaptera inanata (Christoph, 1881)",,
エゾヤエナミシャク,"Philereme corrugata (Butler, 1884)",,
ネグロウスベニナミシャク,"Photoscotosia atrostrigata (Bremer, 1864)",,
オオネグロウスベニナミシャク,"Photoscotosia lucicolens (Butler, 1878)",,
テンヅマナミシャク,"Telenomeuta punctimarginaria (Leech, 1891)",,
オオナミシャク,"Gandaritis maculata Swinhoe, 1894",,
キベリシロナミシャク,"Gandaritis placida (Butler, 1878)",,
ツマキシロナミシャク,"Gandaritis whitelyi (Butler, 1878)",,
ナミガタシロナミシャク,"Callabraxas compositata (Guenée, 1858)",,
フトシロオビナミシャク,"Callabraxas tokunoshimaensis Nakajima, 2014",,
ウストビモンナミシャク,"Eulithis ledereri (Bremer, 1864)",,
キジマソトグロナミシャク,"Eulithis pyropata (Hübner, 1809)",,
アトクロナミシャク,"Lampropteryx minna (Butler, 1881)",,
チビアトクロナミシャク,"Lampropteryx otregiata Metcalfe, 1917",,
ヒダカアトクロナミシャク,"Lampropteryx suffumata (Denis & Schiffermüller, 1775)",,
ナワメナミシャク,"Lampropteryx jameza (Butler, 1878)",,
セスジナミシャク,"Evecliptopera illitata (Wileman, 1911)",,
ソトキナミシャク,"Ecliptopera pryeri (Butler, 1881)",,
ミヤマアミメナミシャク,"Eustroma aerosa (Butler, 1878)",,
キアミメナミシャク,"Eustroma japonica Inoue, 1986",,
ホソスジナミシャク,"Lobogonodes complicata (Butler, 1879)",,
シロホソスジナミシャク,"Lobogonodes multistriata (Butler, 1889)",,
ビロードナミシャク,"Sibatania mactata (Felder & Rogenhofer, 1875)",,
キスジビロードナミシャク,"Sibatania arizana (Wileman, 1911)",,
ウスキナカジロナミシャク,"Dysstroma infuscata (Tengström, 1869)",,
アルプスナカジロナミシャク,"Dysstroma pseudimmanata Heydemann, 1929",,
シロマダラナミシャク,"Dysstroma albicoma (Inoue, 1954)",,
ネアカナカジロナミシャク,"Paradysstroma corussaria (Oberthür, 1880)",,
オオクロオビナミシャク,"Praethera praefecta (Prout, 1914)",,
ミヤマクロオビナミシャク,"Praethera anomala (Inoue, 1954)",,
クロオビナミシャク,"Pennithera comis (Butler, 1879)",,
ウスクロオビナミシャク,"Pennithera abolla (Inoue, 1943)",,
モトクロオビナミシャク,"Heterothera quadrifulta (Prout, 1938)",,
マダラクロオビナミシャク,"Heterothera serrataria (Prout, 1914)",,
フタクロテンナミシャク,"Xenortholitha propinguata (Kollar, 1844)",,
ナミスジフユナミシャク,"Operophtera brunnea Nakajima, 1991",,
ユキノコフユナミシャク,"Operophtera mizunoi Nakajima, 2020",,
イチモジフユナミシャク,"Operophtera rectipostmediana Inoue, 1942",,
サザナミフユナミシャク,"Operophtera japonaria (Leech, 1891)",,
ヒメクロオビフユナミシャク,"Operophtera crispifascia Inoue, 1982",,
ミドリアキナミシャク,"Epirrita viridipurpurescens (Prout, 1937)",,
ナカオビアキナミシャク,"Nothoporinia mediolineata (Prout, 1914)",,
シロオビマルバナミシャク,"Solitanea defricata (Püngeler, 1903)",,
トビスジトガリナミシャク,"Zola terranea (Butler, 1879)",,
ミヤマナミシャク,"Venusia cambrica Curtis, 1839",,
クロスジカバイロナミシャク,"Venusia laria Oberthür, 1893",,
キモンハイイロナミシャク,"Venusia blomeri (Curtis, 1832)",,
マエモンハイイロナミシャク,"Venusia semistrigata (Christoph, 1881)",,
フタモンコナミシャク,"Venusia megaspilata (Warren, 1895)",,
ナナスジナミシャク,"Venusia phasma (Butler, 1879)",,
キスジハイイロナミシャク,"Hydrelia sylvata (Denis & Schiffermüller, 1775)",,
ホソスジハイイロナミシャク,"Hydrelia gracilipennis Inoue, 1982",,
チビヒメナミシャク,"Hydrelia shioyana (Matsumura, 1927)",,
カバイロヒメナミシャク,"Hydrelia adesma Prout, 1930",,
テンスジヒメナミシャク,"Hydrelia nisaria (Christoph, 1881)",,
マダラウスナミシャク,"Hydrelia bicauliata Prout, 1914",,
キヒメナミシャク,"Hydrelia flammeolaria (Hufnagel, 1767)",,
ハンノナミシャク,"Euchoeca nebulata (Scopoli, 1763)",,
ヘリスジナミシャク,"Eschatarchia lineata Warren, 1894",,
ウステンシロナミシャク,"Asthena amurensis (Staudinger, 1897)",,
ムスジシロナミシャク,"Asthena nymphaeata (Staudinger, 1897)",,
マンサクシロナミシャク,"Asthena hamadryas Inoue, 1976",,
キムジシロナミシャク,"Asthena corculina Butler, 1878",,
フタマタシロナミシャク,"Asthena ochrifasciaria Leech, 1897",,
カラフトシロナミシャク,"Asthena sachalinensis (Matsumura, 1925)",,
キマダラシロナミシャク,"Asthena octomacularia Leech, 1897",,
スカシシロナミシャク,"Asthena undulata (Wileman, 1915)",,
ハガタチビナミシャク,"Hastina subfalcaria (Christoph, 1881)",,
フタオモドキナミシャク,"Macrohastina azela (Butler, 1878)",,
キイロナミシャク,"Pseudostegania defectata (Christoph, 1881)",,
セグロナミシャク,"Laciniodes unistirpis (Butler, 1878)",,
キベリヒメナミシャク,"Eois grataria (Walker, 1861)",,
マエチャナミシャク,"Acolutha pictaria (Moore, 1888)",,
ハガタマエチャナミシャク,"Acolutha pulchella (Hampson, 1891)",,
アカモンコナミシャク,"Palpoctenidia phoenicosoma (Swinhoe, 1895)",,
ハネナガナミシャク,"Physetobasis dentifascia Hampson, 1895",,
ハマダラナミシャク,"Pomasia denticlathrata Warren, 1893",,
ウスカバスジナミシャク,"Martania taeniata (Stephens, 1831)",,
ヒメカバスジナミシャク,"Martania saxea (Wileman, 1911)",,
コカバスジナミシャク,"Martania fulvida (Butler, 1881)",,
キオビカバスジナミシャク,"Martania minimata (Staudinger, 1897)",,
クロカバスジナミシャク,"Gagitodes parvaria (Leech, 1891)",,
ヤハズナミシャク,"Gagitodes sagittata (Fabricius, 1787)",,
ミヤマチビナミシャク,"Perizoma japonica Inoue, 1955",,
ウスモンチビナミシャク,"Perizoma contrita (Prout, 1913)",,
ハガタオビコナミシャク,"Perizoma alchemillata (Linnaeus, 1758)",,
フタオビカバナミシャク,"Perizoma haasi (Hedemann, 1881)",,
オオクロテンカバナミシャク,"Eupithecia abietaria (Goeze, 1781)",,
ダイセツクロテンカバナミシャク,"Eupithecia analoga Djakonov, 1926",,
フトオビヒメナミシャク,"Eupithecia gigantea Staudinger, 1897",,
ウスアカチビナミシャク,"Eupithecia rufescens Butler, 1878",,
ナカオビカバナミシャク,"Eupithecia subbreviata Staudinger, 1897",,
ウスカバナミシャク,"Eupithecia proterva Butler, 1878",,
モンウスカバナミシャク,"Eupithecia clavifera Inoue, 1955",,
マエナミカバナミシャク,"Eupithecia niphonaria Leech, 1897",,
マエテンカバナミシャク,"Eupithecia costiconvexa Inoue, 1979",,
ヒコサンカバナミシャク,"Eupithecia antivulgaria Inoue, 1965",,
ソトカバナミシャク,"Eupithecia signigera Butler, 1879",,
ナガイカバナミシャク,"Eupithecia nagaii Inoue, 1963",,
アキカバナミシャク,"Eupithecia subfumosa Inoue, 1965",,
ヒメカバナミシャク,"Eupithecia aritai Inoue, 1977",,
ナカアオナミシャク,"Eupithecia sophia Butler, 1878",,
エゾチビナミシャク,"Eupithecia jezonica Matsumura, 1927",,
オオモンカバナミシャク,"Eupithecia okadai Inoue, 1958",,
ヤスジカバナミシャク,"Eupithecia mandschurica Staudinger, 1897",,
クロテンヤスジカバナミシャク,"Eupithecia interpunctaria Inoue, 1979",,
ホソチビナミシャク,"Eupithecia absinthiata (Clerck, 1759)",,
ホタカカバナミシャク,"Eupithecia korbi Dietze, 1908",,
セアカカバナミシャク,"Eupithecia quadripunctata Warren, 1888",,
フタモンカバナミシャク,"Eupithecia repentina Vojnits & Laever, 1978",,
ハラキカバナミシャク,"Eupithecia subtacincta Hampson, 1895",,
ミジンカバナミシャク,"Eupithecia addictata Dietze, 1908",,
イイジマカバナミシャク,"Eupithecia thalictrata Püngeler, 1902",,
ウスイロヤスジカバナミシャク,"Eupithecia kurilensis Bryk, 1942",,
ウラモンウストビナミシャク,"Eupithecia scribai Prout, 1938",,
ウストビナミシャク,"Eupithecia amplexata Christoph, 1881",,
オオウストビナミシャク,"Eupithecia pernotata Guenée, 1858",,
アルプスカバナミシャク,"Eupithecia veratraria Herrich-Schäffer, 1848",,
シロマダラカバナミシャク,"Eupithecia extensaria (Freyer, 1844)",,
シタジロカバナミシャク,"Eupithecia conterminata (Zeller, 1846)",,
ミスジカバナミシャク,"Eupithecia neosatyrata Inoue, 1979",,
アミモンカバナミシャク,"Eupithecia insignioides Wehrli, 1923",,
カラスナミシャク,"Eupithecia caliginea Butler, 1878",,
ジンボカバナミシャク,"Eupithecia jinboi Inoue, 1976",,
カメダカバナミシャク,"Eupithecia detritata Staudinger, 1897",,
オビカバナミシャク,"Eupithecia selinata Herrich-Schäffer, 1861",,
チャバネカバナミシャク,"Eupithecia kobayashii Inoue, 1958",,
スジグロカバナミシャク,"Eupithecia supercastigata Inoue, 1958",,
クロモンカバナミシャク,"Eupithecia consortaria Leech, 1897",,
ウラモンカバナミシャク,"Eupithecia actaeata Walderdorff, 1869",,
ミヤマカバナミシャク,"Eupithecia impavida Vojnits, 1979",,
フジカバナミシャク,"Eupithecia groenblomi Urbahn, 1969",,
ツシマカバナミシャク,"Eupithecia persuastrix Mironov, 1990",,
ハネナガカバナミシャク,"Eupithecia takao Inoue, 1955",,
クロスジカバナミシャク,"Eupithecia ancillata Mironov & Galsworthy, 2004",,
シロテンカバナミシャク,"Eupithecia tripunctaria Herrich-Schäffer, 1855",,
クニガミカバナミシャク,"Eupithecia ryukyuensis Inoue, 1971",,
トシマカバナミシャク,"Eupithecia tenuisquama (Warren, 1896)",,
クロシオカバナミシャク,"Eupithecia kuroshio Inoue, 1980",,
クロテンカバナミシャク,"Eupithecia emanata Dietze, 1908",,
アザミカバナミシャク,"Eupithecia virgaureata Doubleday, 1861",,
ホソカバスジナミシャク,"Eupithecia lariciata (Freyer, 1842)",,
マダラカバスジナミシャク,"Eupithecia tantilloides Inoue, 1958",,
シコクカバナミシャク,"Eupithecia shikokuensis Inoue, 1980",,
マスイカバナミシャク,"Eupithecia pusillata (Denis & Schiffermüller, 1775)",,
キナミウスグロナミシャク,"Eupithecia subfuscata (Haworth, 1809)",,
ウススジヒメカバナミシャク,"Eupithecia homogrammata Dietze, 1908",,
ムネシロテンカバナミシャク,"Eupithecia maenamiella Inoue, 1980",,
グンマカバナミシャク,"Eupithecia ebriosa Vojnits, 1979",,
ナカグロチビナミシャク,"Eupithecia daemionata Dietze, 1903",,
ヨホシナミシャク,"Eupithecia costimacularia Leech, 1897",,
ヤクシマカバナミシャク,"Eupithecia yakushimensis Inoue, 1980",,
クロマダラカバナミシャク,"Eupithecia pygmaeata (Hübner, 1799)",,
クロバネカバナミシャク,"Eupithecia zibellinata Christoph, 1881",,
チャイロカバナミシャク,"Eupithecia pseudassimilata Viidalepp & Mironov, 1988",,
シロオビカバナミシャク,"Eupithecia suboxydata Staudinger, 1897",,
オガサワラカバナミシャク,"Eupithecia costalis Walker, 1869",,
ナミスジカバナミシャク,"Eupithecia carpophilata Staudinger, 1897",,
ムラサキカバナミシャク,"Girida rigida (Swinhoe, 1892)",,
フタシロスジカバナミシャク,"Mesoptila melanolopha (Swinhoe, 1895)",,
シロモンカバナミシャク,"Pareupithecia spadix (Inoue, 1955)",,
ナカジマチビナミシャク,"Casuariclystis latifascia (Walker, 1866)",,
ホソバチビナミシャク,"Spiralisigna subpumilata (Inoue, 1972)",,
イシガキチビナミシャク,"Eriopithex ishigakiensis (Inoue, 1971)",,
クニガミチビナミシャク,"Eriopithex lanaris Warren, 1896",,
テルクビチビナミシャク,"Gymnoscelis pseudotibialis Holloway, 1997",,
ケブカチビナミシャク,"Gymnoscelis esakii Inoue, 1955",,
ウスチャイロチビナミシャク,"Gymnoscelis albicaudata Warren, 1897",,
トベラクロスジナミシャク,"Gymnoscelis tristrigosa (Butler, 1880)",,
ヒラドチビナミシャク,"Gymnoscelis imparatalis (Walker, 1866)",,
ウスムラサキチビナミシャク,"Gymnoscelis deleta (Hampson, 1891)",,
ユリカチビナミシャク,"Gymnoscelis yurikae Inoue, 2002",,
マルバネチビナミシャク,"Gymnoscelis admixtaria (Walker, 1862)",,
オガサワラチビナミシャク,"Gymnoscelis boninensis Inoue, 1994",,
ウラジロチビナミシャク,"Gymnoscelis montgomeryi Inoue, 1994",,
ウラグロチビナミシャク,"Gymnoscelis melaninfra Inoue, 1994",,
シタベニチビナミシャク,"Gymnoscelis semialbida (Walker, 1866)",,
カギモンチビナミシャク,"Glaucoclystis polyclealis (Walker, 1859)",,
クロテンアオナミシャク,"Glaucoclystis azumai (Inoue, 1971)",,
ミナミチビナミシャク,"Glaucoclystis satoi Inoue, 2002",,
クロスジチビナミシャク,"Glaucoclystis tominagai Yazaki, 2014",,
クロスジアオナミシャク,"Chloroclystis v-ata (Haworth, 1809)",,
アマミアオナミシャク,"Chloroclystis neoconversa Inoue, 1971",,
リンゴアオナミシャク,"Pasiphila rectangulata (Linnaeus, 1758)",,
クロフウスアオナミシャク,"Pasiphila chloerata (Mabille, 1870)",,
ハラアカウスアオナミシャク,"Pasiphila obscura (West, 1929)",,
テンスジアオナミシャク,"Pasiphila debiliata (Hübner, 1817)",,
ウラモンアオナミシャク,"Pasiphila subcinctata (Prout, 1915)",,
チビアオナミシャク,"Pasiphila kumakurai (Inoue, 1958)",,
ソトシロオビナミシャク,"Pasiphila excisa (Butler, 1878)",,
マダラアオナミシャク,"Pasiphila hypopyrrha (West, 1929)",,
アトシロモンカバナミシャク,"Axinoptera anticostalis Galsworthy, 1999",,
サキシマチビナミシャク,"Bosara atypha (Prout, 1958)",,
ヒトスジチビナミシャク,"Bosara kadooriensis Galsworthy, 2003",,
クビレチビナミシャク,"Bosara obliterata Inoue, 2002",,
テングナミシャク,"Collix stellata Warren, 1894",,
オオサビイロナミシャク,"Collix ghosha Walker, 1862",,
トラノオナミシャク,"Anticollix sparsata (Treitschke, 1828)",,
アオスジナミシャク,"Echthrocollix minuta (Butler, 1881)",,
マエフタテンナミシャク,"Herbulotia agilata (Christoph, 1881)",,
トガリバナミシャク,"Horisme stratata (Wileman, 1911)",,
サビイロナミシャク,"Pseudocollix hyperythra (Hampson, 1895)",,
クロテンサビイロナミシャク,"Pseudocollix kawamurai (Inoue, 1972)",,
リュウキュウナカジロナミシャク,"Melanthia catenaria (Moore, 1868)",,
