insect_id,japanese_name,scientific_name,reason
species-3539,カバシャク,"Archiearis parthenias (Linnaeus, 1761)",not_in_input
species-3540,クロフカバシャク,"Archiearis notha (Hübner, 1803)",not_in_input
species-3541,スグリシロエダシャク,"Abraxas grossulariata (Linnaeus, 1758)",not_in_input
species-3542,スギタニシロエダシャク,"Abraxas flavisinuata Warren, 1894",not_in_input
species-3543,キタマダラエダシャク,"Abraxas sylvata (Scopoli, 1763)",not_in_input
species-3544,ヒメマダラエダシャク,"Abraxas niphonibia Wehrli, 1935",not_in_input
species-3551,ヒゲブトシロオビヒメエダシャク,"Lomaspilis mitsuii Sato, 2017",not_in_input
species-3555,サザナミオビエダシャク,"Heterostegane hyriaria Warren, 1894",not_in_input
species-3556,ヤマトエダシャク,"Peratostega deletaria (Moore, 1888)",not_in_input
species-3557,ウチムラサキヒメエダシャク,"Ninodes splendens (Butler, 1878)",not_in_input
species-3558,ワタナベヒメエダシャク,"Ninodes watanabei Inoue, 1976",not_in_input
species-3559,ヘリオビエダシャク,"Hydatocapnia gemina Yazaki, 1990",not_in_input
species-3560,ナミスジシロエダシャク,"Orthocabera tinagmaria (Guenée, 1858)",not_in_input
species-3561,キスジシロエダシャク,"Orthocabera sericea Butler, 1879",not_in_input
species-3562,ホシスジシロエダシャク,"Myrteta punctata (Warren, 1894)",not_in_input
species-3563,クロミスジシロエダシャク,"Myrteta angelica Butler, 1881",not_in_input
species-3564,ミスジシロエダシャク,"Taeniophila unio (Oberthür, 1880)",not_in_input
species-3565,フタオビシロエダシャク,"Lamprocabera candidaria (Leech, 1897)",not_in_input
species-3566,マエキシロエダシャク,"Lomographa inamata (Walker, 1861)",not_in_input
species-3567,クロズウスキエダシャク,"Lomographa simplicior (Butler, 1881)",not_in_input
species-3568,フタホシシロエダシャク,"Lomographa bimaculata (Fabricius, 1775)",not_in_input
species-3569,バラシロエダシャク,"Lomographa temerata (Denis & Schiffermüller, 1775)",not_in_input
species-3570,ウスフタスジシロエダシャク,"Lomographa subspersata (Wehrli, 1939)",not_in_input
species-3571,オオフタスジシロエダシャク,"Lomographa claripennis Inoue, 1977",not_in_input
species-3573,ミスジコナフエダシャク,"Cabera insulata Inoue, 1958",not_in_input
species-3574,ヒラヤマシロエダシャク,"Cabera schaefferi Bremer, 1864",not_in_input
species-3575,コスジシロエダシャク,"Cabera purus (Butler, 1878)",not_in_input
species-3576,アトグロアミメエダシャク,"Cabera griseolimbata (Oberthür, 1879)",not_in_input
species-3577,フタスジウスキエダシャク,"Parabapta aetheriata (Graeser, 1889)",not_in_input
species-3578,イハラエダシャク,"Parabapta iharai Yazaki, 1989",not_in_input
species-3579,ウスアオエダシャク,"Parabapta clarissa (Butler, 1878)",not_in_input
species-3580,フタスジオエダシャク,"Rhynchobapta cervinaria (Moore, 1888)",not_in_input
species-3581,シロミャクオエダシャク,"Rhynchobapta eburnivena (Warren, 1896)",not_in_input
species-3582,マエキオエダシャク,"Plesiomorpha flaviceps (Butler, 1881)",not_in_input
species-3583,モンオビオエダシャク,"Plesiomorpha punctilinearia (Leech, 1891)",not_in_input
species-3584,フタモントガリエダシャク,"Nadagara prosigna Prout, 1930",not_in_input
species-3585,ミナミトガリエダシャク,"Nadagara subnubila Inoue, 1967",not_in_input
species-3586,マルバエダシャク,"Boninnadagara crinomorpha Inoue, 1994",not_in_input
species-3587,ニッコウキエダシャク,"Pseudepione magnaria (Wileman, 1911)",not_in_input
species-3588,フタテンソトグロキエダシャク,"Pseudepione shiraii Inoue, 1943",not_in_input
species-3589,ウスオビヒメエダシャク,"Euchristophia cumulata (Christoph, 1881)",not_in_input
species-3590,ハグルマエダシャク,"Synegia hadassa (Butler, 1878)",not_in_input
species-3591,アベリアハグルマエダシャク,"Synegia pallens Inoue, 1982",not_in_input
species-3592,マルハグルマエダシャク,"Synegia ichinosawaiana (Matsumura, 1925)",not_in_input
species-3593,スジハグルマエダシャク,"Synegia limitatoides Inoue, 1982",not_in_input
species-3594,オオツカハグルマエダシャク,"Synegia ohtsukai Sato, 1990",not_in_input
species-3595,ダイセンハグルマエダシャク,"Synegia daisenensis Sato & Masui, 2012",not_in_input
species-3596,ミナミハグルマエダシャク,"Synegia masuii Sato, 1990",not_in_input
species-3597,クロハグルマエダシャク,"Synegia esther Butler, 1881",not_in_input
species-3598,オオハグルマエダシャク,"Borbacha pardaria (Guenée, 1858)",not_in_input
species-3599,シロズエダシャク,"Ecpetelia albifrontaria (Leech, 1891)",not_in_input
species-3600,コトビスジエダシャク,"Petelia rivulosa (Butler, 1881)",not_in_input
species-3601,ヨスジアカエダシャク,"Astygisa morosa (Butler, 1881)",not_in_input
species-3602,オオヨスジアカエダシャク,"Astygisa chlororphnodes (Wehrli, 1936)",not_in_input
species-3603,ウラキトガリエダシャク,"Hypephyra terrosa Butler, 1889",not_in_input
species-3604,クガニエダシャク,"Hyperythra lutea (Stoll, 1781)",not_in_input
species-3605,ツマキエダシャク,"Platycerota incertaria (Leech, 1891)",not_in_input
species-3606,ツマキアカエダシャク,"Platycerota particolor (Warren, 1896)",not_in_input
species-3607,フタテンオエダシャク,"Chiasmia defixaria (Walker, 1861)",not_in_input
species-3608,ナガオエダシャク,"Chiasmia cinerearia (Bremer & Grey, 1853)",not_in_input
species-3609,ウスオエダシャク,"Chiasmia hebesata (Walker, 1861)",not_in_input
species-3610,オキナワオエダシャク,"Chiasmia emersaria (Walker, 1861)",not_in_input
species-3611,ヒメアミメエダシャク,"Chiasmia clathrata (Linnaeus, 1758)",not_in_input
species-3612,ワモクメオエダシャク,"Chiasmia arcadia Sato & Nishizawa, 2019",not_in_input
species-3613,カバイロオエダシャク,"Chiasmia kanshireiensis (Wileman, 1914)",not_in_input
species-3614,シャンハイオエダシャク,"Macaria shanghaisaria Walker, 1861",not_in_input
species-3615,シロオビオエダシャク,"Macaria fuscaria (Leech, 1891)",not_in_input
species-3616,シナノオエダシャク,"Macaria signaria (Hübner, 1809)",not_in_input
species-3617,チャオビオエダシャク,"Macaria liturata (Clerck, 1759)",not_in_input
species-3618,ギンネムエダシャク,"Macaria abydata Guenée, 1858",not_in_input
species-3619,キトビエダシャク,"Macaria brunneata (Thunberg, 1784)",not_in_input
species-3620,ウスキオエダシャク,"Oxymacaria normata (Alphéraky, 1892)",not_in_input
species-3621,クロモンオエダシャク,"Oxymacaria temeraria (Swinhoe, 1891)",not_in_input
species-3622,フトスジオエダシャク,"Oxymacaria pryeri (Butler, 1879)",not_in_input
species-3623,ウスネズミエダシャク,"Isturgia vapulata (Butler, 1879)",not_in_input
species-3625,トビカギバエダシャク,"Luxiaria amasa (Butler, 1878)",not_in_input
species-3626,ミナミトビカギバエダシャク,"Luxiaria mitorrhaphes Prout, 1925",not_in_input
species-3627,マエモントビカギバエダシャク,"Luxiaria costinota Inoue, 1978",not_in_input
species-3628,キトビカギバエダシャク,"Pseudonadagara semicolor (Warren, 1895)",not_in_input
species-3629,カギバエダシャク,"Pseudonadagara hepatica Inoue, 1994",not_in_input
species-3630,スエヒロエダシャク,"Gonodontis pallida (Butler, 1880)",not_in_input
species-3631,アトムスジエダシャク,"Aporhoptrina semiorbiculata (Christoph, 1881)",not_in_input
species-3632,クロフキエダシャク,"Monocerotesa lutearia (Leech, 1891)",not_in_input
species-3633,ダイセツタカネエダシャク,"Glacies coracina (Esper, 1805)",not_in_input
species-3634,ヘリグロエダシャク,"Bupalus vestalis Staudinger, 1897",not_in_input
species-3635,スカシエダシャク,"Krananda semihyalina Moore, 1868",not_in_input
species-3636,ツマジロエダシャク,"Krananda latimarginaria Leech, 1891",not_in_input
species-3637,キベリゴマフエダシャク,"Epobeidia tigrata (Guenée, 1858)",not_in_input
species-3638,トンボエダシャク,"Cystidia stratonice (Stoll, 1782)",not_in_input
species-3639,ヒロオビトンボエダシャク,"Cystidia truncangulata Wehrli, 1934",not_in_input
species-3640,ウメエダシャク,"Cystidia couaggaria (Guenée, 1858)",not_in_input
species-3641,シロジマエダシャク,"Euryobeidia languidata (Walker, 1862)",not_in_input
species-3642,ゴマダラシロエダシャク,"Antipercnia albinigrata (Warren, 1896)",not_in_input
species-3643,オオゴマダラエダシャク,"Parapercnia giraffata (Guenée, 1858)",not_in_input
species-3644,クロフオオシロエダシャク,"Pogonopygia nigralbata Warren, 1894",not_in_input
species-3645,タイワンオオシロエダシャク,"Pogonopygia pavida (Bastelberger, 1911)",not_in_input
species-3646,クロフシロエダシャク,"Dilophodes elegans (Butler, 1878)",not_in_input
species-3647,キオビエダシャク,"Milionia zonea Moore, 1872",not_in_input
species-3655,ナカウスエダシャク,"Alcis angulifera (Butler, 1878)",not_in_input
species-3656,ヒメナカウスエダシャク,"Alcis medialbifera Inoue, 1972",not_in_input
species-3657,コケエダシャク,"Alcis jubata (Thunberg, 1788)",not_in_input
species-3658,オオナカホシエダシャク,"Alcis pryeraria (Leech, 1897)",not_in_input
species-3659,シロシタオビエダシャク,"Alcis picata (Butler, 1881)",not_in_input
species-3660,イツスジエダシャク,"Alcis extinctaria (Eversmann, 1851)",not_in_input
species-3666,ババエダシャク,"Hesperumia babai Sato, 1980",not_in_input
species-3667,マダラシロエダシャク,"Hesperumia silvicola (Inoue, 1953)",not_in_input
species-3668,マルバトビスジエダシャク,"Anaboarmia aechmeessa (Prout, 1929)",not_in_input
species-3669,フタキスジエダシャク,"Gigantalcis flavolinearia (Leech, 1891)",not_in_input
species-3670,クロクモエダシャク,"Apocleora rimosa (Butler, 1879)",not_in_input
species-3671,マツオオエダシャク,"Deileptenia ribeata (Clerck, 1759)",not_in_input
species-3672,キタルリモンエダシャク,"Cleora cinctaria (Denis & Schiffermüller, 1775)",not_in_input
species-3673,ルリモンエダシャク,"Cleora insolita (Butler, 1878)",not_in_input
species-3675,アマミシロテンエダシャク,"Cleora amamiensis Sato, 1978",not_in_input
species-3676,ヤクシマフトスジエダシャク,"Cleora minutaria (Leech, 1891)",not_in_input
species-3677,ソトシロモンエダシャク,"Cleora venustaria (Leech, 1891)",not_in_input
species-3678,オガサワラフトスジエダシャク,"Cleora ogasawarensis Inoue, 1994",not_in_input
species-3679,リュウキュウフトスジエダシャク,"Cleora injectaria (Walker, 1860)",not_in_input
species-3680,フトスジエダシャク,"Cleora repulsaria (Walker, 1860)",not_in_input
species-3681,ヤエヤマフトスジエダシャク,"Cleora alienaria (Walker, 1860)",not_in_input
species-3682,ヨモギエダシャク,"Ascotis selenaria (Denis & Schiffermüller, 1775)",not_in_input
species-3683,セブトエダシャク,"Cusiala stipitaria (Oberthür, 1880)",not_in_input
species-3684,ウストビスジエダシャク,"Ectropis aigneri Prout, 1930",not_in_input
species-3685,オオトビスジエダシャク,"Ectropis excellens (Butler, 1884)",not_in_input
species-3686,ウルマトビスジエダシャク,"Ectropis bhurmitra (Walker, 1860)",not_in_input
species-3687,フトフタオビエダシャク,"Ectropis crepuscularia (Denis & Schiffermüller, 1775)",not_in_input
species-3688,スギノキエダシャク,"Ectropis cryptomeriae Sato, 2018",not_in_input
species-3689,ウスジロエダシャク,"Ectropis obliqua (Prout, 1915)",not_in_input
species-3690,テンモンエダシャク,"Catoria sublavaria (Guenée, 1858)",not_in_input
species-3691,ハミスジエダシャク,"Hypomecis roboraria (Denis & Schiffermüller, 1775)",not_in_input
species-3692,オオバナミガタエダシャク,"Hypomecis lunifera (Butler, 1878)",not_in_input
species-3693,アキバエダシャク,"Hypomecis akiba (Inoue, 1963)",not_in_input
species-3694,ナカシロオビエダシャク,"Hypomecis definita (Butler, 1881)",not_in_input
species-3695,ウスバミスジエダシャク,"Hypomecis punctinalis (Scopoli, 1763)",not_in_input
species-3696,アマミミスジエダシャク,"Hypomecis yuwanina (Sato, 1981)",not_in_input
species-3697,ヒメミスジエダシャク,"Hypomecis kuriligena (Bryk, 1942)",not_in_input
species-3698,フトオビエダシャク,"Hypomecis crassestrigata (Christoph, 1881)",not_in_input
species-3699,ソトシロオビエダシャク,"Calicha ornataria (Leech, 1891)",not_in_input
species-3700,クロオオモンエダシャク,"Microcalicha fumosaria (Leech, 1891)",not_in_input
species-3701,シタクモエダシャク,"Microcalicha sordida (Butler, 1878)",not_in_input
species-3702,ヒロバウスアオエダシャク,"Paradarisa chloauges Prout, 1927",not_in_input
species-3703,シナトビスジエダシャク,"Paradarisa consonaria (Hübner, 1799)",not_in_input
species-3704,ナミスジエダシャク,"Racotis petrosa (Butler, 1879)",not_in_input
species-3705,ホシミスジエダシャク,"Racotis boarmiaria (Guenée, 1858)",not_in_input
species-3706,ウスチャトビモンエダシャク,"Psilalcis breta (Swinhoe, 1890)",not_in_input
species-3707,マエモンキエダシャク,"Heterarmia costipunctaria (Leech, 1891)",not_in_input
species-3708,ナミガタエダシャク,"Heterarmia charon (Butler, 1878)",not_in_input
species-3709,トガリスジグロエダシャク,"Heterarmia dissimilis (Staudinger, 1897)",not_in_input
species-3710,ツシマウスグロエダシャク,"Polymixinia appositaria (Leech, 1891)",not_in_input
species-3711,オレクギエダシャク,"Protoboarmia simpliciaria (Leech, 1897)",not_in_input
species-3712,ニセオレクギエダシャク,"Protoboarmia faustinata (Warren, 1897)",not_in_input
species-3713,ウスグロナミエダシャク,"Phanerothyris sinearia (Guenée, 1858)",not_in_input
species-3714,ハラゲエダシャク,"Diplurodes vestita Warren, 1896",not_in_input
species-3715,ハラゲチビエダシャク,"Satoblephara parvularia (Leech, 1891)",not_in_input
species-3716,キバネトビスジエダシャク,"Myrioblephara cilicornaria (Püngeler, 1903)",not_in_input
species-3717,チビトビスジエダシャク,"Myrioblephara nanaria (Staudinger, 1897)",not_in_input
species-3718,ハンノトビスジエダシャク,"Aethalura ignobilis (Butler, 1878)",not_in_input
species-3720,コヨツメエダシャク,"Ophthalmitis irrorataria (Bremer & Grey, 1853)",not_in_input
species-3721,シロモンキエダシャク,"Parectropis similaria (Hufnagel, 1767)",not_in_input
species-3722,コケヒメエダシャク,"Dischidesia kurokoi Inoue, 1963",not_in_input
species-3723,シロテントビスジエダシャク,"Abaciscus albipunctata (Inoue, 1955)",not_in_input
species-3724,スジグロエダシャク,"Arbognophos amoenaria (Staudinger, 1897)",not_in_input
species-3725,コウノエダシャク,"Elophos vittaria (Thunberg, 1788)",not_in_input
species-3726,クロスジハイイロエダシャク,"Hirasa paupera (Butler, 1881)",not_in_input
species-3727,ハガタキエダシャク,"Ctenognophos grandinaria (Motschulsky, 1861)",not_in_input
species-3728,チャノウンモンエダシャク,"Jankowskia fuscaria (Leech, 1891)",not_in_input
species-3729,キタウンモンエダシャク,"Jankowskia pseudathleta Sato, 1980",not_in_input
species-3730,リンゴツノエダシャク,"Phthonosema tendinosaria (Bremer, 1864)",not_in_input
species-3731,トビネオオエダシャク,"Phthonosema invenustaria (Leech, 1891)",not_in_input
species-3732,シロスジオオエダシャク,"Xandrames latiferaria (Walker, 1860)",not_in_input
species-3733,ヒロオビオオエダシャク,"Xandrames dholaria Moore, 1868",not_in_input
species-3734,チャマダラエダシャク,"Amblychia insueta (Butler, 1878)",not_in_input
species-3735,ユワンオオエダシャク,"Amblychia yuwanina Sato & Sameshima, 2013",not_in_input
species-3736,オオツバメエダシャク,"Amblychia angeronaria Guenée, 1858",not_in_input
species-3737,ヒロオビエダシャク,"Duliophyle agitata (Butler, 1878)",not_in_input
species-3738,オオトビエダシャク,"Duliophyle majuscularia (Leech, 1897)",not_in_input
species-3739,ツマキウスグロエダシャク,"Scionomia anomala (Butler, 1881)",not_in_input
species-3740,コツマキウスグロエダシャク,"Scionomia parasinuosa Inoue, 1982",not_in_input
species-3741,ソトキクロエダシャク,"Scionomia mendica (Butler, 1879)",not_in_input
species-3742,キマダラツバメエダシャク,"Thinopteryx crocoptera (Kollar, 1844)",not_in_input
species-3743,Thinopteryx sp.,"Thinopteryx delectans (Butler, 1878)",not_in_input
species-3744,ヒロバフユエダシャク,"Larerannis miracula (Prout, 1929)",not_in_input
species-3745,フタマタフユエダシャク,"Larerannis filipjevi Wehrli, 1935",not_in_input
species-3746,ウスオビフユエダシャク,"Larerannis orthogrammaria (Wehrli, 1927)",not_in_input
species-3747,ナカジマフユエダシャク,"Larerannis nakajimai Inoue, 1986",not_in_input
species-3748,トギレフユエダシャク,"Protalcis concinnata (Wileman, 1911)",not_in_input
species-3749,シロフフユエダシャク,"Agriopis dira (Butler, 1878)",not_in_input
species-3750,クロスジフユエダシャク,"Pachyerannis obliquaria (Motschulsky, 1861)",not_in_input
species-3751,チャバネフユエダシャク,"Erannis golda Djakonov, 1929",not_in_input
species-3753,チャオビフユエダシャク,"Phigaliohybernia fulvinfula Inoue, 1942",not_in_input
species-3754,シモフリトゲエダシャク,"Phigalia sinuosaria Leech, 1897",not_in_input
species-3755,ウスシモフリトゲエダシャク,"Phigalia djakonovi Moltrecht, 1933",not_in_input
species-3756,シロトゲエダシャク,"Phigalia verecundaria (Leech, 1897)",not_in_input
species-3757,フチグロトゲエダシャク,"Nyssiodes lefuarius (Erschoff, 1872)",not_in_input
species-3758,カバシタムクゲエダシャク,"Sebastosema bubonaria Warren, 1896",not_in_input
species-3759,オカモトトゲエダシャク,"Apochima juglansiaria (Graeser, 1889)",not_in_input
species-3760,クワトゲエダシャク,"Apochima excavata (Dyar, 1905)",not_in_input
species-3761,キイロトゲエダシャク,"Apochima praeacutaria (Inoue, 1976)",not_in_input
species-3762,ムクゲエダシャク,"Lycia hirtaria (Clerck, 1759)",not_in_input
species-3763,チャエダシャク,"Megabiston plumosaria (Leech, 1891)",not_in_input
species-3764,アシズリエダシャク,"Megabiston ashizuriensis Sato & Kawakami, 2001",not_in_input
species-3765,チャオビトビモンエダシャク,"Biston strataria (Hufnagel, 1767)",not_in_input
species-3766,フタオレウスグロエダシャク,"Biston thoracicaria (Oberthür, 1884)",not_in_input
species-3767,オオシモフリエダシャク,"Biston betularia (Linnaeus, 1758)",not_in_input
species-3768,クロズエダシャク,"Biston marginata Shiraki, 1913",not_in_input
species-3769,トビモンオオエダシャク,"Biston robustum Butler, 1879",not_in_input
species-3770,タケウチエダシャク,"Biston takeuchii Matsumura, 1931",not_in_input
species-3771,シロシモフリエダシャク,"Biston melacron Wehrli, 1941",not_in_input
species-3772,ハイイロオオエダシャク,"Biston regalis (Moore, 1888)",not_in_input
species-3773,キオビゴマダラエダシャク,"Biston panterinaria (Bremer & Grey, 1853)",not_in_input
species-3774,ウスイロオオエダシャク,"Amraica superans (Butler, 1878)",not_in_input
species-3775,アサヒナオオエダシャク,"Amraica asahinai (Inoue, 1964)",not_in_input
species-3776,サキシマオオエダシャク,"Amraica kimurai Sato, 2003",not_in_input
species-3777,アミメオオエダシャク,"Mesastrape fulguraria (Walker, 1860)",not_in_input
species-3778,ニッコウエダシャク,"Lassaba nikkonis (Butler, 1881)",not_in_input
species-3779,ウスズミエダシャク,"Lassaba fuliginosa (Inoue & Sato, 1986)",not_in_input
species-3780,カバエダシャク,"Colotois pennaria (Linnaeus, 1761)",not_in_input
species-3781,ハスオビエダシャク,"Descoreba simplex Butler, 1878",not_in_input
species-3782,ニトベエダシャク,"Wilemania nitobei (Nitobe, 1907)",not_in_input
species-3783,アトジロエダシャク,"Pachyligia dolosa Butler, 1878",not_in_input
species-3784,キイロエダシャク,"Doratoptera virescens (Marumo, 1923)",not_in_input
species-3785,ナンカイキイロエダシャク,"Doratoptera amabilis (Yazaki, 1988)",not_in_input
species-3786,ヒロバトガリエダシャク,"Planociampa antipala Prout, 1930",not_in_input
species-3787,ホソバトガリエダシャク,"Planociampa modesta (Butler, 1878)",not_in_input
species-3788,スモモエダシャク,"Angerona prunaria (Linnaeus, 1758)",not_in_input
species-3789,ゴマフキエダシャク,"Angerona nigrisparsa Butler, 1879",not_in_input
species-3790,ツマトビキエダシャク,"Bizia aexaria Walker, 1860",not_in_input
species-3791,ミヤタツマトビキエダシャク,"Bizia akiramiyatai Sato & Nozaki, 2015",not_in_input
species-3792,オイワケキエダシャク,"Exangerona prattiaria (Leech, 1891)",not_in_input
species-3793,ウスクモエダシャク,"Menophra senilis (Butler, 1878)",not_in_input
species-3794,ハルタウスクモエダシャク,"Menophra harutai (Inoue, 1954)",not_in_input
species-3795,エゾウスクモエダシャク,"Phthonandria emaria (Bremer, 1864)",not_in_input
species-3796,クワエダシャク,"Phthonandria atrilineata (Butler, 1881)",not_in_input
species-3797,ヒゲマダラエダシャク,"Cryptochorina amphidasyaria (Oberthür, 1880)",not_in_input
species-3798,ギンスジエダシャク,"Chariaspilates formosaria (Eversmann, 1837)",not_in_input
species-3799,フタスジギンエダシャク,"Megaspilates mundataria (Stoll, 1782)",not_in_input
species-3800,ハスオビカバエダシャク,"Pseudaspilates obliquizona (Inoue, 1953)",not_in_input
species-3801,クロモンキリバエダシャク,"Psyra bluethgeni (Püngeler, 1903)",not_in_input
species-3802,ミスジキリバエダシャク,"Psyra boarmiata (Graeser, 1892)",not_in_input
species-3803,サラサエダシャク,"Epholca arenosa (Butler, 1878)",not_in_input
species-3804,シロモンクロエダシャク,"Proteostrenia leda (Butler, 1878)",not_in_input
species-3805,モンキクロエダシャク,"Proteostrenia pica Wileman, 1911",not_in_input
species-3806,ハスオビキエダシャク,"Scardamia aurantiacaria Bremer, 1864",not_in_input
species-3807,ナンゴクハスオビキエダシャク,"Scardamia xylosmaria Sato, Fu & Kawakami, 2011",not_in_input
species-3808,マエキトビエダシャク,"Nothomiza formosa (Butler, 1878)",not_in_input
species-3809,オオマエキトビエダシャク,"Nothomiza oxygoniodes Wehrli, 1939",not_in_input
species-3810,キリバエダシャク,"Ennomos nephotropa Prout, 1930",not_in_input
species-3811,ヒメキリバエダシャク,"Ennomos infidelis (Prout, 1929)",not_in_input
species-3812,フタモンキバネエダシャク,"Crocallis elinguaria (Linnaeus, 1758)",not_in_input
species-3813,ヨスジキエダシャク,"Cotta incongruaria (Walker, 1860)",not_in_input
species-3814,ウスグロノコバエダシャク,"Odontopera bidentata (Clerck, 1759)",not_in_input
species-3815,エグリヅマエダシャク,"Odontopera arida (Butler, 1878)",not_in_input
species-3816,キイロエグリヅマエダシャク,"Odontopera aurata (Prout, 1915)",not_in_input
species-3817,オガサワラエグリヅマエダシャク,"Odontopera ogasawarensis Kimura & Sato, 2017",not_in_input
species-3819,ヒメノコメエダシャク,"Acrodontis kotshubeji Sheljuzhko, 1944",not_in_input
species-3820,タンチャメノコメエダシャク,"Acrodontis tanchame Kobayashi, 1995",not_in_input
species-3821,マダラノコメエダシャク,"Acrodontis yazakii Kobayashi, 1995",not_in_input
species-3822,モンシロツマキリエダシャク,"Xerodes albonotaria (Bremer, 1894)",not_in_input
species-3823,ミスジツマキリエダシャク,"Xerodes rufescentaria (Motschulsky, 1861)",not_in_input
species-3824,コガタツマキリエダシャク,"Xerodes sordidata (Inoue, 1987)",not_in_input
species-3825,アカエダシャク,"Xerodes semilutata (Lederer, 1853)",not_in_input
species-3826,ミカンコエダシャク,"Hyposidra talaca (Walker, 1860)",not_in_input
species-3827,キマダラツマキリエダシャク,"Zanclidia testacea (Butler, 1881)",not_in_input
species-3828,キイロミミモンエダシャク,"Eilicrinia parvula Wehrli, 1940",not_in_input
species-3829,ミミモンエダシャク,"Eilicrinia wehrlii Djakonov, 1933",not_in_input
species-3830,キエダシャク,"Auaxa sulphurea (Butler, 1878)",not_in_input
species-3832,テンモンチビエダシャク,"Ocoelophora lentiginosaria (Leech, 1891)",not_in_input
species-3833,ツマキリウスキエダシャク,"Pareclipsis gracilis (Butler, 1879)",not_in_input
species-3834,ハガタムラサキエダシャク,"Selenia sordidaria Leech, 1897",not_in_input
species-3835,ウスムラサキエダシャク,"Selenia adustaria Leech, 1891",not_in_input
species-3836,ムラサキエダシャク,"Selenia tetralunaria (Hufnagel, 1767)",not_in_input
species-3837,イチモジエダシャク,"Apeira syringaria (Linnaeus, 1758)",not_in_input
species-3838,コガタイチモジエダシャク,"Agaraeus parva (Hedemann, 1881)",not_in_input
species-3839,エグリイチモジエダシャク,"Agaraeus discolor (Warren, 1893)",not_in_input
species-3840,ナシモンエダシャク,"Garaeus mirandus (Butler, 1881)",not_in_input
species-3841,キバラエダシャク,"Garaeus specularis Moore, 1868",not_in_input
species-3842,ウラモンアカマダラエダシャク,"Entomopteryx combusta (Warren, 1893)",not_in_input
species-3843,トガリエダシャク,"Xyloscia subspersata (Felder & Rogenhofer, 1875)",not_in_input
species-3844,ツマキリエダシャク,"Endropiodes abjecta (Butler, 1879)",not_in_input
species-3845,モミジツマキリエダシャク,"Endropiodes indictinaria (Bremer, 1864)",not_in_input
species-3846,ツツジツマキリエダシャク,"Endropiodes circumflexa Inoue, 1976",not_in_input
species-3847,ナカキエダシャク,"Plagodis dolabraria (Linnaeus, 1767)",not_in_input
species-3848,コナフキエダシャク,"Plagodis pulveraria (Linnaeus, 1758)",not_in_input
species-3849,ベンチガーエダシャク,"Hypochrosis baenzigeri Inoue, 1982",not_in_input
species-3850,リョクモンエダシャク,"Celenna festivaria (Fabricius, 1794)",not_in_input
species-3851,フタテンエダシャク,"Seleniopsis evanescens (Butler, 1881)",not_in_input
species-3852,ウラモンアカエダシャク,"Parepione grata (Butler, 1879)",not_in_input
species-3853,フタマエホシエダシャク,"Achrosis paupera (Butler, 1881)",not_in_input
species-3854,アトボシエダシャク,"Cepphis advenaria (Hübner, 1790)",not_in_input
species-3855,ベニスジエダシャク,"Heterolocha stulta (Butler, 1879)",not_in_input
species-3856,ヒメウラベニエダシャク,"Heterolocha laminaria (Herrich-Schäffer, 1852)",not_in_input
species-3857,ウラベニエダシャク,"Heterolocha aristonaria (Walker, 1860)",not_in_input
species-3858,アカネエダシャク,"Heterolocha coccinea Inoue, 1976",not_in_input
species-3859,シダエダシャク,"Petrophora chlorosata (Scopoli, 1763)",not_in_input
species-3860,ウラモントガリエダシャク,"Hypoxystis mandli Schawerda, 1924",not_in_input
species-3861,アキヨシトガリエダシャク,"Hypoxystis pulcheraria (Herz, 1905)",not_in_input
species-3862,ウスアカオビエダシャク,"Meteima mediorufa (Bastelberger, 1911)",not_in_input
species-3863,ツマトビシロエダシャク,"Spilopera debilis (Butler, 1878)",not_in_input
species-3864,ウコンエダシャク,"Corymica pryeri (Butler, 1878)",not_in_input
species-3865,ヒメウコンエダシャク,"Corymica arnearia Walker, 1860",not_in_input
species-3866,ヘリグロキエダシャク,"Corymica deducta (Walker, 1866)",not_in_input
species-3867,フトスジツバメエダシャク,"Ourapteryx japonica Inoue, 1993",not_in_input
species-3868,ウスキツバメエダシャク,"Ourapteryx nivea Butler, 1883",not_in_input
species-3870,コガタツバメエダシャク,"Ourapteryx obtusicauda (Warren, 1894)",not_in_input
species-3871,ヒメツバメエダシャク,"Ourapteryx subpunctaria Leech, 1891",not_in_input
species-3872,シロツバメエダシャク,"Ourapteryx maculicaudaria (Motschulsky, 1866)",not_in_input
species-3873,トラフツバメエダシャク,"Tristrophis veneris (Butler, 1878)",not_in_input
species-3885,クジュウフユシャク,"Inurois kyushuensis Inoue, 1974",not_in_input
species-3888,ハスオビトガリシャク,"Sarcinodes mongaku Marumo, 1920",not_in_input
species-3889,ムラサキトガリシャク,"Sarcinodes yaeyamana Inoue, 1976",not_in_input
species-3890,ハニンスホソシャク,"Derambila dentifera (Moore, 1888)",not_in_input
species-3891,エグリトガリシャク,"Ozola japonica Prout, 1910",not_in_input
species-3892,オキナワトガリシャク,"Ozola defectata Inoue, 1971",not_in_input
species-3893,ホシシャク,"Naxa seriaria (Motschulsky, 1866)",not_in_input
species-3894,オオシロアヤシャク,"Pingasa alba Swinhoe, 1891",not_in_input
species-3895,コアヤシャク,"Pingasa pseudoterpnaria (Guenée, 1858)",not_in_input
species-3896,タイワンアヤシャク,"Pingasa ruginaria (Guenée, 1858)",not_in_input
species-3897,ウスアオアヤシャク,"Pingasa aigneri Prout, 1930",not_in_input
species-3898,アカオビアヤシャク,"Herochroma cristata (Warren, 1894)",not_in_input
species-3899,オオアヤシャク,"Pachista superans (Butler, 1878)",not_in_input
species-3900,ウスアオシャク,"Dindica virescens (Butler, 1878)",not_in_input
species-3901,チズモンアオシャク,"Agathia carissima Butler, 1878",not_in_input
species-3902,アシブトチズモンアオシャク,"Agathia visenda Butler, 1880",not_in_input
species-3903,マダラチズモンアオシャク,"Agathia lycaenaria (Kollar, 1844)",not_in_input
species-3904,ヤエヤマチズモンアオシャク,"Agathia laetata (Fabricius, 1794)",not_in_input
species-3905,オガサワラチズモンアオシャク,"Agathia ichnospora Prout, 1934",not_in_input
species-3906,カビラアオシャク,"Ornithospila bipunctata Prout, 1916",not_in_input
species-3907,アトヘリアオシャク,"Aracima muscosa Butler, 1878",not_in_input
species-3908,ノコバアオシャク,"Timandromorpha enervata Inoue, 1944",not_in_input
species-3909,ヒメカギバアオシャク,"Mixochlora vittata (Moore, 1868)",not_in_input
species-3910,カギバアオシャク,"Tanaorhinus reciprocata (Walker, 1861)",not_in_input
species-3911,オオシロオビアオシャク,"Geometra papilionaria (Linnaeus, 1758)",not_in_input
species-3912,シロオビアオシャク,"Geometra sponsaria (Bremer, 1864)",not_in_input
species-3913,マエモンシロスジアオシャク,"Geometra ussuriensis (Sauber, 1915)",not_in_input
species-3914,カギシロスジアオシャク,"Geometra dieckmanni Graeser, 1889",not_in_input
species-3915,クロスジアオシャク,"Geometra valida Felder & Rogenhofer, 1875)",not_in_input
species-3916,コシロオビアオシャク,"Geometra glaucaria Ménétriès, 1859",not_in_input
species-3917,キマエアオシャク,"Neohipparchus vallata (Butler, 1878)",not_in_input
species-3918,ヒメシロフアオシャク,"Eucyclodes infracta (Wileman, 1911)",not_in_input
species-3919,シロフアオシャク,"Eucyclodes difficta (Walker, 1861)",not_in_input
species-3920,クスアオシャク,"Pelagodes subquadraria (Inoue, 1976)",not_in_input
species-3921,オオサザナミシロアオシャク,"Pelagodes antiquadraria (Inoue, 1976)",not_in_input
species-3922,ヒメサザナミアオシャク,"Pelagodes proquadraria (Inoue, 1976)",not_in_input
species-3923,チビサザナミシロアオシャク,"Pelagodes ogasawarensis (Inoue, 1994)",not_in_input
species-3924,サザナミシロアオシャク,"Thalassodes intaminata Inoue, 1971",not_in_input
species-3925,トガリサザナミシロアオシャク,"Thalassodes supracutipennis Inoue, 1994)",not_in_input
species-3926,ナミガタウスキアオシャク,"Jodis lactearia (Linnaeus, 1758)",not_in_input
species-3927,ヒメナミガタアオシャク,"Jodis placida Inoue, 1986",not_in_input
species-3928,ヒメウスアオシャク,"Jodis putata (Linnaeus, 1758)",not_in_input
species-3929,マルモンヒメアオシャク,"Jodis praerupta (Butler, 1878)",not_in_input
species-3930,ウスキヒメアオシャク,"Jodis urosticta Prout, 1930",not_in_input
species-3931,スカシヒメアオシャク,"Jodis amamiensis Inoue, 1982",not_in_input
species-3932,ウスミズアオシャク,"Jodis argutaria (Walker, 1866)",not_in_input
species-3933,コガタヒメアオシャク,"Jodis orientalis Wehrli, 1923",not_in_input
species-3934,オオナミガタアオシャク,"Jodis dentifascia Warren, 1897",not_in_input
species-3935,スジモンツバメアオシャク,"Maxates albistrigata (Warren, 1895)",not_in_input
species-3936,ツバメアオシャク,"Maxates ambigua (Butler, 1878)",not_in_input
species-3937,ズグロツバメアオシャク,"Maxates fuscofrons (Inoue, 1954)",not_in_input
species-3938,ヒロバツバメアオシャク,"Maxates illiturata (Walker, 1863)",not_in_input
species-3939,サキシマツバメアオシャク,"Maxates versicauda (Prout, 1920)",not_in_input
species-3940,ヒメツバメアオシャク,"Maxates protrusa (Butler, 1878)",not_in_input
species-3941,ハガタツバメアオシャク,"Maxates grandificaria (Graeser, 1890)",not_in_input
species-3942,スジツバメアオシャク,"Aoshakuna lucia (Thierry-Mieg, 1917)",not_in_input
species-3943,コガタアオシャク,"Microloxia chlorissodes Prout, 1912",not_in_input
species-3944,キバラヒメアオシャク,"Hemithea aestivaria (Hübner, 1799)",not_in_input
species-3945,ハラアカヒメアオシャク,"Hemithea beethoveni Inoue, 1942",not_in_input
species-3946,ヘリグロヒメアオシャク,"Hemithea tritonaria (Walker, 1863)",not_in_input
species-3947,アオスジアオシャク,"Hemithea marina (Butler, 1878)",not_in_input
species-3948,コウスアオシャク,"Chlorissa obliterata (Walker, 1863)",not_in_input
species-3949,ハラアカアオシャク,"Chlorissa amphitritaria (Oberthür, 1879)",not_in_input
species-3950,ウスハラアカアオシャク,"Chlorissa inornata (Matsumura, 1925)",not_in_input
species-3951,ホソバハラアカアオシャク,"Chlorissa anadema (Prout, 1930)",not_in_input
species-3952,ナミスジコアオシャク,"Idiochlora ussuriaria (Bremer, 1864)",not_in_input
species-3953,オキナワコアオシャク,"Idiochlora minuscula (Inoue, 1986)",not_in_input
species-3954,ヒメアオシャク,"Idiochlora takahashii (Inoue, 1982)",not_in_input
species-3955,ヘリアカトガリアオシャク,"Pamphlebia rubrolimbraria (Guenée, 1858)",not_in_input
species-3956,マルバネヘリアカトガリアオシャク,"Pamphlebia rotunda Kaneko & Funakoshi, 2018",not_in_input
species-3957,アカアシアオシャク,"Culpinia diffusa (Walker, 1861)",not_in_input
species-3958,ハガタアオシャク,"Thalera rubrifimbria Inoue, 1990",not_in_input
species-3959,ウラジロアオシャク,"Spaniocentra hollowayi Inoue, 1986",not_in_input
species-3960,ヨツモンマエジロアオシャク,"Comibaena procumbaria (Pryer, 1877)",not_in_input
species-3961,アマミヨツモンアオシャク,"Comibaena insulana Inoue, 1986",not_in_input
species-3962,ヨツテンアオシャク,"Comibaena diluta (Warren, 1895)",not_in_input
species-3963,ヘリジロヨツメアオシャク,"Comibaena amoenaria (Oberthür, 1880)",not_in_input
species-3964,ギンスジアオシャク,"Comibaena argentataria (Leech, 1897)",not_in_input
species-3965,クロモンアオシャク,"Comibaena delicatior (Warren, 1897)",not_in_input
species-3966,ミナミクロモンアオシャク,"Comibaena subdelicata Inoue, 1986",not_in_input
species-3967,カラフトウスアオシャク,"Comibaena ingrata (Wileman, 1911)",not_in_input
species-3968,ナミガタフタスジアオシャク,"Thetidia smaragdaria (Fabricius, 1787)",not_in_input
species-3969,ヨツメアオシャク,"Thetidia albocostaria (Bremer, 1864)",not_in_input
species-3970,コシロスジアオシャク,"Hemistola veneta (Butler, 1879)",not_in_input
species-3971,ヘリクロテンアオシャク,"Hemistola dijuncta (Walker, 1861)",not_in_input
species-3972,ハガタキスジアオシャク,"Hemistola tenuilinea (Alphéraky, 1897)",not_in_input
species-3973,チビムジアオシャク,"Mujiaoshakua plana (Wileman, 1911)",not_in_input
species-3974,コヨツメアオシャク,"Comostola subtiliaria (Bremer, 1864)",not_in_input
species-3975,アカホシヒメアオシャク,"Comostola rubripunctata (Warren, 1909)",not_in_input
species-3976,アカヘリミズアオシャク,"Comostola pyrrhogona (Walker, 1866)",not_in_input
species-3977,アカヘリヒメアオシャク,"Eucrostes disparata Walker, 1861",not_in_input
species-3978,シロモンアオヒメシャク,"Dithecodes erasa Warren, 1900",not_in_input
species-3979,フタナミトビヒメシャク,"Pylargosceles steganioides (Butler, 1878)",not_in_input
species-3980,ベニスジヒメシャク,"Timandra recompta (Prout, 1930)",not_in_input
species-3981,サキシマベニスジヒメシャク,"Timandra sakishimensis (Inoue, 1971)",not_in_input
species-3982,トガリベニスジヒメシャク,"Timandra convectaria Walker, 1861",not_in_input
species-3983,コベニスジヒメシャク,"Timandra comptaria Walker, 1863",not_in_input
species-3984,フトベニスジヒメシャク,"Timandra apicirosea (Prout, 1935)",not_in_input
species-3985,ウスベニスジヒメシャク,"Timandra dichela (Prout, 1935)",not_in_input
species-3986,マエアカヒメシャク,"Traminda aventiaria (Guenée, 1858)",not_in_input
species-3987,モモイロヒメシャク,"Chrysocraspeda sanguinea Warren, 1896",not_in_input
species-3988,ビンガタヒメシャク,"Chrysocraspeda faganaria (Guenée, 1858)",not_in_input
species-3989,ヨツメヒメシャク,"Cyclophora albipunctata (Hufnagel, 1767)",not_in_input
species-3990,ヤナギタマダラヒメシャク,"Cyclophora yanagitai Kaneko, 2019",not_in_input
species-3991,シロモンウスチャヒメシャク,"Organopoda carnearia (Walker, 1861)",not_in_input
species-3992,クロモンウスチャヒメシャク,"Perixera absconditaria (Walker, 1863)",not_in_input
species-3993,コガタウスチャヒメシャク,"Perixera minorata (Warren, 1897)",not_in_input
species-3994,クロテンウスチャヒメシャク,"Perixera obrinaria (Guenée, 1858)",not_in_input
species-3995,コブウスチャヒメシャク,"Perixera illepidaria (Guenée, 1858)",mapping_failed_or_empty
species-3996,オキナワウスチャヒメシャク,"Perixera obliviaria (Walker, 1861)",mapping_failed_or_empty
species-3997,マダラウスチャヒメシャク,"Perixera sarawackaria (Guenée, 1858)",mapping_failed_or_empty
species-3998,クスイウスチャヒメシャク,"Perixera niveopuncta (Warren, 1897)",mapping_failed_or_empty
species-3999,フタツメオオシロヒメシャク,"Problepsis albidior Warren, 1899",mapping_failed_or_empty
species-4000,ツシマオオシロヒメシャク,"Problepsis eucircota Prout, 1913",mapping_failed_or_empty
species-4001,ウススジオオシロヒメシャク,"Problepsis plagiata (Butler, 1881)",mapping_failed_or_empty
species-4002,クロスジオオシロヒメシャク,"Problepsis diazoma Prout, 1938",mapping_failed_or_empty
species-4003,ヒトツメオオシロヒメシャク,"Problepsis superans (Butler, 1885)",mapping_failed_or_empty
species-4004,ウンモンオオシロヒメシャク,"Somatina indicataria (Walker, 1861)",mapping_failed_or_empty
species-4005,ミドリヒメシャク,"Antitrygodes divisaria (Walker, 1861)",mapping_failed_or_empty
species-4006,クシヒゲハイイロヒメシャク,"Antilycauges pinguis (Swinhoe, 1902)",mapping_failed_or_empty
species-4007,コヒメシャク,"Scopula virgulata (Denis & Schiffermüller, 1775)",mapping_failed_or_empty
species-4008,ヘリグロヒメシャク,"Scopula luridata (Zeller, 1847)",mapping_failed_or_empty
species-4009,ウスアカヒメシャク,"Scopula caesaria (Walker, 1861)",mapping_failed_or_empty
species-4010,シロヒメシャク,"Scopula nivearia (Leech, 1897)",not_in_input
species-4011,マエキヒメシャク,"Scopula nigropunctata (Hufnagel, 1767)",mapping_failed_or_empty
species-4012,モントビヒメシャク,"Scopula modicaria (Leech, 1897)",mapping_failed_or_empty
species-4013,アキヨシヒメシャク,"Scopula akiyoshiana Kaneko, 2016",not_in_input
species-4014,クロテンシロヒメシャク,"Scopula apicipunctata (Christoph, 1881)",mapping_failed_or_empty
species-4015,タカオシロヒメシャク,"Scopula takao Inoue, 1954",mapping_failed_or_empty
species-4017,サカハチヒメシャク,"Scopula hanna (Butler, 1878)",mapping_failed_or_empty
species-4018,ウラナミヒメシャク,"Scopula corrivalaria (Kretschmar, 1862)",mapping_failed_or_empty
species-4019,ウスキトガリヒメシャク,"Scopula confusa (Butler, 1878)",mapping_failed_or_empty
species-4020,ナミスジチビヒメシャク,"Scopula personata (Prout, 1913)",mapping_failed_or_empty
species-4021,チビシロヒメシャク,"Scopula kawabei Inoue, 1982",mapping_failed_or_empty
species-4022,ミナミウスキヒメシャク,"Scopula remotata (Guenée, 1858)",mapping_failed_or_empty
species-4023,ミスジハイイロヒメシャク,"Scopula cineraria (Leech, 1897)",mapping_failed_or_empty
species-4024,ツシマホソバハイイロヒメシャク,"Scopula tsushimana Kaneko, 2018",not_in_input
species-4025,ハイイロヒメシャク,"Scopula impersonata (Walker, 1861)",mapping_failed_or_empty
species-4026,キトガリヒメシャク,"Scopula emissaria (Walker, 1861)",mapping_failed_or_empty
species-4027,ハスジトガリヒメシャク,"Scopula ichinosawana (Matsumura, 1925)",mapping_failed_or_empty
species-4028,フチグロシロヒメシャク,"Scopula ornata (Scopoli, 1765)",mapping_failed_or_empty
species-4029,ウラモンクロスジヒメシャク,"Scopula limbata (Wileman, 1915)",mapping_failed_or_empty
species-4030,オオクロテンヒメシャク,"Scopula praesignipuncta Prout, 1920",mapping_failed_or_empty
species-4031,サツマヒメシャク,"Scopula satsumaria (Leech, 1897)",mapping_failed_or_empty
species-4032,キスジシロヒメシャク,"Scopula asthena Inoue, 1943",mapping_failed_or_empty
species-4033,シベチャシロヒメシャク,"Scopula supernivearia Inoue, 1963",mapping_failed_or_empty
species-4034,キナミシロヒメシャク,"Scopula superior (Butler, 1878)",mapping_failed_or_empty
species-4035,クロスジシロヒメシャク,"Scopula pudicaria (Motschulsky, 1861)",mapping_failed_or_empty
species-4036,マルバヒメシャク,"Scopula duplinupta Inoue, 1982",mapping_failed_or_empty
species-4037,ヤスジマルバヒメシャク,"Scopula floslactata Haworth, 1809",mapping_failed_or_empty
species-4038,アメイロヒメシャク,"Scopula tenuisocius Inoue, 1942",mapping_failed_or_empty
species-4039,ウラテンシロヒメシャク,"Scopula subpunctaria (Herrich-Schäffer, 1847)",mapping_failed_or_empty
species-4040,ウラクロスジシロヒメシャク,"Scopula prouti Djakonov, 1935",mapping_failed_or_empty
species-4041,サザナミシロヒメシャク,"Scopula nupta (Butler, 1878)",mapping_failed_or_empty
species-4042,ヨツボシウスキヒメシャク,"Scopula superciliata (Prout, 1913)",mapping_failed_or_empty
species-4043,オキナワクロテンヒメシャク,"Scopula nesciaria (Walker, 1861)",mapping_failed_or_empty
species-4044,ミナミヒメシャク,"Scopula emma (Prout, 1913)",mapping_failed_or_empty
species-4045,ウスウラナミヒメシャク,"Scopula longicerata Inoue, 1955",mapping_failed_or_empty
species-4046,ウスサカハチヒメシャク,"Scopula semignobilis Inoue, 1942",mapping_failed_or_empty
species-4047,ミチノクヒメシャク,"Scopula michinoku Sato, 1994",mapping_failed_or_empty
species-4048,クリームヒメシャク,"Scopula gilva Sato, 1993",mapping_failed_or_empty
species-4049,ウスキクロテンヒメシャク,"Scopula ignobilis (Warren, 1901)",mapping_failed_or_empty
species-4050,ナガサキヒメシャク,"Scopula plumbearia (Leech, 1881)",mapping_failed_or_empty
species-4051,ギンバネヒメシャク,"Scopula epiorrhoe Prout, 1935",mapping_failed_or_empty
species-4052,シモフリシロヒメシャク,"Scopula coniaria (Prout, 1913)",mapping_failed_or_empty
species-4053,タイワントガリヒメシャク,"Scopula pulchellata (Fabricius, 1794)",mapping_failed_or_empty
species-4054,オキナワトガリヒメシャク,"Scopula anisopleura Inoue, 1982",mapping_failed_or_empty
species-4055,イリオモテトガリヒメシャク,"Scopula eulomata (Snellen, 1877)",mapping_failed_or_empty
species-4056,ミナミハイイロヒメシャク,"Scopula hypochra (Meyrick, 1888)",mapping_failed_or_empty
species-4057,ベニヒメシャク,"Idaea muricata (Hufnagel, 1767)",mapping_failed_or_empty
species-4058,オビベニヒメシャク,"Idaea nielseni (Hedemann, 1879)",mapping_failed_or_empty
species-4059,キオビベニヒメシャク,"Idaea impexa (Butler, 1879)",mapping_failed_or_empty
species-4060,フチベニヒメシャク,"Idaea jakima (Butler, 1878)",mapping_failed_or_empty
species-4061,マエベニヒメシャク,"Idaea obliteraria (Leech, 1879)",mapping_failed_or_empty
species-4062,コフチベニヒメシャク,"Idaea okinawensis Inoue, 1982",mapping_failed_or_empty
species-4063,クロテントビヒメシャク,"Idaea foedata (Butler, 1879)",mapping_failed_or_empty
species-4064,ウスクロテンヒメシャク,"Idaea salutaria (Christoph, 1881)",mapping_failed_or_empty
species-4065,クロオビキヒメシャク,"Idaea terpnaria (Prout, 1913)",mapping_failed_or_empty
species-4066,シタベニヒメシャク,"Idaea roseomarginaria (Inoue, 1958)",mapping_failed_or_empty
species-4067,キヒメシャク,"Idaea nudaria (Christoph, 1881)",mapping_failed_or_empty
species-4068,ヨスジキヒメシャク,"Idaea auricruda (Butler, 1879)",mapping_failed_or_empty
species-4069,ホソスジキヒメシャク,"Idaea remissa (Wileman, 1911)",mapping_failed_or_empty
species-4070,ウスキヒカリヒメシャク,"Idaea nitidata (Herrich-Schäffer, 1861)",mapping_failed_or_empty
species-4071,ウスジロヒカリヒメシャク,"Idaea promiscuaria (Leech, 1897)",mapping_failed_or_empty
species-4072,ウスモンキヒメシャク,"Idaea denudaria (Prout, 1913)",mapping_failed_or_empty
species-4073,オオウスモンキヒメシャク,"Idaea imbecilla (Inoue, 1955)",mapping_failed_or_empty
species-4074,ウスキヒメシャク,"Idaea biselata (Hufnagel, 1767)",mapping_failed_or_empty
species-4075,オイワケヒメシャク,"Idaea invalida (Butler, 1879)",mapping_failed_or_empty
species-4076,ミジンキヒメシャク,"Idaea trisetata (Prout, 1922)",mapping_failed_or_empty
species-4077,チビキヒメシャク,"Idaea neovalida (Inoue, 1958)",mapping_failed_or_empty
species-4078,サキシマキヒメシャク,"Idaea contravalida Inoue, 1982",mapping_failed_or_empty
species-4079,サクライキヒメシャク,"Idaea sakuraii (Inoue, 1963)",mapping_failed_or_empty
species-4080,クロモンチビヒメシャク,"Idaea crassipuncta (Inoue, 1971)",mapping_failed_or_empty
species-4081,ツシマキヒメシャク,"Idaea paravalida Sato, 1988",mapping_failed_or_empty
species-4082,タナカヒメシャク,"Idaea tanakai Sato, 1994",mapping_failed_or_empty
species-4083,キュウシュウヒメシャク,"Idaea kyushuensis Sato, 1994",mapping_failed_or_empty
species-4084,モンウスキヒメシャク,"Idaea effusaria (Christoph, 1881)",mapping_failed_or_empty
species-4085,エゾキヒメシャク,"Idaea aversata (Linnaeus, 1758)",mapping_failed_or_empty
species-4086,カラフトヒメシャク,"Idaea straminata (Borkhausen, 1794)",not_in_input
species-4087,アトベニヒメシャク,"Idaea postrubra Kaneko, 2012",not_in_input
species-4088,ツマアカナミシャク,"Aplocera perelegans (Warren, 1894)",mapping_failed_or_empty
species-4089,ルリオビナミシャク,"Acasis viretata (Hübner, 1799)",mapping_failed_or_empty
species-4090,テンオビナミシャク,"Acasis appensata (Eversmann, 1842)",mapping_failed_or_empty
species-4091,アヤコバネナミシャク,"Acasis bellaria (Leech, 1891)",mapping_failed_or_empty
species-4092,シロオビコバネナミシャク,"Neopachrophilla albida Inoue, 1955",mapping_failed_or_empty
species-4093,ハネナガコバネナミシャク,"Trichopteryx polycommata (Denis & Schiffermüller, 1775)",mapping_failed_or_empty
species-4094,シロテンコバネナミシャク,"Trichopteryx grisearia (Leech, 1891)",mapping_failed_or_empty
species-4095,シロシタコバネナミシャク,"Trichopteryx fastuosa Inoue, 1958",mapping_failed_or_empty
species-4096,シタコバネナミシャク,"Trichopteryx hemana (Butler, 1878)",mapping_failed_or_empty
species-4097,ハイイロコバネナミシャク,"Trichopteryx ignorata Inoue, 1958",mapping_failed_or_empty
species-4098,チャオビコバネナミシャク,"Trichopteryx terranea (Butler, 1878)",mapping_failed_or_empty
species-4099,ヒメシタコバネナミシャク,"Trichopteryx microloba Inoue, 1943",mapping_failed_or_empty
species-4100,クロシタコバネナミシャク,"Trichopteryx misera (Butler, 1879)",mapping_failed_or_empty
species-4101,チャマダラコバネナミシャク,"Trichopteryx nagaii Inoue, 1958",mapping_failed_or_empty
species-4102,ウスオビコバネナミシャク,"Trichopteryx incerta Yazaki, 1978",mapping_failed_or_empty
species-4103,ウスミドリコバネナミシャク,"Trichopteryx miracula Inoue, 1942",mapping_failed_or_empty
species-4104,オビコバネナミシャク,"Trichopteryx muscigera (Butler, 1881)",mapping_failed_or_empty
species-4105,マダラコバネナミシャク,"Trichopteryx ussurica (Wehrli, 1927)",mapping_failed_or_empty
species-4106,クロオビシロナミシャク,"Trichopteryx ustata (Christoph, 1881)",mapping_failed_or_empty
species-4107,ホソクロオビシロナミシャク,"Trichopteryx auricilla Inoue, 1955",mapping_failed_or_empty
species-4108,ウスベニスジナミシャク,"Esakiopteryx volitans (Butler, 1878)",mapping_failed_or_empty
species-4109,ウスアカモンナミシャク,"Trichopterigia consobrinaria (Leech, 1891)",mapping_failed_or_empty
species-4110,アカモンナミシャク,"Trichopterigia costipunctaria Leech, 1897",mapping_failed_or_empty
species-4111,シロシタヒメナミシャク,"Lobophora halterata (Hufnagel, 1769)",mapping_failed_or_empty
species-4112,アトスジグロナミシャク,"Epilobophora obscuraria (Leech, 1891)",mapping_failed_or_empty
species-4113,クロフシロナミシャク,"Otoplecta frigida (Butler, 1878)",mapping_failed_or_empty
species-4114,ゴマダラシロナミシャク,"Naxidia maculata (Butler, 1879)",mapping_failed_or_empty
species-4115,ヒメゴマダラシロナミシャク,"Naxidia semiobscura Inoue, 1955",mapping_failed_or_empty
species-4116,ホシスジトガリナミシャク,"Carige cruciplaga (Walker, 1861)",mapping_failed_or_empty
species-4117,ヒロバトガリナミシャク,"Carige irrorata (Butler, 1879)",mapping_failed_or_empty
species-4118,ホソバトガリナミシャク,"Carige scutilimbata Prout, 1936",mapping_failed_or_empty
species-4119,ウスキクロスジナミシャク,"Carige obsoleta (Inoue, 1971)",mapping_failed_or_empty
species-4120,モンクロキイロナミシャク,"Stamnodes danilovi Erschoff, 1877",mapping_failed_or_empty
species-4121,シロオビクロナミシャク,"Trichobaptria exsecuta (Felder & Rogenhofer, 1875)",mapping_failed_or_empty
species-4122,シラフシロオビナミシャク,"Trichodezia kindermanni (Bremer, 1864)",mapping_failed_or_empty
species-4123,シロホソオビクロナミシャク,"Baptria tibiale (Esper, 1791)",mapping_failed_or_empty
species-4125,サキシマウスクモナミシャク,"Heterophleps endoi Inoue, 1982",mapping_failed_or_empty
species-4126,ミツボシナミシャク,"Heterophleps pallescens (Warren, 1896)",mapping_failed_or_empty
species-4128,アオナミシャク,"Leptostegna tenerata Christoph, 1881",mapping_failed_or_empty
species-4129,ホソバナミシャク,"Tyloptera bella (Butler, 1878)",mapping_failed_or_empty
species-4130,シラユキナミシャク,"Palaeomystis mabillaria (Poujade, 1895)",mapping_failed_or_empty
species-4131,キリバネホソナミシャク,"Brabira artemidora (Oberthür, 1884)",mapping_failed_or_empty
species-4132,チャホシホソバナミシャク,"Brabira kasaii Sato, 1986",mapping_failed_or_empty
species-4133,ミナミヒゲブトナミシャク,"Sauris interruptata (Moore, 1888)",mapping_failed_or_empty
species-4134,ヒゲブトナミシャク,"Sauris nanaria Leech, 1897",mapping_failed_or_empty
species-4135,コバネヒゲブトナミシャク,"Sauris marginepunctata (Warren, 1899)",mapping_failed_or_empty
species-4136,テングホソナミシャク,"Sauris angustifasciata (Inoue, 1976)",mapping_failed_or_empty
species-4137,ハラアオヒゲブトナミシャク,"Sauris chlorosterna Hashimoto, 2019",not_in_input
species-4138,オビムラサキヒゲブトナミシャク,"Sauris purpurotincta Galsworthy, 1999",not_in_input
species-4139,ナンカイヒゲブトナミシャク,"Sauris hirudinata Guenée, 1858",mapping_failed_or_empty
species-4140,ウスミドリナミシャク,"Episteira nigrilinearia (Leech, 1897)",mapping_failed_or_empty
species-4141,マダラヒゲブトナミシャク,"Episteira eupena (Prout, 1936)",mapping_failed_or_empty
species-4142,ミドリホソナミシャク,"Phthonoloba viridifasciata (Inoue, 1963)",mapping_failed_or_empty
species-4146,ヨスジナミシャク,"Xanthorhoe quadrifasciata (Clerck, 1759)",mapping_failed_or_empty
species-4147,キタミナミシャク,"Xanthorhoe separata Inoue, 2004",mapping_failed_or_empty
species-4148,アカマダラシマナミシャク,"Xanthorhoe dentipostmediana Inoue, 1954",mapping_failed_or_empty
species-4149,ハングロナミシャク,"Xanthorhoe semilactescens Inoue, 1982",mapping_failed_or_empty
species-4150,フトジマナミシャク,"Xanthorhoe saturata (Guenée, 1858)",mapping_failed_or_empty
species-4152,トビスジコナミシャク,"Xanthorhoe designata (Hufnagel, 1867)",mapping_failed_or_empty
species-4153,ナカクロオビナミシャク,"Xanthorhoe purpureofascia Inoue, 1982",mapping_failed_or_empty
species-4157,ウスイロトビスジナミシャク,"Costaconvexa caespitaria (Christoph, 1881)",mapping_failed_or_empty
species-4160,ハコベナミシャク,"Euphyia cineraria (Butler, 1878)",mapping_failed_or_empty
species-4161,ムツテンナミシャク,"Catarhoe yokohamae (Butler, 1881)",mapping_failed_or_empty
species-4163,ハチノジクロナミシャク,"Pseudobaptria corydalaria (Graeser, 1889)",mapping_failed_or_empty
species-4164,ニッコウナミシャク,"Amoebotricha grataria (Leech, 1891)",mapping_failed_or_empty
species-4165,ミカヅキナミシャク,"Earophila correlata (Warren, 1901)",mapping_failed_or_empty
species-4166,ウラウスキナミシャク,"Protonebula umbrifera (Butler, 1879)",mapping_failed_or_empty
species-4167,タテスジナミシャク,"Pareulype consanguinea (Butler, 1878)",mapping_failed_or_empty
species-4168,チャイロナミシャク,"Pelurga comitata (Linnaeus, 1758)",mapping_failed_or_empty
species-4169,クロアシナミシャク,"Pelurga taczanowskiaria (Oberthür, 1880)",mapping_failed_or_empty
species-4170,ネスジナミシャク,"Pelurga onoi (Inoue, 1965)",mapping_failed_or_empty
species-4172,ヒメキンオビナミシャク,"Electrophaes recens Inoue, 1982",mapping_failed_or_empty
species-4177,サザナミナミシャク,"Entephria caesiata (Denis & Schiffermüller, 1775)",mapping_failed_or_empty
species-4178,シロテンサザナミナミシャク,"Entephria amplicosta Inoue, 1955",mapping_failed_or_empty
species-4179,ナカモンキナミシャク,"Idiotephria evanescens (Staudinger, 1897)",mapping_failed_or_empty
species-4180,モンキキナミシャク,"Idiotephria amelia (Butler, 1878)",mapping_failed_or_empty
species-4181,ギフウスキナミシャク,"Idiotephria debilitata (Leech, 1891)",mapping_failed_or_empty
species-4182,ヤナギナミシャク,"Hydriomena furcata (Thunberg, 1784)",mapping_failed_or_empty
species-4183,ヒロオビナミシャク,"Hydriomena impluviata (Denis & Schiffermüller, 1775)",mapping_failed_or_empty
species-4185,マエモンオオナミシャク,"Triphosa sericata (Butler, 1879)",mapping_failed_or_empty
species-4186,クモオビナミシャク,"Triphosa umbraria (Leech, 1891)",mapping_failed_or_empty
species-4187,クロヤエナミシャク,"Triphosa vashti (Butler, 1878)",mapping_failed_or_empty
species-4188,シロモンオオナミシャク,"Rheumaptera albiplaga (Oberthür, 1866)",mapping_failed_or_empty
species-4189,キボシヤエナミシャク,"Rheumaptera neocervinalis Inoue, 1982",mapping_failed_or_empty
species-4191,ヤエナミシャク,"Rheumaptera undulata (Linnaeus, 1758)",mapping_failed_or_empty
species-4192,ツマグロヤエナミシャク,"Rheumaptera inanata (Christoph, 1881)",mapping_failed_or_empty
species-4197,エゾヤエナミシャク,"Philereme corrugata (Butler, 1884)",mapping_failed_or_empty
species-4199,ネグロウスベニナミシャク,"Photoscotosia atrostrigata (Bremer, 1864)",mapping_failed_or_empty
species-4200,オオネグロウスベニナミシャク,"Photoscotosia lucicolens (Butler, 1878)",mapping_failed_or_empty
species-4201,テンヅマナミシャク,"Telenomeuta punctimarginaria (Leech, 1891)",mapping_failed_or_empty
species-4203,オオナミシャク,"Gandaritis maculata Swinhoe, 1894",mapping_failed_or_empty
species-4204,キベリシロナミシャク,"Gandaritis placida (Butler, 1878)",mapping_failed_or_empty
species-4205,ツマキシロナミシャク,"Gandaritis whitelyi (Butler, 1878)",mapping_failed_or_empty
species-4208,ナミガタシロナミシャク,"Callabraxas compositata (Guenée, 1858)",mapping_failed_or_empty
species-4209,フトシロオビナミシャク,"Callabraxas tokunoshimaensis Nakajima, 2014",not_in_input
species-4212,ウストビモンナミシャク,"Eulithis ledereri (Bremer, 1864)",mapping_failed_or_empty
species-4214,キジマソトグロナミシャク,"Eulithis pyropata (Hübner, 1809)",mapping_failed_or_empty
species-4215,アトクロナミシャク,"Lampropteryx minna (Butler, 1881)",mapping_failed_or_empty
species-4216,チビアトクロナミシャク,"Lampropteryx otregiata Metcalfe, 1917",mapping_failed_or_empty
species-4217,ヒダカアトクロナミシャク,"Lampropteryx suffumata (Denis & Schiffermüller, 1775)",mapping_failed_or_empty
species-4218,ナワメナミシャク,"Lampropteryx jameza (Butler, 1878)",mapping_failed_or_empty
species-4220,セスジナミシャク,"Evecliptopera illitata (Wileman, 1911)",mapping_failed_or_empty
species-4224,ソトキナミシャク,"Ecliptopera pryeri (Butler, 1881)",mapping_failed_or_empty
species-4226,ミヤマアミメナミシャク,"Eustroma aerosa (Butler, 1878)",mapping_failed_or_empty
species-4227,キアミメナミシャク,"Eustroma japonica Inoue, 1986",mapping_failed_or_empty
species-4229,ホソスジナミシャク,"Lobogonodes complicata (Butler, 1879)",mapping_failed_or_empty
species-4230,シロホソスジナミシャク,"Lobogonodes multistriata (Butler, 1889)",mapping_failed_or_empty
species-4232,ビロードナミシャク,"Sibatania mactata (Felder & Rogenhofer, 1875)",mapping_failed_or_empty
species-4233,キスジビロードナミシャク,"Sibatania arizana (Wileman, 1911)",mapping_failed_or_empty
species-4237,ウスキナカジロナミシャク,"Dysstroma infuscata (Tengström, 1869)",mapping_failed_or_empty
species-4239,アルプスナカジロナミシャク,"Dysstroma pseudimmanata Heydemann, 1929",mapping_failed_or_empty
species-4241,シロマダラナミシャク,"Dysstroma albicoma (Inoue, 1954)",mapping_failed_or_empty
species-4242,ネアカナカジロナミシャク,"Paradysstroma corussaria (Oberthür, 1880)",mapping_failed_or_empty
species-4244,オオクロオビナミシャク,"Praethera praefecta (Prout, 1914)",mapping_failed_or_empty
species-4245,ミヤマクロオビナミシャク,"Praethera anomala (Inoue, 1954)",mapping_failed_or_empty
species-4246,クロオビナミシャク,"Pennithera comis (Butler, 1879)",mapping_failed_or_empty
species-4247,ウスクロオビナミシャク,"Pennithera abolla (Inoue, 1943)",mapping_failed_or_empty
species-4248,モトクロオビナミシャク,"Heterothera quadrifulta (Prout, 1938)",mapping_failed_or_empty
species-4250,マダラクロオビナミシャク,"Heterothera serrataria (Prout, 1914)",mapping_failed_or_empty
species-4252,フタクロテンナミシャク,"Xenortholitha propinguata (Kollar, 1844)",mapping_failed_or_empty
species-4253,ナミスジフユナミシャク,"Operophtera brunnea Nakajima, 1991",mapping_failed_or_empty
species-4254,ユキノコフユナミシャク,"Operophtera mizunoi Nakajima, 2020",not_in_input
species-4255,イチモジフユナミシャク,"Operophtera rectipostmediana Inoue, 1942",mapping_failed_or_empty
species-4256,サザナミフユナミシャク,"Operophtera japonaria (Leech, 1891)",mapping_failed_or_empty
species-4259,ヒメクロオビフユナミシャク,"Operophtera crispifascia Inoue, 1982",mapping_failed_or_empty
species-4261,ミドリアキナミシャク,"Epirrita viridipurpurescens (Prout, 1937)",mapping_failed_or_empty
species-4262,ナカオビアキナミシャク,"Nothoporinia mediolineata (Prout, 1914)",mapping_failed_or_empty
species-4263,シロオビマルバナミシャク,"Solitanea defricata (Püngeler, 1903)",mapping_failed_or_empty
species-4264,トビスジトガリナミシャク,"Zola terranea (Butler, 1879)",mapping_failed_or_empty
species-4265,ミヤマナミシャク,"Venusia cambrica Curtis, 1839",mapping_failed_or_empty
species-4266,クロスジカバイロナミシャク,"Venusia laria Oberthür, 1893",mapping_failed_or_empty
species-4267,キモンハイイロナミシャク,"Venusia blomeri (Curtis, 1832)",mapping_failed_or_empty
species-4268,マエモンハイイロナミシャク,"Venusia semistrigata (Christoph, 1881)",mapping_failed_or_empty
species-4269,フタモンコナミシャク,"Venusia megaspilata (Warren, 1895)",mapping_failed_or_empty
species-4270,ナナスジナミシャク,"Venusia phasma (Butler, 1879)",mapping_failed_or_empty
species-4271,キスジハイイロナミシャク,"Hydrelia sylvata (Denis & Schiffermüller, 1775)",mapping_failed_or_empty
species-4272,ホソスジハイイロナミシャク,"Hydrelia gracilipennis Inoue, 1982",mapping_failed_or_empty
species-4273,チビヒメナミシャク,"Hydrelia shioyana (Matsumura, 1927)",mapping_failed_or_empty
species-4274,カバイロヒメナミシャク,"Hydrelia adesma Prout, 1930",mapping_failed_or_empty
species-4275,テンスジヒメナミシャク,"Hydrelia nisaria (Christoph, 1881)",mapping_failed_or_empty
species-4276,マダラウスナミシャク,"Hydrelia bicauliata Prout, 1914",mapping_failed_or_empty
species-4277,キヒメナミシャク,"Hydrelia flammeolaria (Hufnagel, 1767)",mapping_failed_or_empty
species-4278,ハンノナミシャク,"Euchoeca nebulata (Scopoli, 1763)",mapping_failed_or_empty
species-4279,ヘリスジナミシャク,"Eschatarchia lineata Warren, 1894",mapping_failed_or_empty
species-4280,ウステンシロナミシャク,"Asthena amurensis (Staudinger, 1897)",mapping_failed_or_empty
species-4281,ムスジシロナミシャク,"Asthena nymphaeata (Staudinger, 1897)",mapping_failed_or_empty
species-4282,マンサクシロナミシャク,"Asthena hamadryas Inoue, 1976",mapping_failed_or_empty
species-4283,キムジシロナミシャク,"Asthena corculina Butler, 1878",mapping_failed_or_empty
species-4284,フタマタシロナミシャク,"Asthena ochrifasciaria Leech, 1897",mapping_failed_or_empty
species-4285,カラフトシロナミシャク,"Asthena sachalinensis (Matsumura, 1925)",mapping_failed_or_empty
species-4286,キマダラシロナミシャク,"Asthena octomacularia Leech, 1897",mapping_failed_or_empty
species-4287,スカシシロナミシャク,"Asthena undulata (Wileman, 1915)",mapping_failed_or_empty
species-4288,ハガタチビナミシャク,"Hastina subfalcaria (Christoph, 1881)",mapping_failed_or_empty
species-4289,フタオモドキナミシャク,"Macrohastina azela (Butler, 1878)",mapping_failed_or_empty
species-4290,キイロナミシャク,"Pseudostegania defectata (Christoph, 1881)",mapping_failed_or_empty
species-4291,セグロナミシャク,"Laciniodes unistirpis (Butler, 1878)",mapping_failed_or_empty
species-4293,キベリヒメナミシャク,"Eois grataria (Walker, 1861)",mapping_failed_or_empty
species-4294,マエチャナミシャク,"Acolutha pictaria (Moore, 1888)",mapping_failed_or_empty
species-4295,ハガタマエチャナミシャク,"Acolutha pulchella (Hampson, 1891)",mapping_failed_or_empty
species-4296,アカモンコナミシャク,"Palpoctenidia phoenicosoma (Swinhoe, 1895)",mapping_failed_or_empty
species-4297,ハネナガナミシャク,"Physetobasis dentifascia Hampson, 1895",mapping_failed_or_empty
species-4298,ハマダラナミシャク,"Pomasia denticlathrata Warren, 1893",mapping_failed_or_empty
species-4299,ウスカバスジナミシャク,"Martania taeniata (Stephens, 1831)",mapping_failed_or_empty
species-4300,ヒメカバスジナミシャク,"Martania saxea (Wileman, 1911)",mapping_failed_or_empty
species-4301,コカバスジナミシャク,"Martania fulvida (Butler, 1881)",mapping_failed_or_empty
species-4302,キオビカバスジナミシャク,"Martania minimata (Staudinger, 1897)",mapping_failed_or_empty
species-4303,クロカバスジナミシャク,"Gagitodes parvaria (Leech, 1891)",mapping_failed_or_empty
species-4304,ヤハズナミシャク,"Gagitodes sagittata (Fabricius, 1787)",mapping_failed_or_empty
species-4305,ミヤマチビナミシャク,"Perizoma japonica Inoue, 1955",mapping_failed_or_empty
species-4306,ウスモンチビナミシャク,"Perizoma contrita (Prout, 1913)",mapping_failed_or_empty
species-4307,ハガタオビコナミシャク,"Perizoma alchemillata (Linnaeus, 1758)",not_in_input
species-4308,フタオビカバナミシャク,"Perizoma haasi (Hedemann, 1881)",mapping_failed_or_empty
species-4309,オオクロテンカバナミシャク,"Eupithecia abietaria (Goeze, 1781)",mapping_failed_or_empty
species-4310,ダイセツクロテンカバナミシャク,"Eupithecia analoga Djakonov, 1926",not_in_input
species-4311,フトオビヒメナミシャク,"Eupithecia gigantea Staudinger, 1897",mapping_failed_or_empty
species-4312,ウスアカチビナミシャク,"Eupithecia rufescens Butler, 1878",mapping_failed_or_empty
species-4313,ナカオビカバナミシャク,"Eupithecia subbreviata Staudinger, 1897",mapping_failed_or_empty
species-4314,ウスカバナミシャク,"Eupithecia proterva Butler, 1878",mapping_failed_or_empty
species-4315,モンウスカバナミシャク,"Eupithecia clavifera Inoue, 1955",mapping_failed_or_empty
species-4316,マエナミカバナミシャク,"Eupithecia niphonaria Leech, 1897",mapping_failed_or_empty
species-4317,マエテンカバナミシャク,"Eupithecia costiconvexa Inoue, 1979",mapping_failed_or_empty
species-4318,ヒコサンカバナミシャク,"Eupithecia antivulgaria Inoue, 1965",mapping_failed_or_empty
species-4319,ソトカバナミシャク,"Eupithecia signigera Butler, 1879",mapping_failed_or_empty
species-4321,ナガイカバナミシャク,"Eupithecia nagaii Inoue, 1963",not_in_input
species-4322,アキカバナミシャク,"Eupithecia subfumosa Inoue, 1965",not_in_input
species-4323,ヒメカバナミシャク,"Eupithecia aritai Inoue, 1977",mapping_failed_or_empty
species-4324,ナカアオナミシャク,"Eupithecia sophia Butler, 1878",mapping_failed_or_empty
species-4325,エゾチビナミシャク,"Eupithecia jezonica Matsumura, 1927",mapping_failed_or_empty
species-4326,オオモンカバナミシャク,"Eupithecia okadai Inoue, 1958",mapping_failed_or_empty
species-4327,ヤスジカバナミシャク,"Eupithecia mandschurica Staudinger, 1897",mapping_failed_or_empty
species-4328,クロテンヤスジカバナミシャク,"Eupithecia interpunctaria Inoue, 1979",mapping_failed_or_empty
species-4329,ホソチビナミシャク,"Eupithecia absinthiata (Clerck, 1759)",mapping_failed_or_empty
species-4330,ホタカカバナミシャク,"Eupithecia korbi Dietze, 1908",mapping_failed_or_empty
species-4331,セアカカバナミシャク,"Eupithecia quadripunctata Warren, 1888",mapping_failed_or_empty
species-4332,フタモンカバナミシャク,"Eupithecia repentina Vojnits & Laever, 1978",mapping_failed_or_empty
species-4333,ハラキカバナミシャク,"Eupithecia subtacincta Hampson, 1895",mapping_failed_or_empty
species-4334,ミジンカバナミシャク,"Eupithecia addictata Dietze, 1908",mapping_failed_or_empty
species-4335,イイジマカバナミシャク,"Eupithecia thalictrata Püngeler, 1902",mapping_failed_or_empty
species-4336,ウスイロヤスジカバナミシャク,"Eupithecia kurilensis Bryk, 1942",mapping_failed_or_empty
species-4337,ウラモンウストビナミシャク,"Eupithecia scribai Prout, 1938",mapping_failed_or_empty
species-4338,ウストビナミシャク,"Eupithecia amplexata Christoph, 1881",mapping_failed_or_empty
species-4339,オオウストビナミシャク,"Eupithecia pernotata Guenée, 1858",mapping_failed_or_empty
species-4340,アルプスカバナミシャク,"Eupithecia veratraria Herrich-Schäffer, 1848",mapping_failed_or_empty
species-4341,シロマダラカバナミシャク,"Eupithecia extensaria (Freyer, 1844)",mapping_failed_or_empty
species-4342,シタジロカバナミシャク,"Eupithecia conterminata (Zeller, 1846)",mapping_failed_or_empty
species-4343,ミスジカバナミシャク,"Eupithecia neosatyrata Inoue, 1979",mapping_failed_or_empty
species-4344,アミモンカバナミシャク,"Eupithecia insignioides Wehrli, 1923",mapping_failed_or_empty
species-4345,カラスナミシャク,"Eupithecia caliginea Butler, 1878",mapping_failed_or_empty
species-4346,ジンボカバナミシャク,"Eupithecia jinboi Inoue, 1976",mapping_failed_or_empty
species-4347,カメダカバナミシャク,"Eupithecia detritata Staudinger, 1897",mapping_failed_or_empty
species-4348,オビカバナミシャク,"Eupithecia selinata Herrich-Schäffer, 1861",mapping_failed_or_empty
species-4349,チャバネカバナミシャク,"Eupithecia kobayashii Inoue, 1958",mapping_failed_or_empty
species-4350,スジグロカバナミシャク,"Eupithecia supercastigata Inoue, 1958",mapping_failed_or_empty
species-4351,クロモンカバナミシャク,"Eupithecia consortaria Leech, 1897",mapping_failed_or_empty
species-4352,ウラモンカバナミシャク,"Eupithecia actaeata Walderdorff, 1869",mapping_failed_or_empty
species-4353,ミヤマカバナミシャク,"Eupithecia impavida Vojnits, 1979",mapping_failed_or_empty
species-4354,フジカバナミシャク,"Eupithecia groenblomi Urbahn, 1969",mapping_failed_or_empty
species-4355,ツシマカバナミシャク,"Eupithecia persuastrix Mironov, 1990",mapping_failed_or_empty
species-4356,ハネナガカバナミシャク,"Eupithecia takao Inoue, 1955",mapping_failed_or_empty
species-4357,クロスジカバナミシャク,"Eupithecia ancillata Mironov & Galsworthy, 2004",mapping_failed_or_empty
species-4358,シロテンカバナミシャク,"Eupithecia tripunctaria Herrich-Schäffer, 1855",mapping_failed_or_empty
species-4359,クニガミカバナミシャク,"Eupithecia ryukyuensis Inoue, 1971",mapping_failed_or_empty
species-4360,トシマカバナミシャク,"Eupithecia tenuisquama (Warren, 1896)",mapping_failed_or_empty
species-4361,クロシオカバナミシャク,"Eupithecia kuroshio Inoue, 1980",mapping_failed_or_empty
species-4362,クロテンカバナミシャク,"Eupithecia emanata Dietze, 1908",mapping_failed_or_empty
species-4363,アザミカバナミシャク,"Eupithecia virgaureata Doubleday, 1861",mapping_failed_or_empty
species-4364,ホソカバスジナミシャク,"Eupithecia lariciata (Freyer, 1842)",mapping_failed_or_empty
species-4365,マダラカバスジナミシャク,"Eupithecia tantilloides Inoue, 1958",mapping_failed_or_empty
species-4366,シコクカバナミシャク,"Eupithecia shikokuensis Inoue, 1980",mapping_failed_or_empty
species-4367,マスイカバナミシャク,"Eupithecia pusillata (Denis & Schiffermüller, 1775)",mapping_failed_or_empty
species-4368,キナミウスグロナミシャク,"Eupithecia subfuscata (Haworth, 1809)",mapping_failed_or_empty
species-4369,ウススジヒメカバナミシャク,"Eupithecia homogrammata Dietze, 1908",mapping_failed_or_empty
species-4370,ムネシロテンカバナミシャク,"Eupithecia maenamiella Inoue, 1980",mapping_failed_or_empty
species-4371,グンマカバナミシャク,"Eupithecia ebriosa Vojnits, 1979",mapping_failed_or_empty
species-4372,ナカグロチビナミシャク,"Eupithecia daemionata Dietze, 1903",mapping_failed_or_empty
species-4373,ヨホシナミシャク,"Eupithecia costimacularia Leech, 1897",mapping_failed_or_empty
species-4374,ヤクシマカバナミシャク,"Eupithecia yakushimensis Inoue, 1980",mapping_failed_or_empty
species-4375,クロマダラカバナミシャク,"Eupithecia pygmaeata (Hübner, 1799)",mapping_failed_or_empty
species-4376,クロバネカバナミシャク,"Eupithecia zibellinata Christoph, 1881",mapping_failed_or_empty
species-4377,チャイロカバナミシャク,"Eupithecia pseudassimilata Viidalepp & Mironov, 1988",mapping_failed_or_empty
species-4378,シロオビカバナミシャク,"Eupithecia suboxydata Staudinger, 1897",mapping_failed_or_empty
species-4379,オガサワラカバナミシャク,"Eupithecia costalis Walker, 1869",mapping_failed_or_empty
species-4380,ナミスジカバナミシャク,"Eupithecia carpophilata Staudinger, 1897",not_in_input
species-4381,ムラサキカバナミシャク,"Girida rigida (Swinhoe, 1892)",mapping_failed_or_empty
species-4382,フタシロスジカバナミシャク,"Mesoptila melanolopha (Swinhoe, 1895)",mapping_failed_or_empty
species-4383,シロモンカバナミシャク,"Pareupithecia spadix (Inoue, 1955)",mapping_failed_or_empty
species-4384,ナカジマチビナミシャク,"Casuariclystis latifascia (Walker, 1866)",mapping_failed_or_empty
species-4385,ホソバチビナミシャク,"Spiralisigna subpumilata (Inoue, 1972)",mapping_failed_or_empty
species-4386,イシガキチビナミシャク,"Eriopithex ishigakiensis (Inoue, 1971)",mapping_failed_or_empty
species-4387,クニガミチビナミシャク,"Eriopithex lanaris Warren, 1896",mapping_failed_or_empty
species-4388,テルクビチビナミシャク,"Gymnoscelis pseudotibialis Holloway, 1997",mapping_failed_or_empty
species-4389,ケブカチビナミシャク,"Gymnoscelis esakii Inoue, 1955",mapping_failed_or_empty
species-4390,ウスチャイロチビナミシャク,"Gymnoscelis albicaudata Warren, 1897",mapping_failed_or_empty
species-4391,トベラクロスジナミシャク,"Gymnoscelis tristrigosa (Butler, 1880)",mapping_failed_or_empty
species-4392,ヒラドチビナミシャク,"Gymnoscelis imparatalis (Walker, 1866)",mapping_failed_or_empty
species-4393,ウスムラサキチビナミシャク,"Gymnoscelis deleta (Hampson, 1891)",mapping_failed_or_empty
species-4394,ユリカチビナミシャク,"Gymnoscelis yurikae Inoue, 2002",mapping_failed_or_empty
species-4395,マルバネチビナミシャク,"Gymnoscelis admixtaria (Walker, 1862)",mapping_failed_or_empty
species-4396,オガサワラチビナミシャク,"Gymnoscelis boninensis Inoue, 1994",mapping_failed_or_empty
species-4397,ウラジロチビナミシャク,"Gymnoscelis montgomeryi Inoue, 1994",mapping_failed_or_empty
species-4398,ウラグロチビナミシャク,"Gymnoscelis melaninfra Inoue, 1994",mapping_failed_or_empty
species-4399,シタベニチビナミシャク,"Gymnoscelis semialbida (Walker, 1866)",mapping_failed_or_empty
species-4400,カギモンチビナミシャク,"Glaucoclystis polyclealis (Walker, 1859)",mapping_failed_or_empty
species-4401,クロテンアオナミシャク,"Glaucoclystis azumai (Inoue, 1971)",mapping_failed_or_empty
species-4402,ミナミチビナミシャク,"Glaucoclystis satoi Inoue, 2002",mapping_failed_or_empty
species-4403,クロスジチビナミシャク,"Glaucoclystis tominagai Yazaki, 2014",not_in_input
species-4404,クロスジアオナミシャク,"Chloroclystis v-ata (Haworth, 1809)",mapping_failed_or_empty
species-4405,アマミアオナミシャク,"Chloroclystis neoconversa Inoue, 1971",mapping_failed_or_empty
species-4406,リンゴアオナミシャク,"Pasiphila rectangulata (Linnaeus, 1758)",mapping_failed_or_empty
species-4407,クロフウスアオナミシャク,"Pasiphila chloerata (Mabille, 1870)",mapping_failed_or_empty
species-4408,ハラアカウスアオナミシャク,"Pasiphila obscura (West, 1929)",mapping_failed_or_empty
species-4409,テンスジアオナミシャク,"Pasiphila debiliata (Hübner, 1817)",mapping_failed_or_empty
species-4410,ウラモンアオナミシャク,"Pasiphila subcinctata (Prout, 1915)",mapping_failed_or_empty
species-4411,チビアオナミシャク,"Pasiphila kumakurai (Inoue, 1958)",mapping_failed_or_empty
species-4412,ソトシロオビナミシャク,"Pasiphila excisa (Butler, 1878)",mapping_failed_or_empty
species-4413,マダラアオナミシャク,"Pasiphila hypopyrrha (West, 1929)",mapping_failed_or_empty
species-4414,アトシロモンカバナミシャク,"Axinoptera anticostalis Galsworthy, 1999",mapping_failed_or_empty
species-4415,サキシマチビナミシャク,"Bosara atypha (Prout, 1958)",mapping_failed_or_empty
species-4416,ヒトスジチビナミシャク,"Bosara kadooriensis Galsworthy, 2003",mapping_failed_or_empty
species-4417,クビレチビナミシャク,"Bosara obliterata Inoue, 2002",not_in_input
species-4418,テングナミシャク,"Collix stellata Warren, 1894",mapping_failed_or_empty
species-4419,オオサビイロナミシャク,"Collix ghosha Walker, 1862",mapping_failed_or_empty
species-4420,トラノオナミシャク,"Anticollix sparsata (Treitschke, 1828)",mapping_failed_or_empty
species-4421,アオスジナミシャク,"Echthrocollix minuta (Butler, 1881)",mapping_failed_or_empty
species-4422,マエフタテンナミシャク,"Herbulotia agilata (Christoph, 1881)",mapping_failed_or_empty
species-4425,トガリバナミシャク,"Horisme stratata (Wileman, 1911)",mapping_failed_or_empty
species-4426,サビイロナミシャク,"Pseudocollix hyperythra (Hampson, 1895)",mapping_failed_or_empty
species-4427,クロテンサビイロナミシャク,"Pseudocollix kawamurai (Inoue, 1972)",mapping_failed_or_empty
species-4429,リュウキュウナカジロナミシャク,"Melanthia catenaria (Moore, 1868)",mapping_failed_or_empty