insect_id,japanese_name,scientific_name,hostplant_count,general_note_count,notes
"species-21839","ハチジョウトゲウスバカミキリ","Megopis formosana hachijoana Fujita, 1980","0","1","日本列島の甲虫全種目録(2026)参照。食草・生態情報は未入力。"
"species-21840","アマミトゲウスバカミキリ 基亜種","Megopis formosana kawazoei Hayashi, 1961","0","1","日本列島の甲虫全種目録(2026)参照。食草・生態情報は未入力。"
"species-21846","タイワンニセクワガタカミキリ","Parandra (Parandra) formosana Miwa & Mitono, 1939","0","1","日本列島の甲虫全種目録(2026)参照。食草・生態情報は未入力。"
"species-21847","ムネスジウスバカミキリ 八重山亜種","Nortia carinicollis hanatanii Fujita, 2018","2","0","日本列島の甲虫全種目録(2026)参照。食草・生態情報は未入力。"
"species-21849","ムネスジウスバカミキリ 奄美沖縄亜種","Nortia carinicollis pruinicollis Gressitt, 1965","0","1","日本列島の甲虫全種目録(2026)参照。食草・生態情報は未入力。"
"species-21850","サツマムネスジウスバカミキリ","Nortia geniculata satsumana Niisato & N. Ohbayashi, 2005","0","1","日本列島の甲虫全種目録(2026)参照。食草・生態情報は未入力。"
"species-21851","オガサワラムネスジウスバカミキリ","Nortia kusuii Kusama & Nara, 1973","0","1","日本列島の甲虫全種目録(2026)参照。食草・生態情報は未入力。"
"species-21854","シロヘリトラカミキリ","Anaglyptus (Aglaophis) colobotheoides (Bates, 1884)","0","1","日本列島の甲虫全種目録(2026)参照。食草・生態情報は未入力。"
"species-21855","アラカワシロヘリトラカミキリ 基亜種","Anaglyptus (Anaglyptus) arakawae arakawae (Kano, 1933)","0","1","日本列島の甲虫全種目録(2026)参照。食草・生態情報は未入力。"
"species-21858","マツシタトラカミキリ","Anaglyptus (Anaglyptus) matsushitai Hayashi, 1955","0","1","日本列島の甲虫全種目録(2026)参照。食草・生態情報は未入力。"
"species-21860","スギノアカネトラカミキリ","Anaglyptus (Anaglyptus) subfasciatus Pic, 1906","0","1","日本列島の甲虫全種目録(2026)参照。食草・生態情報は未入力。"
"species-21861","サツマスギノアカネトラカミキリ 基亜種","Anaglyptus (Anaglyptus) yakushimanus yakushimanus Hayashi, 1968","0","1","日本列島の甲虫全種目録(2026)参照。食草・生態情報は未入力。"
"species-21863","ケブカトラカミキリ","Hirticlytus comosus (Matsushita, 1941)","0","1","日本列島の甲虫全種目録(2026)参照。食草・生態情報は未入力。"
"species-21865","エゾトラカミキリ 基亜種","Oligoenoplus rosti rosti (Pic, 1911)","1","0","日本列島の甲虫全種目録(2026)参照。食草・生態情報は未入力。"
"species-21868","シロトラカミキリ","Paraclytus excultus Bates, 1884","3","0","日本列島の甲虫全種目録(2026)参照。食草・生態情報は未入力。"
"species-21870","ジャコウカミキリ","Aromia moschata orientalis Plavilstshikov, 1933","0","1","日本列島の甲虫全種目録(2026)参照。食草・生態情報は未入力。"
"species-21872","ヤクシマミドリカミキリ 基亜種","Chloridolum (Chloridolum) kurosawae kurosawae Hayashi, 1956","0","1","日本列島の甲虫全種目録(2026)参照。食草・生態情報は未入力。"
"species-21876","オオアオカミキリ","Chloridolum (Chloridolum) thaliodes Bates, 1884","0","1","日本列島の甲虫全種目録(2026)参照。食草・生態情報は未入力。"
"species-21877","ミドリカミキリ","Chloridolum (Leontium) viride (Thomson, 1864)","1","1","日本列島の甲虫全種目録(2026)参照。食草・生態情報は未入力。"
"species-21880","アオカミキリ 基亜種","Schwarzerium quadricollis quadricollis (Bates, 1884)","0","1","日本列島の甲虫全種目録(2026)参照。食草・生態情報は未入力。"
"species-21883","ルリヒラタカミキリ","Callidium (Callidium) violaceum (Linnaeus, 1758)","0","1","日本列島の甲虫全種目録(2026)参照。食草・生態情報は未入力。"
"species-21887","ミドリヒメスギカミキリ","Callidium (Paraeocallidium) kuratai (Yokoyama, 1972)","0","1","日本列島の甲虫全種目録(2026)参照。食草・生態情報は未入力。"
"species-21890","チャイロチビヒラタカミキリ 北海道亜種","Phymatodes (Phymatodellus) infasciatus vandykei Gressitt, 1935","0","1","日本列島の甲虫全種目録(2026)参照。食草・生態情報は未入力。"
"species-21891","チャイロホソヒラタカミキリ","Phymatodes (Phymatodes) testaceus (Linnaeus, 1758)","1","0","日本列島の甲虫全種目録(2026)参照。食草・生態情報は未入力。"
"species-21892","シロオビチビヒラタカミキリ","Poecilium albicinctum (Bates, 1873)","0","1","日本列島の甲虫全種目録(2026)参照。食草・生態情報は未入力。"
"species-21894","アカネカミキリ","Poecilium maaki viarius (Danilevsky, 1988)","1","1","日本列島の甲虫全種目録(2026)参照。食草・生態情報は未入力。"
"species-21898","クロヒラタカミキリ","Ropalopus (Prorrhopalopus) signaticollis ohmomoi Fujita, 2023","0","1","日本列島の甲虫全種目録(2026)参照。食草・生態情報は未入力。"
"species-21899","ビャクシンカミキリ","Semanotus bifasciatus (Motschulsky, 1875)","0","1","日本列島の甲虫全種目録(2026)参照。食草・生態情報は未入力。"
"species-21900","スギカミキリ 基亜種","Semanotus japonicus japonicus (Lacordaire, 1869)","0","1","日本列島の甲虫全種目録(2026)参照。食草・生態情報は未入力。"
"species-21904","リュウキュウヒメカミキリ 基亜種","Ceresium fuscum fuscum Matsumura & Matsushita, 1932","0","1","日本列島の甲虫全種目録(2026)参照。食草・生態情報は未入力。"
"species-21908","ヨコヤマヒメカミキリ","Ceresium holophaeum Bates, 1873","0","1","日本列島の甲虫全種目録(2026)参照。食草・生態情報は未入力。"
"species-21910","ヒゲナガヒメカミキリ","Ceresium longicorne Pic, 1926","3","0","日本列島の甲虫全種目録(2026)参照。食草・生態情報は未入力。"
"species-21912","クロモンヒメカミキリ","Ceresium signaticolle Matsumura & Matsushita, 1932","1","1","日本列島の甲虫全種目録(2026)参照。食草・生態情報は未入力。"
"species-21913","チャイロヒメカミキリ 基亜種","Ceresium simile simile Gahan, 1890","0","1","日本列島の甲虫全種目録(2026)参照。食草・生態情報は未入力。"
"species-21916","テツイロヒメカミキリ","Ceresium sinicum A. White, 1855","4","1","日本列島の甲虫全種目録(2026)参照。食草・生態情報は未入力。"
"species-21917","フトガタヒメカミキリ 基亜種","Ceresium unicolor unicolor (Fabricius, 1787)","2","1","日本列島の甲虫全種目録(2026)参照。食草・生態情報は未入力。"
"species-21920","コジマクロオビヒメカミキリ","Parasalpinia kojimai Hayashi, 1962","0","1","日本列島の甲虫全種目録(2026)参照。食草・生態情報は未入力。"
"species-21921","アメイロカミキリ 基亜種","Stenodryas clavigera clavigera Bates, 1873","0","1","日本列島の甲虫全種目録(2026)参照。食草・生態情報は未入力。"
"species-21923","ヨツボシカミキリ","Stenygrinum quadrinotatum Bates, 1873","0","1","日本列島の甲虫全種目録(2026)参照。食草・生態情報は未入力。"
"species-21930","キマダラヒメミヤマカミキリ","Dymasius (Elydnus) hirayamai Matsushita, 1941","0","1","日本列島の甲虫全種目録(2026)参照。食草・生態情報は未入力。"
"species-21931","キイロミヤマカミキリ","Margites (Margites) fulvidus (Pascoe, 1858)","0","1","日本列島の甲虫全種目録(2026)参照。食草・生態情報は未入力。"
"species-21932","ニッポンムネヒダミヤマカミキリ","Nadezhdiella japonica Hayashi, 1972","0","1","日本列島の甲虫全種目録(2026)参照。食草・生態情報は未入力。"
"species-21933","ミヤマカミキリ","Neocerambyx raddei Blessig, 1872","1","1","日本列島の甲虫全種目録(2026)参照。食草・生態情報は未入力。"
"species-21935","トゲムネミヤマカミキリ","Trirachys orientalis Hope, 1843","0","1","日本列島の甲虫全種目録(2026)参照。食草・生態情報は未入力。"
"species-21936","ケナガカミキリ","Artimpaza setigera japonica (Pic, 1928)","0","1","日本列島の甲虫全種目録(2026)参照。食草・生態情報は未入力。"
"species-21939","ホタルカミキリ","Dere thoracica White, 1855","0","1","日本列島の甲虫全種目録(2026)参照。食草・生態情報は未入力。"
"species-21942","チュウジョウクビアカモモブトホソカミキリ","Kurarua chujoi Makihara, 1982","0","1","日本列島の甲虫全種目録(2026)参照。食草・生態情報は未入力。"
"species-21943","ケズネチビトラカミキリ 基亜種","Amamiclytus nobuoi nobuoi K. Ohbayashi, 1964","0","1","日本列島の甲虫全種目録(2026)参照。食草・生態情報は未入力。"
"species-21948","アカネトラカミキリ","Brachyclytus singularis Kraatz, 1879","0","1","日本列島の甲虫全種目録(2026)参照。食草・生態情報は未入力。"
"species-21949","クロトラカミキリ 北海道亜種","Chlorophorus (Humeromaculatus) diadema inhisutus (Matsushita, 1934)","3","0","日本列島の甲虫全種目録(2026)参照。食草・生態情報は未入力。"
"species-21951","アマミキイロトラカミキリ","Chlorophorus amami Hayashi, 1968","0","1","日本列島の甲虫全種目録(2026)参照。食草・生態情報は未入力。"
"species-21952","タケトラカミキリ","Chlorophorus annularis (Fabricius, 1787)","11","0","日本列島の甲虫全種目録(2026)参照。食草・生態情報は未入力。"
"species-21953","イリオモテトラカミキリ","Chlorophorus aritai (K. Ohbayashi, 1964)","0","1","日本列島の甲虫全種目録(2026)参照。食草・生態情報は未入力。"
"species-21954","オガサワラトラカミキリ 基亜種","Chlorophorus boninensis boninensis Kano, 1933","0","1","日本列島の甲虫全種目録(2026)参照。食草・生態情報は未入力。"
"species-21957","アマミウスグロトラカミキリ","Chlorophorus flavopubescens Hayashi, 1968","0","1","日本列島の甲虫全種目録(2026)参照。食草・生態情報は未入力。"
"species-21958","カノミドリトラカミキリ","Chlorophorus kanoi Hayashi, 1963","0","1","日本列島の甲虫全種目録(2026)参照。食草・生態情報は未入力。"
"species-21959","オガサワラキイロトラカミキリ 基亜種","Chlorophorus kobayashii kobayashii Komiya, 1976","2","1","日本列島の甲虫全種目録(2026)参照。食草・生態情報は未入力。"
"species-21962","ミナミイオウトラカミキリ 基亜種","Chlorophorus minamiiwo minamiiwo M. Satô & N. Ohbayashi, 1982","0","1","日本列島の甲虫全種目録(2026)参照。食草・生態情報は未入力。"
"species-21964","メシマキイロトラカミキリ","Chlorophorus nodai Makihara, 1986","0","1","日本列島の甲虫全種目録(2026)参照。食草・生態情報は未入力。"
"species-21966","トウホクトラカミキリ","Chlorophorus tohokensis Hayashi, 1968","0","1","日本列島の甲虫全種目録(2026)参照。食草・生態情報は未入力。"
"species-21967","ヤエヤマトラカミキリ 基亜種","Chlorophorus yayeyamensis yayeyamensis (Kano, 1933)","0","1","日本列島の甲虫全種目録(2026)参照。食草・生態情報は未入力。"
"species-21972","キョクトウトラカミキリ","Clytus arietoides Reitter, 1900","0","1","日本列島の甲虫全種目録(2026)参照。食草・生態情報は未入力。"
"species-21973","キンケトラカミキリ","Clytus auripilis Bates, 1884","2","0","日本列島の甲虫全種目録(2026)参照。食草・生態情報は未入力。"
"species-21975","シロオビトラカミキリ","Clytus raddensis Pic, 1904","0","1","日本列島の甲虫全種目録(2026)参照。食草・生態情報は未入力。"
"species-21976","キスジトラカミキリ","Cyrtoclytus caproides (Bates, 1873)","3","1","日本列島の甲虫全種目録(2026)参照。食草・生態情報は未入力。"
"species-21979","サキシマトゲヒゲトラカミキリ","Demonax masatakai K. Ohbayashi, 1964","0","1","日本列島の甲虫全種目録(2026)参照。食草・生態情報は未入力。"
"species-21980","オオバヤシトゲヒゲトラカミキリ","Demonax ohbayashii Samuelson, 1965","0","1","日本列島の甲虫全種目録(2026)参照。食草・生態情報は未入力。"
"species-21982","アマミトゲヒゲトラカミキリ","Demonax semixeniscus Hayashi, 1962","0","1","日本列島の甲虫全種目録(2026)参照。食草・生態情報は未入力。"
"species-21983","トゲヒゲトラカミキリ","Demonax transilis Bates, 1884","5","1","日本列島の甲虫全種目録(2026)参照。食草・生態情報は未入力。"
"species-21984","ヨコヤマトラカミキリ","Epiclytus yokoyamai (Kano, 1933)","0","1","日本列島の甲虫全種目録(2026)参照。食草・生態情報は未入力。"
"species-21986","キイロトラカミキリ","Grammographus notabilis notabilis (Pascoe, 1862)","4","1","日本列島の甲虫全種目録(2026)参照。食草・生態情報は未入力。"
"species-21988","エグリトラカミキリ","Humeromaculatus (Humeromaculatus) japonicus (Chevrolat, 1863)","8","1","日本列島の甲虫全種目録(2026)参照。食草・生態情報は未入力。"
"species-21990","フタオビミドリトラカミキリ 基亜種","Humeromaculatus (Humeromaculatus) muscosus muscosus (Bates, 1873)","5","0","日本列島の甲虫全種目録(2026)参照。食草・生態情報は未入力。"
"species-21998","ヨツスジトラカミキリ 基亜種","Humeromaculatus (Humeromaculatus) quinquefasciatus quinquefasciatus (Laporte & Gory, 1836)","4","1","日本列島の甲虫全種目録(2026)参照。食草・生態情報は未入力。"
"species-22004","フッケントラカミキリ 基亜種","Kazuoclytus fukienensis fukienensis (Gressitt, 1951)","0","1","日本列島の甲虫全種目録(2026)参照。食草・生態情報は未入力。"
"species-22007","ヤマトシロオビトラカミキリ","Kazuoclytus lautoides (Hayashi, 1950)","0","1","日本列島の甲虫全種目録(2026)参照。食草・生態情報は未入力。"
"species-22008","キュウシュウチビトラカミキリ 基亜種","Perissus kiusiuensis kiusiuensis K. Ohbayashi, 1958","0","1","日本列島の甲虫全種目録(2026)参照。食草・生態情報は未入力。"
"species-22015","コトラカミキリ","Plagionotus pulcher (Blessig, 1872)","0","1","日本列島の甲虫全種目録(2026)参照。食草・生態情報は未入力。"
"species-22016","カンボウトラカミキリ 基亜種","Rhabdoclytus acutivittis acutivittis (Kraatz, 1879)","1","1","日本列島の甲虫全種目録(2026)参照。食草・生態情報は未入力。"
"species-22022","ヒメクロトラカミキリ 基亜種","Rhaphuma diminuta diminuta (Bates, 1873)","3","1","日本列島の甲虫全種目録(2026)参照。食草・生態情報は未入力。"
"species-22025","ホソトラカミキリ","Rhaphuma xenisca (Bates, 1884)","1","0","日本列島の甲虫全種目録(2026)参照。食草・生態情報は未入力。"
"species-22026","ハセガワトラカミキリ","Teratoclytus plavilstshikovi Zaitzev, 1937","0","1","日本列島の甲虫全種目録(2026)参照。食草・生態情報は未入力。"
"species-22027","オオトラカミキリ","Xyloclytus (Ootora) villioni (Villard, 1892)","0","1","日本列島の甲虫全種目録(2026)参照。食草・生態情報は未入力。"
"species-22029","ブドウトラカミキリ","Xylotrechus (Igneotrechus) pyrrhoderus pyrrhoderus Bates, 1873","0","1","日本列島の甲虫全種目録(2026)参照。食草・生態情報は未入力。"
"species-22030","クビアカトラカミキリ","Xylotrechus (Igneotrechus) rufilius rufilus Bates, 1884","3","1","日本列島の甲虫全種目録(2026)参照。食草・生態情報は未入力。"
"species-22033","クワヤマトラカミキリ","Xylotrechus rusticus (Linnaeus, 1758)","2","0","日本列島の甲虫全種目録(2026)参照。食草・生態情報は未入力。"
"species-22034","ヤナギトラカミキリ","Xylotrechus salicis Takakuwa & Oda, 1978","0","1","日本列島の甲虫全種目録(2026)参照。食草・生態情報は未入力。"
"species-22036","トラフカミキリ 本土亜種","Xylotrechus (Xyloclytus) chinensis kurosawai Fujita, 2010","0","1","日本列島の甲虫全種目録(2026)参照。食草・生態情報は未入力。"
"species-22038","オキナワズマルトラカミキリ","Xylotrechus (Xylotrechus) albolatifasciatus Makihara, 1979","0","1","日本列島の甲虫全種目録(2026)参照。食草・生態情報は未入力。"
"species-22039","スギノズマルトラカミキリ","Xylotrechus (Xylotrechus) janbar Niisato & N. Ohbayashi, 2002","0","1","日本列島の甲虫全種目録(2026)参照。食草・生態情報は未入力。"
"species-22040","ムネモンアカネトラカミキリ 琉球北部亜種","Xylotrechus (Xylotrechus) atronotatus angulithorax Gresssitt, 1934","0","1","日本列島の甲虫全種目録(2026)参照。食草・生態情報は未入力。"
"species-22042","チュウジョウトラカミキリ 基亜種","Xylotrechus (Xylotrechus) chujoi chujoi Hayashi, 1960","0","1","日本列島の甲虫全種目録(2026)参照。食草・生態情報は未入力。"
"species-22045","ウスイロトラカミキリ","Xylotrechus (Xylotrechus) cuneipennis (Kraatz, 1879)","2","0","日本列島の甲虫全種目録(2026)参照。食草・生態情報は未入力。"
"species-22046","ニイジマトラカミキリ","Xylotrechus (Xylotrechus) emaciatus Bates, 1884","6","1","日本列島の甲虫全種目録(2026)参照。食草・生態情報は未入力。"
"species-22047","ムネマダラトラカミキリ 基亜種","Xylotrechus (Xylotrechus) grayii grayii (White, 1855)","6","1","日本列島の甲虫全種目録(2026)参照。食草・生態情報は未入力。"
"species-22053","ズマルトラカミキリ","Xylotrechus (Xylotrechus) lautus Matsushita, 1933","2","1","日本列島の甲虫全種目録(2026)参照。食草・生態情報は未入力。"
"species-22054","オガサワライカリモントラカミキリ","Xylotrechus (Xylotrechus) ogasawarensis Matsushita, 1933","4","1","日本列島の甲虫全種目録(2026)参照。食草・生態情報は未入力。"
"species-22059","ミイロトラカミキリ","Xylotrechus (Xylotrechus) takakuwai Kusama, 1977","0","1","日本列島の甲虫全種目録(2026)参照。食草・生態情報は未入力。"
"species-22061","キジマトラカミキリ","Xylotrechus (Xylotrechus) zebratus Matsushita, 1938","0","1","日本列島の甲虫全種目録(2026)参照。食草・生態情報は未入力。"
"species-22062","フタツメイエカミキリ","Gnatholea biseburata Mitono, 1939","0","1","日本列島の甲虫全種目録(2026)参照。食草・生態情報は未入力。"
"species-22064","イエカミキリ","Stromatium longicorne (Newman, 1842)","17","0","日本列島の甲虫全種目録(2026)参照。食草・生態情報は未入力。"
"species-22065","マルクビケマダラカミキリ","Trichoferus campestris (Faldermann, 1835)","6","0","日本列島の甲虫全種目録(2026)参照。食草・生態情報は未入力。"
"species-22067","クロモンキイロイエカミキリ","Zoodes japonicus Hayashi, 1963","0","1","日本列島の甲虫全種目録(2026)参照。食草・生態情報は未入力。"
"species-22068","シラホシヒゲナガコバネカミキリ 北海道亜種","Caenoptera minor fuscus (Hayashi, 1955)","0","1","日本列島の甲虫全種目録(2026)参照。食草・生態情報は未入力。"
"species-22072","サツマヒメコバネカミキリ 基亜種","Epania dilaticornis dilaticornis Hayashi, 1950","3","1","日本列島の甲虫全種目録(2026)参照。食草・生態情報は未入力。"
"species-22075","クロサワヒメコバネカミキリ","Epania septemtrionalis Hayashi, 1950","2","0","日本列島の甲虫全種目録(2026)参照。食草・生態情報は未入力。"
"species-22076","リョウブモモブトヒメコバネカミキリ 基亜種","Epania shikokensis shikokensis K. Ohbayashi, 1936","0","1","日本列島の甲虫全種目録(2026)参照。食草・生態情報は未入力。"
"species-22078","リョウブモモブトヒメコバネカミキリ 八重山諸島亜種","Epania shikokensis maruokai Hayashi, 1968","0","1","日本列島の甲虫全種目録(2026)参照。食草・生態情報は未入力。"
"species-22079","ヤマトチビコバネカミキリ 本土亜種","Leptepania minuta japonica (Hayashi, 1948)","1","0","日本列島の甲虫全種目録(2026)参照。食草・生態情報は未入力。"
"species-22082","リュウキュウチビコバネカミキリ","Leptepania ryukyuana Hayashi, 1963","0","1","日本列島の甲虫全種目録(2026)参照。食草・生態情報は未入力。"
"species-22084","コバルトヒゲナガコバネカミキリ 基亜種","Molorchus (Molorchus) cobaltina cobaltina Hayashi, 1963","0","1","日本列島の甲虫全種目録(2026)参照。食草・生態情報は未入力。"
"species-22085","ルリヒゲナガコバネカミキリ","Molorchus (Linomius) cobaltinus Hayashi, 1963","0","1","日本列島の甲虫全種目録(2026)参照。食草・生態情報は未入力。"
"species-22087","オダヒゲナガコバネカミキリ","Molorchus (Molorchus) gracilis Hayashi, 1949","0","1","日本列島の甲虫全種目録(2026)参照。食草・生態情報は未入力。"
"species-22091","コボトケヒゲナガコバネカミキリ","Molorchus (Molorchus) kobotokensis Ohbayashi, 1963","2","1","日本列島の甲虫全種目録(2026)参照。食草・生態情報は未入力。"
"species-22093","コジマヒゲナガコバネカミキリ","Molorchus (Molorchus) kojimai Matsushita, 1939","4","1","日本列島の甲虫全種目録(2026)参照。食草・生態情報は未入力。"
"species-22095","ホソツヤヒゲナガコバネカミキリ 基亜種","Molorchus (Molorchus) nitida nitida Obika, 1973","0","1","日本列島の甲虫全種目録(2026)参照。食草・生態情報は未入力。"
"species-22098","シバタヒゲナガコバネカミキリ 基亜種","Molorchus (Molorchus) shibatai shibatai Hayashi, 1961","5","1","日本列島の甲虫全種目録(2026)参照。食草・生態情報は未入力。"
"species-22102","タケウチヒゲナガコバネカミキリ 基亜種","Molorchus (Molorchus) takeuchii takeuchii K. Ohbayashi, 1937","3","0","日本列島の甲虫全種目録(2026)参照。食草・生態情報は未入力。"
"species-22105","クロツヤヒゲナガコバネカミキリ","Molorchus (Yamatoglaphyra) hattorii K. Ohbayashi, 1953","2","0","日本列島の甲虫全種目録(2026)参照。食草・生態情報は未入力。"
"species-22107","ツジヒゲナガコバネカミキリ","Tsujius itoi Ikeda, 2001","0","1","日本列島の甲虫全種目録(2026)参照。食草・生態情報は未入力。"
"species-22108","オガサワラチャイロカミキリ","Comusia testacea (Gressitt, 1937)","0","1","日本列島の甲虫全種目録(2026)参照。食草・生態情報は未入力。"
"species-22110","リュウキュウヒメアメイロカミキリ","Longipalpus dilatipennis (Gressitt, 1935)","0","1","日本列島の甲虫全種目録(2026)参照。食草・生態情報は未入力。"
"species-22112","エゾアメイロカミキリ","Obrium brevicorne Plavilstshikov, 1940","1","0","日本列島の甲虫全種目録(2026)参照。食草・生態情報は未入力。"
"species-22113","アカオニアメイロカミキリ","Obrium cantharinum shimomurai Takakuwa, 1984","0","1","日本列島の甲虫全種目録(2026)参照。食草・生態情報は未入力。"
"species-22114","ハッタアメイロカミキリ","Obrium hattai K. Ohbayashi & N. Ohbayashi, 1965","0","1","日本列島の甲虫全種目録(2026)参照。食草・生態情報は未入力。"
"species-22115","ナカネアメイロカミキリ","Obrium nakanei K. Ohbayashi, 1959","2","0","日本列島の甲虫全種目録(2026)参照。食草・生態情報は未入力。"
"species-22116","サドチビアメイロカミキリ 基亜種","Obrium obscuripenne obscuripenne Pic, 1904","3","0","日本列島の甲虫全種目録(2026)参照。食草・生態情報は未入力。"
"species-22120","ナガサキアメイロカミキリ","Obrium semiformosanum abirui Niisato & Takakuwa, 1996","0","1","日本列島の甲虫全種目録(2026)参照。食草・生態情報は未入力。"
"species-22121","フトヒゲアメイロカミキリ 基亜種","Obrium takahashii takahashii Kusama & Takakuwa, 1984","0","1","日本列島の甲虫全種目録(2026)参照。食草・生態情報は未入力。"
"species-22123","ツマグロアメイロカミキリ 基亜種","Pseudiphra apicalis apicalis (Schwarzer, 1925)","0","1","日本列島の甲虫全種目録(2026)参照。食草・生態情報は未入力。"
"species-22126","フタモンアメイロカミキリ 基亜種","Pseudiphra bicolor bicolor Nara & Kusui, 1974","0","1","日本列島の甲虫全種目録(2026)参照。食草・生態情報は未入力。"
"species-22129","カッコウメダカカミキリ","Stenhomalus (Stenhomalus) cleroides Bates, 1873","1","1","日本列島の甲虫全種目録(2026)参照。食草・生態情報は未入力。"
"species-22130","ムネアカメダカカミキリ 本土亜種","Stenhomalus (Stenhomalus) incongruus muneaka Hayashi, 1981","0","1","日本列島の甲虫全種目録(2026)参照。食草・生態情報は未入力。"
"species-22132","トワダムモンメダカカミキリ","Stenhomalus (Stenhomalus) japonicus (Pic, 1904)","3","1","日本列島の甲虫全種目録(2026)参照。食草・生態情報は未入力。"
"species-22134","ウスモンメダカカミキリ","Stenhomalus (Stenhomalus) kumaso Niisato & Makihara, 1991","0","1","日本列島の甲虫全種目録(2026)参照。食草・生態情報は未入力。"
"species-22136","キイロメダカカミキリ","Stenhomalus (Stenhomalus) nagaoi Hayashi, 1960","1","1","日本列島の甲虫全種目録(2026)参照。食草・生態情報は未入力。"
"species-22137","タイワンメダカカミキリ","Stenhomalus (Stenhomalus) taiwanus Matsushita, 1933","0","1","日本列島の甲虫全種目録(2026)参照。食草・生態情報は未入力。"
"species-22139","リュウキュウメダカアメイロカミキリ","Uenobrium piceorubrum takeshitai (Niisato & Ohmomo, 1994)","0","1","日本列島の甲虫全種目録(2026)参照。食草・生態情報は未入力。"
"species-22140","トビイロカミキリ","Allotraeus (Allotraeus) sphaerioninus Bates, 1877","0","1","日本列島の甲虫全種目録(2026)参照。食草・生態情報は未入力。"
"species-22142","リュウキュウトビイロカミキリ 基亜種","Nysina insularis insularis (Mitono, 1947)","0","1","日本列島の甲虫全種目録(2026)参照。食草・生態情報は未入力。"
"species-22144","アマミトビイロカミキリ","Allotraeus (Nysina) amamiensis Hayashi, 1961","0","1","日本列島の甲虫全種目録(2026)参照。食草・生態情報は未入力。"
"species-22146","トゲヒゲトビイロカミキリ","Nysina rufescens (Pic, 1923)","0","1","日本列島の甲虫全種目録(2026)参照。食草・生態情報は未入力。"
"species-22148","アマミクスベニカミキリ","Pyrestes inaequalicollis Hayashi, 1962","0","1","日本列島の甲虫全種目録(2026)参照。食草・生態情報は未入力。"
"species-22149","クスベニカミキリ","Pyrestes nipponicus Hayashi, 1987","0","1","日本列島の甲虫全種目録(2026)参照。食草・生態情報は未入力。"
"species-22151","マツダクスベニカミキリ","Pyrestes yayeyamensis Hayashi, 1972","0","1","日本列島の甲虫全種目録(2026)参照。食草・生態情報は未入力。"
"species-22152","ヨツオビハレギカミキリ","Acrocyrtidus elegantulus longicornis Hayashi, 1962","0","1","日本列島の甲虫全種目録(2026)参照。食草・生態情報は未入力。"
"species-22153","フェリエベニボシカミキリ","Rosalia (Eurybatus) ferriei Vuillet, 1911","1","0","日本列島の甲虫全種目録(2026)参照。食草・生態情報は未入力。"
"species-22155","ルリボシカミキリ","Rosalia (Rosalia) batesi Harold, 1877","1","1","日本列島の甲虫全種目録(2026)参照。食草・生態情報は未入力。"
"species-22162","ニッポンモモブトコバネカミキリ 本土亜種","Merionoeda (Ocytasia) formosana septentrionalis Tamu & Tsukamoto, 1952","0","1","日本列島の甲虫全種目録(2026)参照。食草・生態情報は未入力。"
"species-22163","オガサワラモモブトコバネカミキリ","Merionoeda (Ocytasia) tosawai Kobayashi, 1932","0","1","日本列島の甲虫全種目録(2026)参照。食草・生態情報は未入力。"
"species-22164","ヤエヤマホソバネカミキリ 八重山亜種","Thranius multinotatus latipennis Hayashi, 1963","0","1","日本列島の甲虫全種目録(2026)参照。食草・生態情報は未入力。"
"species-22169","トラフホソバネカミキリ 基亜種","Thranius variegatus variegatus Bates, 1873","3","0","日本列島の甲虫全種目録(2026)参照。食草・生態情報は未入力。"
"species-22173","ムモンベニカミキリ","Amarysius sanguinipennis adachii Fujita, 2023","0","1","日本列島の甲虫全種目録(2026)参照。食草・生態情報は未入力。"
"species-22176","ヘリグロベニカミキリ","Purpuricenus (Sternoplistes) spectabilis Motschulsky, 1858","4","1","日本列島の甲虫全種目録(2026)参照。食草・生態情報は未入力。"
"species-22177","ベニカミキリ","Purpuricenus (Sternoplistes) temminckii (Guérin-Méneville, 1844)","4","1","日本列島の甲虫全種目録(2026)参照。食草・生態情報は未入力。"
"species-22178","ベーツヤサカミキリ","Leptoxenus ibidiiformis Bates, 1877","0","1","日本列島の甲虫全種目録(2026)参照。食草・生態情報は未入力。"
"species-22179","アオスジカミキリ","Xystrocera globosa (Olivier, 1795)","0","1","日本列島の甲虫全種目録(2026)参照。食草・生態情報は未入力。"
"species-22181","ヒナルリハナカミキリ","Dinoptera minuta (Gebler, 1832)","1","0","日本列島の甲虫全種目録(2026)参照。食草・生態情報は未入力。"
"species-22183","オトメクビアカハナカミキリ 基亜種","Gaurotes (Carilia) otome otome Ohbayashi, 1959","0","1","日本列島の甲虫全種目録(2026)参照。食草・生態情報は未入力。"
"species-22185","カラカネハナカミキリ","Gaurotes (Paragaurotes) doris Bates, 1884","2","0","日本列島の甲虫全種目録(2026)参照。食草・生態情報は未入力。"
"species-22186","テツイロハナカミキリ","Encyclops olivacea Bates, 1884","0","1","日本列島の甲虫全種目録(2026)参照。食草・生態情報は未入力。"
"species-22187","フタスジカタビロハナカミキリ","Brachyta bifasciata japonica (Matsushita, 1933)","0","1","日本列島の甲虫全種目録(2026)参照。食草・生態情報は未入力。"
"species-22192","クモマハナカミキリ","Evodinus borealis (Gyllenhal, 1827)","0","1","日本列島の甲虫全種目録(2026)参照。食草・生態情報は未入力。"
"species-22200","ツヤケシハナカミキリ","Anastrangalia scotodes scotodes (Bates, 1873)","1","0","日本列島の甲虫全種目録(2026)参照。食草・生態情報は未入力。"
"species-22201","ヨコグロハナカミキリ","Anastrangalia sequensi (Reitter, 1898)","0","1","日本列島の甲虫全種目録(2026)参照。食草・生態情報は未入力。"
"species-22205","クロルリハナカミキリ","Anoplodera (Anoploderomorpha) monticola (Nakane, 1955)","0","1","日本列島の甲虫全種目録(2026)参照。食草・生態情報は未入力。"
"species-22207","ケブトハナカミキリ 基亜種","Caraphia lepturoides lepturoides (Matsushita, 1933)","1","1","日本列島の甲虫全種目録(2026)参照。食草・生態情報は未入力。"
"species-22211","キヌツヤハナカミキリ","Corennys sericata Bates, 1884","0","1","日本列島の甲虫全種目録(2026)参照。食草・生態情報は未入力。"
"species-22212","モウセンハナカミキリ 基亜種","Ephies japponicus japonicus Nakane & Ohbayashi, 1961","3","0","日本列島の甲虫全種目録(2026)参照。食草・生態情報は未入力。"
"species-22218","クロサワヘリグロハナカミキリ","Eustrangalis (Eustrangalis) anticereductus Hayashi, 1958","0","1","日本列島の甲虫全種目録(2026)参照。食草・生態情報は未入力。"
"species-22219","カエデノヘリグロハナカミキリ","Eustrangalis (Eustrangalis) distenioides Bates, 1884","2","0","日本列島の甲虫全種目録(2026)参照。食草・生態情報は未入力。"
"species-22220","アマミアカハネハナカミキリ","Formosopyrrhona satoi (Hayashi, 1957)","5","1","日本列島の甲虫全種目録(2026)参照。食草・生態情報は未入力。"
"species-22221","ミヤマホソハナカミキリ","Idiostrangalia contracta (Bates, 1884)","2","0","日本列島の甲虫全種目録(2026)参照。食草・生態情報は未入力。"
"species-22222","ハコネホソハナカミキリ","Idiostrangalia hakonensis (Matsusita, 1933)","1","1","日本列島の甲虫全種目録(2026)参照。食草・生態情報は未入力。"
"species-22223","マルオカホソハナカミキリ","Idiostrangalia maruokai (Hayashi, 1963)","1","1","日本列島の甲虫全種目録(2026)参照。食草・生態情報は未入力。"
"species-22225","ヒゲジロハナカミキリ","Japanostrangalia dentatipennis (Pic, 1901)","0","1","日本列島の甲虫全種目録(2026)参照。食草・生態情報は未入力。"
"species-22226","ヤマトキモンハナカミキリ","Judolia japonica (Tamanuki, 1942)","0","1","日本列島の甲虫全種目録(2026)参照。食草・生態情報は未入力。"
"species-22229","ヌバタマハナカミキリ 基亜種","Judolidia bangi bangi (Pic, 1901)","0","1","日本列島の甲虫全種目録(2026)参照。食草・生態情報は未入力。"
"species-22232","ミヤマルリハナカミキリ","Kanekoa azumensis (Matsushita & Tamanuki, 1942)","0","1","日本列島の甲虫全種目録(2026)参照。食草・生態情報は未入力。"
"species-22234","ホソハナカミキリ","Leptostrangalia hosohana (Ohbayashi, 1952)","3","0","日本列島の甲虫全種目録(2026)参照。食草・生態情報は未入力。"
"species-22241","ヤツボシハナカミキリ 北海道以北亜種","Leptura annularis mimica Bates, 1884","3","0","日本列島の甲虫全種目録(2026)参照。食草・生態情報は未入力。"
"species-22245","ムネアカクロハナカミキリ","Leptura dimorpha Bates, 1873","0","1","日本列島の甲虫全種目録(2026)参照。食草・生態情報は未入力。"
"species-22247","キモンハナカミキリ","Leptura duodecimguttata Fabricius, 1801","0","1","日本列島の甲虫全種目録(2026)参照。食草・生態情報は未入力。"
"species-22248","ヒメヨツスジハナカミキリ 基亜種","Leptura kusamai kusamai Ohbayashi & Nakane, 1955","0","1","日本列島の甲虫全種目録(2026)参照。食草・生態情報は未入力。"
"species-22250","ハネビロハナカミキリ","Leptura latipennis (Matsushita, 1933)","2","0","日本列島の甲虫全種目録(2026)参照。食草・生態情報は未入力。"
"species-22251","ヨツスジハナカミキリ 基亜種","Leptura ochraceofasciata ochraceofasciata (Motschulsky, 1861)","4","1","日本列島の甲虫全種目録(2026)参照。食草・生態情報は未入力。"
"species-22260","アオハナカミキリ","Lepturobosca virens (Linnaeus, 1758)","0","1","日本列島の甲虫全種目録(2026)参照。食草・生態情報は未入力。"
"species-22263","クロオオハナカミキリ","Macroleptura thoracica obscurissima Pic, 1900","1","0","日本列島の甲虫全種目録(2026)参照。食草・生態情報は未入力。"
"species-22265","ムナミゾハナカミキリ","Munamizoa maculata (Matsushita & Tamanuki, 1935)","0","1","日本列島の甲虫全種目録(2026)参照。食草・生態情報は未入力。"
"species-22267","スミイロハナカミキリ 北海道亜種","Nivellia (Nivellia) extensa umbratilis Shimomura & Toyoshima, 1988","0","1","日本列島の甲虫全種目録(2026)参照。食草・生態情報は未入力。"
"species-22269","クビボソハナカミキリ","Nivellia (Nivellia) sanguinosa (Gyllenhal, 1827)","0","1","日本列島の甲虫全種目録(2026)参照。食草・生態情報は未入力。"
"species-22270","モモブトハナカミキリ","Oedecnema gebleri Ganglbauer, 1889","0","1","日本列島の甲虫全種目録(2026)参照。食草・生態情報は未入力。"
"species-22272","ヘリグロホソハナカミキリ 基亜種","Ohbayashia nigromarginata nigromarginata (Hayashi, 1953)","4","1","日本列島の甲虫全種目録(2026)参照。食草・生態情報は未入力。"
"species-22274","ヒゲブトハナカミキリ","Pachypidonia bodemeyeri (Pic, 1934)","1","1","日本列島の甲虫全種目録(2026)参照。食草・生態情報は未入力。"
"species-22276","マルガタハナカミキリ","Pachytodes cometes (Bates, 1884)","0","1","日本列島の甲虫全種目録(2026)参照。食草・生態情報は未入力。"
"species-22279","ネクマチジヒオドシハナカミキリ","Paranaspia inadai Ohbayashi, 2001","0","1","日本列島の甲虫全種目録(2026)参照。食草・生態情報は未入力。"
"species-22283","ニンフホソハナカミキリ","Parastrangalis nymphula (Bates, 1884)","5","0","日本列島の甲虫全種目録(2026)参照。食草・生態情報は未入力。"
"species-22284","タテジマホソハナカミキリ","Parastrangalis tenuicornis (Motschulsky, 1862)","0","1","日本列島の甲虫全種目録(2026)参照。食草・生態情報は未入力。"
"species-22288","オキナワチャボハナカミキリ","Pseudalosterna aritai K. Ohbayashi & N. Ohbayashi, 1965","0","1","日本列島の甲虫全種目録(2026)参照。食草・生態情報は未入力。"
"species-22289","チャボハナカミキリ","Pseudalosterna misella (Bates, 1884)","0","1","日本列島の甲虫全種目録(2026)参照。食草・生態情報は未入力。"
"species-22291","ジャコウホソハナカミキリ","Pygostrangalia dulcis (Bates, 1884)","7","0","日本列島の甲虫全種目録(2026)参照。食草・生態情報は未入力。"
"species-22293","クロソンホソハナカミキリ","Pygostrangalia kurosonensis (Ohbayashi, 1936)","4","1","日本列島の甲虫全種目録(2026)参照。食草・生態情報は未入力。"
"species-22295","ヒゲナガホソハナカミキリ","Pygostrangalia longicornis (Gressitt, 1935)","3","1","日本列島の甲虫全種目録(2026)参照。食草・生態情報は未入力。"
"species-22296","ヘリウスハナカミキリ 基亜種","Pyrrhona laeticolor laeticolor Bates, 1884","4","1","日本列島の甲虫全種目録(2026)参照。食草・生態情報は未入力。"
"species-22304","ブチヒゲハナカミキリ","Stictoleptura (Variileptura) variicornis tuyukii Fujita, 2018","0","1","日本列島の甲虫全種目録(2026)参照。食草・生態情報は未入力。"
"species-22305","ヨスジホソハナカミキリ","Strangalia attenuata (Linnaeus, 1758)","0","1","日本列島の甲虫全種目録(2026)参照。食草・生態情報は未入力。"
"species-22310","アオバホソハナカミキリ 基亜種","Strangalomorpha tenuis tenuis Solsky, 1873","0","1","日本列島の甲虫全種目録(2026)参照。食草・生態情報は未入力。"
"species-22312","ムナコブハナカミキリ","Xenophyrama purpureum Bates, 1884","0","1","日本列島の甲虫全種目録(2026)参照。食草・生態情報は未入力。"
"species-22313","トガリバホソコバネカミキリ","Necydalis (Eonecydalisca) niimurai Hayashi, 1949","4","1","日本列島の甲虫全種目録(2026)参照。食草・生態情報は未入力。"
"species-22315","オニホソコバネカミキリ 基亜種","Necydalis (Necydalis) gigantea gigantea Kano, 1933","0","1","日本列島の甲虫全種目録(2026)参照。食草・生態情報は未入力。"
"species-22317","アイヌホソコバネカミキリ","Necydalis (Necydalis) major aino Kusama, 1974","0","1","日本列島の甲虫全種目録(2026)参照。食草・生態情報は未入力。"
"species-22321","クロホソコバネカミキリ 基亜種","Necydalis (Necydalisca) harmandi harmandi Pic, 1901","2","0","日本列島の甲虫全種目録(2026)参照。食草・生態情報は未入力。"
"species-22323","ヒゲシロホソコバネカミキリ","Necydalis (Necydalisca) odai Hayashi, 1951","0","1","日本列島の甲虫全種目録(2026)参照。食草・生態情報は未入力。"
"species-22328","オオホソコバネカミキリ","Necydalis (Necydalisca) solida Bates, 1884","1","0","日本列島の甲虫全種目録(2026)参照。食草・生態情報は未入力。"
"species-22329","セスジヒメハナカミキリ 基亜種","Cryptopidonia amentata amentata (Bates, 1884)","0","1","日本列島の甲虫全種目録(2026)参照。食草・生態情報は未入力。"
"species-22331","セスジヒメハナカミキリ 中部北域・東北南域亜種","Cryptopidonia amentata awashimana (Kuboki, 1993)","0","1","日本列島の甲虫全種目録(2026)参照。食草・生態情報は未入力。"
"species-22334","トサヒメハナカミキリ","Cryptopidonia approximata (Kuboki, 1977)","0","1","日本列島の甲虫全種目録(2026)参照。食草・生態情報は未入力。"
"species-22336","ミチノクヒメハナカミキリ","Cryptopidonia hamadryas (Kuboki, 1977)","0","1","日本列島の甲虫全種目録(2026)参照。食草・生態情報は未入力。"
"species-22340","イヨヒメハナカミキリ 基亜種","Cryptopidonia hylophila hylophila (Kuboki, 1977)","0","1","日本列島の甲虫全種目録(2026)参照。食草・生態情報は未入力。"
"species-22343","ヨコモンヒメハナカミキリ","Cryptopidonia insuturata (Pic, 1901)","1","1","日本列島の甲虫全種目録(2026)参照。食草・生態情報は未入力。"
"species-22346","キタセスジヒメハナカミキリ","Cryptopidonia kurosawai (Ohbayashi & Hayashi, 1960)","0","1","日本列島の甲虫全種目録(2026)参照。食草・生態情報は未入力。"
"species-22350","ムネアカヨコモンヒメハナカミキリ 基亜種","Cryptopidonia masakii masakii (Hayashi, 1955)","1","0","日本列島の甲虫全種目録(2026)参照。食草・生態情報は未入力。"
"species-22354","チャイロヒメハナカミキリ 基亜種","Mumon aegrota aegrota (Bates, 1884)","0","1","日本列島の甲虫全種目録(2026)参照。食草・生態情報は未入力。"
"species-22357","ツシマチャイロヒメハナカミキリ","Pidonia (Mumon) aegrota kubokii Hayashi, 1984","0","1","日本列島の甲虫全種目録(2026)参照。食草・生態情報は未入力。"
"species-22370","フジヒメハナカミキリ","Paleopidonia fujisana (Obika & Kusama, 1971)","0","1","日本列島の甲虫全種目録(2026)参照。食草・生態情報は未入力。"
"species-22377","キベリクロヒメハナカミキリ","Pseudopidonia discoidalis (Pic, 1901)","1","0","日本列島の甲虫全種目録(2026)参照。食草・生態情報は未入力。"
"species-22380","オオヒメハナカミキリ","Pseudopidonia grallatrix (Bates, 1884)","0","1","日本列島の甲虫全種目録(2026)参照。食草・生態情報は未入力。"
"species-22386","マホロバヒメハナカミキリ","Pseudopidonia leucanthophila (Kuboki, 1978)","0","1","日本列島の甲虫全種目録(2026)参照。食草・生態情報は未入力。"
"species-22388","ニッコウヒメハナカミキリ 基亜種","Pseudopidonia limbaticollis limbaticollis (Pic, 1902)","0","1","日本列島の甲虫全種目録(2026)参照。食草・生態情報は未入力。"
"species-22392","オオバヤシヒメハナカミキリ","Pidonia (Pseudopidonia) limbaticollis ohbayashii (Matsushita, 1933)","0","1","日本列島の甲虫全種目録(2026)参照。食草・生態情報は未入力。"
"species-22395","ツマグロヒメハナカミキリ","Pseudopidonia maculithorax (Pic, 1901)","0","1","日本列島の甲虫全種目録(2026)参照。食草・生態情報は未入力。"
"species-22404","ミセンヒメハナカミキリ","Pseudopidonia misenia (S. Saito & A. Saito, 1992)","0","1","日本列島の甲虫全種目録(2026)参照。食草・生態情報は未入力。"
"species-22405","ヤマヒメハナカミキリ","Pseudopidonia modesta (Kuboki, 1997)","0","1","日本列島の甲虫全種目録(2026)参照。食草・生態情報は未入力。"
"species-22428","ホクリクヒメハナカミキリ","Pseudopidonia jasha (S. Saito & A. Saito, 1989)","0","1","日本列島の甲虫全種目録(2026)参照。食草・生態情報は未入力。"
"species-22429","シナノヒメハナカミキリ","Pseudopidonia suzukii (Kuboki, 1982)","0","1","日本列島の甲虫全種目録(2026)参照。食草・生態情報は未入力。"
"species-22431","ミヤマヒメハナカミキリ","Pseudopidonia sylvicola (Kuboki, 1977)","0","1","日本列島の甲虫全種目録(2026)参照。食草・生態情報は未入力。"
"species-22433","アサマヒメハナカミキリ","Pseudopidonia trilineata (Pic, 1954)","0","1","日本列島の甲虫全種目録(2026)参照。食草・生態情報は未入力。"
"species-22434","タカネヒメハナカミキリ","Pseudopidonia tsukamotoi (Mizuno, 1978)","0","1","日本列島の甲虫全種目録(2026)参照。食草・生態情報は未入力。"
"species-22436","ツシマヒメハナカミキリ","Pseudopidonia tsushimana (M. Saito & A. Saito, 1988)","0","1","日本列島の甲虫全種目録(2026)参照。食草・生態情報は未入力。"
"species-22437","トウカイヒメハナカミキリ","Pseudopidonia tsuyukii (Kuboki, 1994)","0","1","日本列島の甲虫全種目録(2026)参照。食草・生態情報は未入力。"
"species-22440","キバネニセハムシハナカミキリ","Lemula decipiens Bates, 1884","0","1","日本列島の甲虫全種目録(2026)参照。食草・生態情報は未入力。"
"species-22441","ニセハムシハナカミキリ","Lemula japonica (Tamanuki, 1938)","0","1","日本列島の甲虫全種目録(2026)参照。食草・生態情報は未入力。"
"species-22448","チャイロヒメコブハナカミキリ 基亜種","Pseudosieversia japonica japonica (K. Ohbayashi, 1937)","0","1","日本列島の甲虫全種目録(2026)参照。食草・生態情報は未入力。"
"species-22450","キュウシュウヒメコブハナカミキリ","Pseudosieversia amanoi Hayashi, 1971","0","1","日本列島の甲虫全種目録(2026)参照。食草・生態情報は未入力。"
"species-22452","シコクヒメコブハナカミキリ","Macropidonia shikokensis Hayashi, 1959","0","1","日本列島の甲虫全種目録(2026)参照。食草・生態情報は未入力。"
"species-22453","ホンドニセハイイロハナカミキリ","Rhagium (Rhagium) femorale N. Ohbayashi, 1994","0","1","日本列島の甲虫全種目録(2026)参照。食草・生態情報は未入力。"
"species-22454","エゾハイイロハナカミキリ 基亜種","Rhagium (Rhagium) heyrovskyi heyrovskyi Podaný, 1964","0","1","日本列島の甲虫全種目録(2026)参照。食草・生態情報は未入力。"
"species-22456","ハイイロハナカミキリ","Rhagium (Rhagium) japonicum Bates, 1884","0","1","日本列島の甲虫全種目録(2026)参照。食草・生態情報は未入力。"
"species-22459","ヒラヤマコブハナカミキリ","Enoploderes (Pyrenoploderes) bicolor Ohbayashi, 1941","1","1","日本列島の甲虫全種目録(2026)参照。食草・生態情報は未入力。"
"species-22460","アラメハナカミキリ","Sachalinobia koltzei (Heyden, 1887)","0","1","日本列島の甲虫全種目録(2026)参照。食草・生態情報は未入力。"
"species-22462","フタコブルリハナカミキリ","Stenocorus (Eutoxotus) caeruleipennis (Bates, 1873)","2","0","日本列島の甲虫全種目録(2026)参照。食草・生態情報は未入力。"
"species-22463","サビカミキリ","Arhopalus coreanus (Sharp, 1905)","0","1","日本列島の甲虫全種目録(2026)参照。食草・生態情報は未入力。"
"species-22465","シナノサビカミキリ","Arhopalus tobirensis Hayashi, 1968","0","1","日本列島の甲虫全種目録(2026)参照。食草・生態情報は未入力。"
"species-22466","ヒメマルクビヒラタカミキリ","Asemum punctulatum Blessig, 1872","0","1","日本列島の甲虫全種目録(2026)参照。食草・生態情報は未入力。"
"species-22471","オオクロカミキリ","Megasemum quadricostulatum Kraatz, 1879","0","1","日本列島の甲虫全種目録(2026)参照。食草・生態情報は未入力。"
"species-22472","ケブカヒラタカミキリ","Nothorhina muricata (Dalman, 1817)","0","1","日本列島の甲虫全種目録(2026)参照。食草・生態情報は未入力。"
"species-22478","ケブカマルクビカミキリ","Atimia okayamensis Hayashi, 1972","0","1","日本列島の甲虫全種目録(2026)参照。食草・生態情報は未入力。"
"species-22481","ナカバヤシモモブトカミキリ","Acanthocinus guttatus (Bates, 1873)","0","1","日本列島の甲虫全種目録(2026)参照。食草・生態情報は未入力。"
"species-22484","カラフトモモブトカミキリ","Acanthocinus sachalinensis (Matsushita, 1933)","0","1","日本列島の甲虫全種目録(2026)参照。食草・生態情報は未入力。"
"species-22485","ケズネオガサワラカミキリ","Boninella anoplos (N. Ohbayashi, 1976)","0","1","日本列島の甲虫全種目録(2026)参照。食草・生態情報は未入力。"
"species-22486","オガサワラカミキリ","Boninella degenerata Grerssitt, 1956","0","1","日本列島の甲虫全種目録(2026)参照。食草・生態情報は未入力。"
"species-22487","アラゲオガサワラカミキリ","Boninella hirsuta (N. Ohbayashi, 1976)","0","1","日本列島の甲虫全種目録(2026)参照。食草・生態情報は未入力。"
"species-22488","ヒメオガサワラカミキリ","Boninella igai N. Ohbayashi, 1976","0","1","日本列島の甲虫全種目録(2026)参照。食草・生態情報は未入力。"
"species-22491","サトウオガサワラカミキリ 基亜種","Boninella satoi satoi N. Ohbayashi, 1976","0","1","日本列島の甲虫全種目録(2026)参照。食草・生態情報は未入力。"
"species-22494","キタジマモモブトカミキリ","Boninoleiops kitajimai M. Hasegawa & Makihara, 2001","0","1","日本列島の甲虫全種目録(2026)参照。食草・生態情報は未入力。"
"species-22495","ヨナグニジュウジクロカミキリ","Euryclytosemia nomurai Hayashi, 1963","0","1","日本列島の甲虫全種目録(2026)参照。食草・生態情報は未入力。"
"species-22496","ニセゴマダラモモブトカミキリ","Leiopus masaoi Tamura & Tamura, 1992","0","1","日本列島の甲虫全種目録(2026)参照。食草・生態情報は未入力。"
"species-22497","ミヤマモモブトカミキリ","Leiopus montanus Hayashi, 1968","0","1","日本列島の甲虫全種目録(2026)参照。食草・生態情報は未入力。"
"species-22498","ゴマダラモモブトカミキリ","Leiopus stillatus (Bates, 1884)","2","1","日本列島の甲虫全種目録(2026)参照。食草・生態情報は未入力。"
"species-22499","フタツメケシカミキリ","Nobuosciades (Nobuosciades) bioculatus (Matsumura & Matsushita, 1933)","3","0","日本列島の甲虫全種目録(2026)参照。食草・生態情報は未入力。"
"species-22503","アマミハリムネモモブトカミキリ","Ostedes (Ostedes) densepunctata Hayashi, 1962","0","1","日本列島の甲虫全種目録(2026)参照。食草・生態情報は未入力。"
"species-22507","キュウシュウトゲバカミキリ","Rondibilis (Rondibilis) amanoi (Hayashi, 1961)","0","1","日本列島の甲虫全種目録(2026)参照。食草・生態情報は未入力。"
"species-22509","モモブトトゲバカミキリ 基亜種","Rondibilis (Rondibilis) elongata elongata Hayashi, 1963","0","1","日本列島の甲虫全種目録(2026)参照。食草・生態情報は未入力。"
"species-22511","シロスジトゲバカミキリ","Rondibilis (Rondibilis) femorata Gressitt, 1938","0","1","日本列島の甲虫全種目録(2026)参照。食草・生態情報は未入力。"
"species-22512","シマトゲバカミキリ","Rondibilis (Rondibilis) insularis (Hayashi, 1962)","5","1","日本列島の甲虫全種目録(2026)参照。食草・生態情報は未入力。"
"species-22515","トゲバカミキリ","Rondibilis (Rondibilis) saperdina (Bates, 1884)","8","1","日本列島の甲虫全種目録(2026)参照。食草・生態情報は未入力。"
"species-22517","クロオビトゲムネカミキリ 基亜種","Sciades (Estoliopus) fasciatus fasciatus (Matsushita, 1943)","0","1","日本列島の甲虫全種目録(2026)参照。食草・生態情報は未入力。"
"species-22523","ヤエヤマケシカミキリ","Sciades (Miaenia) brevicollis (Gressitt, 1951)","0","1","日本列島の甲虫全種目録(2026)参照。食草・生態情報は未入力。"
"species-22524","クビナガケシカミキリ","Sciades (Miaenia) longicollis (Breuning & K. Ohbayashi, 1964)","0","1","日本列島の甲虫全種目録(2026)参照。食草・生態情報は未入力。"
"species-22525","トカラケシカミキリ","Sciades (Miaenia) nakanei (Hayashi, 1956)","0","1","日本列島の甲虫全種目録(2026)参照。食草・生態情報は未入力。"
"species-22526","ケシカミキリ","Sciades (Miaenia) tonsus (Bates, 1873)","3","0","日本列島の甲虫全種目録(2026)参照。食草・生態情報は未入力。"
"species-22529","ゴイシモモブトカミキリ","Callapoecus guttatus Bates, 1884","0","1","日本列島の甲虫全種目録(2026)参照。食草・生態情報は未入力。"
"species-22530","エゾトゲムネカミキリ","Oplosia suvorovi (Pic, 1914)","2","0","日本列島の甲虫全種目録(2026)参照。食草・生態情報は未入力。"
"species-22532","ケマダラカミキリ 基亜種","Agapanthia (Epoptes) daurica daurica Ganglbauer, 1884","3","1","日本列島の甲虫全種目録(2026)参照。食草・生態情報は未入力。"
"species-22534","フサヒゲルリカミキリ","Agapanthia (Epoptes) japonica Kano, 1933","1","1","日本列島の甲虫全種目録(2026)参照。食草・生態情報は未入力。"
"species-22535","トガクシフサヒゲアオカミキリ","Agapanthia (Epoptes) yagii Hayashi, 1982","0","1","日本列島の甲虫全種目録(2026)参照。食草・生態情報は未入力。"
"species-22536","タテジマカミキリ","Aulaconotus pachypezoides Thomson, 1864","7","0","日本列島の甲虫全種目録(2026)参照。食草・生態情報は未入力。"
"species-22537","ハスオビヒゲナガカミキリ","Cleptometopus bimaculatus (Bates, 1873)","6","0","日本列島の甲虫全種目録(2026)参照。食草・生態情報は未入力。"
"species-22540","シロスジドウボソカミキリ 基亜種","Pothyne annulata annulata Breuning, 1942","7","1","日本列島の甲虫全種目録(2026)参照。食草・生態情報は未入力。"
"species-22546","タテスジドウボソカミキリ 沖縄宮古島亜種","Pothyne formosana liturata Matsushita, 1933","0","1","日本列島の甲虫全種目録(2026)参照。食草・生態情報は未入力。"
"species-22547","イマサカドウボソカミキリ","Pothyne imasakai Hayashi, 1976","0","1","日本列島の甲虫全種目録(2026)参照。食草・生態情報は未入力。"
"species-22548","カスリドウボソカミキリ 屋久島奄美諸島亜種","Pothyne variegata hayashii Breuning, 1953","0","1","日本列島の甲虫全種目録(2026)参照。食草・生態情報は未入力。"
"species-22553","ドウボソカミキリ","Pseudocalamobius japonicus (Bates, 1873)","3","1","日本列島の甲虫全種目録(2026)参照。食草・生態情報は未入力。"
"species-22555","コウザンドウボソカミキリ","Pseudocalamobius okinawanus Samuelson, 1965","0","1","日本列島の甲虫全種目録(2026)参照。食草・生態情報は未入力。"
"species-22558","ヒゲナガゴマフカミキリ","Palimna liturata liturata (Bates, 1884)","2","1","日本列島の甲虫全種目録(2026)参照。食草・生態情報は未入力。"
"species-22559","ヨスジシラホシサビカミキリ","Apomecyna (Apomecyna) histrio (Fabricius, 1792)","0","1","日本列島の甲虫全種目録(2026)参照。食草・生態情報は未入力。"
"species-22560","カノコサビカミキリ 基亜種","Apomecyna (Apomecyna) naevia naevia Bates, 1873","1","1","日本列島の甲虫全種目録(2026)参照。食草・生態情報は未入力。"
"species-22569","シナノクロフカミキリ 基亜種","Asaperda agapanthina agapanthina Bates, 1873","4","0","日本列島の甲虫全種目録(2026)参照。食草・生態情報は未入力。"
"species-22573","キンケチャイロカミキリ 基亜種","Asaperda bicostata bicostata Hayashi, 1956","0","1","日本列島の甲虫全種目録(2026)参照。食草・生態情報は未入力。"
"species-22577","キクスイモドキカミキリ 基亜種","Asaperda rufipes rufipes Bates, 1873","2","0","日本列島の甲虫全種目録(2026)参照。食草・生態情報は未入力。"
"species-22580","フトキクスイモドキカミキリ","Asaperda silvicultrix Toyoshima & Iwata, 1990","0","1","日本列島の甲虫全種目録(2026)参照。食草・生態情報は未入力。"
"species-22581","トゲムネホソヒゲカミキリ","Asaperda tenuicornis Komiya, 1984","0","1","日本列島の甲虫全種目録(2026)参照。食草・生態情報は未入力。"
"species-22582","メシマキンケカミキリ","Asaperda wadai Makihara, 1980","0","1","日本列島の甲虫全種目録(2026)参照。食草・生態情報は未入力。"
"species-22583","コブスジサビカミキリ","Atimura japonica Bates, 1873","0","1","日本列島の甲虫全種目録(2026)参照。食草・生態情報は未入力。"
"species-22584","イシガキトガリバサビカミキリ 基亜種","Iproca ishigakiana ishigakiana Breuning & K. Ohbayashi, 1966","1","0","日本列島の甲虫全種目録(2026)参照。食草・生態情報は未入力。"
"species-22586","ヒシカミキリ","Microlera ptinoides Bates, 1873","1","0","日本列島の甲虫全種目録(2026)参照。食草・生態情報は未入力。"
"species-22587","ヤエヤマヒシカミキリ","Microlera yayeyamensis Hayashi, 1968","0","1","日本列島の甲虫全種目録(2026)参照。食草・生態情報は未入力。"
"species-22588","イリエシラホシサビカミキリ","Mycerinopsis (Zotale) apomecynoides Hayashi, 1972","1","1","日本列島の甲虫全種目録(2026)参照。食草・生態情報は未入力。"
"species-22589","ヒメアヤモンチビカミキリ","Neosybra cribrella (Bates, 1873)","0","1","日本列島の甲虫全種目録(2026)参照。食草・生態情報は未入力。"
"species-22594","サタサビカミキリ 基亜種","Neosybra mizoguchii mizoguchii (Hayashi, 1956)","1","0","日本列島の甲虫全種目録(2026)参照。食草・生態情報は未入力。"
"species-22599","リュウキュウチビカミキリ","Neosybra ryukyuensis Breuning & K. Ohbayashi, 1964","0","1","日本列島の甲虫全種目録(2026)参照。食草・生態情報は未入力。"
"species-22600","フタモンサビカミキリ","Ropica caenosa (Matsushita, 1932)","0","1","日本列島の甲虫全種目録(2026)参照。食草・生態情報は未入力。"
"species-22602","フタホシサビカミキリ","Ropica honesta Pascoe, 1865","0","1","日本列島の甲虫全種目録(2026)参照。食草・生態情報は未入力。"
"species-22603","ウスフタモンサビカミキリ 基亜種","Ropica japonica japonica Hayashi, 1972","0","1","日本列島の甲虫全種目録(2026)参照。食草・生態情報は未入力。"
"species-22606","ゴマフサビカミキリ 基亜種","Ropica loochooana loochooana (Matsushita, 1933)","0","1","日本列島の甲虫全種目録(2026)参照。食草・生態情報は未入力。"
"species-22608","ツシマサビカミキリ","Ropica tsushimensis Hayashi, 1972","0","1","日本列島の甲虫全種目録(2026)参照。食草・生態情報は未入力。"
"species-22611","フタモンヒメサビカミキリ","Sybra (Microzotale) distincta Takakuwa, 1984","0","1","日本列島の甲虫全種目録(2026)参照。食草・生態情報は未入力。"
"species-22612","フタオビヒメサビカミキリ 基亜種","Sybra (Microzotale) uenoi uenoi (Hayashi, 1956)","0","1","日本列島の甲虫全種目録(2026)参照。食草・生態情報は未入力。"
"species-22615","モリヤシロオビチビカミキリ","Sybra (Sybra) basialbofasciata Hayashi, 1972","0","1","日本列島の甲虫全種目録(2026)参照。食草・生態情報は未入力。"
"species-22616","キボシチビカミキリ","Sybra (Sybra) flavomaculata Breuning, 1939","0","1","日本列島の甲虫全種目録(2026)参照。食草・生態情報は未入力。"
"species-22621","ヤンバルアトモンチビカミキリ 与那国島亜種","Sybra (Sybra) maculiclunis shoyamai Fujita, 2023","0","1","日本列島の甲虫全種目録(2026)参照。食草・生態情報は未入力。"
"species-22622","ススキハネナシチビカミキリ","Sybra (Sybra) miscanthivola Makihara, 1977","1","1","日本列島の甲虫全種目録(2026)参照。食草・生態情報は未入力。"
"species-22625","アヤモンチビカミキリ 基亜種","Sybra (Sybra) ordinata ordinata Bates, 1873","0","1","日本列島の甲虫全種目録(2026)参照。食草・生態情報は未入力。"
"species-22626","ヤエヤマアヤモンチビカミキリ 基亜種","Sybra ordinata flavostriata Hayashi, 1968","0","1","日本列島の甲虫全種目録(2026)参照。食草・生態情報は未入力。"
"species-22629","ミヤコアヤモンチビカミキリ","Sybra ordinata miyakojimana Hayashi, 1972","0","1","日本列島の甲虫全種目録(2026)参照。食草・生態情報は未入力。"
"species-22641","ヒトオビチビカミキリ","Sybra (Sybra) unifasciata Fujimura, 1956","0","1","日本列島の甲虫全種目録(2026)参照。食草・生態情報は未入力。"
"species-22642","シロオビチビカミキリ 基亜種","Sybra (Sybrodiboma) subfasciata subfasciata (Bates, 1884)","10","1","日本列島の甲虫全種目録(2026)参照。食草・生態情報は未入力。"
"species-22644","アマミシロオビチビカミキリ","Sybra (Sybrodiboma) trimeresura Takakuwa, 1984","0","1","日本列島の甲虫全種目録(2026)参照。食草・生態情報は未入力。"
"species-22646","クビジロカミキリ","Xylariopsis mimica Bates, 1884","1","0","日本列島の甲虫全種目録(2026)参照。食草・生態情報は未入力。"
"species-22648","オオムラサキカミキリ","Tetraophthalmus episcopalis (Chevrolat, 1852)","0","1","日本列島の甲虫全種目録(2026)参照。食草・生態情報は未入力。"
"species-22650","クワカミキリ","Apriona (Apriona) japonica Thomson, 1878","2","1","日本列島の甲虫全種目録(2026)参照。食草・生態情報は未入力。"
"species-22654","シロスジカミキリ","Batocera lineolata Chevrolat, 1852","1","0","日本列島の甲虫全種目録(2026)参照。食草・生態情報は未入力。"
"species-22657","クロツヤアラゲカミキリ","Anaespogonius piceonigris Hayashi, 1972","0","1","日本列島の甲虫全種目録(2026)参照。食草・生態情報は未入力。"
"species-22658","チャバネクロツツカミキリ","Anaesthetis confossicollis Baeckmann, 1903","0","1","日本列島の甲虫全種目録(2026)参照。食草・生態情報は未入力。"
"species-22659","キバネアラゲカミキリ","Anaesthetobrium luteipenne Pic, 1923","0","1","日本列島の甲虫全種目録(2026)参照。食草・生態情報は未入力。"
"species-22661","フタオビアラゲカミキリ","Arhopaloscelis nipponensis (Pic, 1932)","10","1","日本列島の甲虫全種目録(2026)参照。食草・生態情報は未入力。"
"species-22663","ヒゲシロアラゲカミキリ","Bonipogonius fujitai Kusama, 1973","0","1","日本列島の甲虫全種目録(2026)参照。食草・生態情報は未入力。"
"species-22664","ジュウジクロカミキリ","Clytosemia pulchra Bates, 1884","2","1","日本列島の甲虫全種目録(2026)参照。食草・生態情報は未入力。"
"species-22669","ホソヒゲケブカカミキリ","Eupogoniopsis tenuicornis (Bates, 1884)","5","0","日本列島の甲虫全種目録(2026)参照。食草・生態情報は未入力。"
"species-22670","オビレカミキリ","Euseboides matsudai matsudai Gressitt, 1938","1","1","日本列島の甲虫全種目録(2026)参照。食草・生態情報は未入力。"
"species-22671","クモノスモンサビカミキリ 基亜種","Graphidessa venata venata Bates, 1884","3","1","日本列島の甲虫全種目録(2026)参照。食草・生態情報は未入力。"
"species-22673","ミヤマチビコブカミキリ 基亜種","Miccolamia (Isomiccolamia) glabricula glabricula Bates, 1884","0","1","日本列島の甲虫全種目録(2026)参照。食草・生態情報は未入力。"
"species-22675","ハチジョウチビコブカミキリ","Miccolamia (Isomiccolamia) inspinosa Takakuwa & N. Ohbayashi, 1995","1","1","日本列島の甲虫全種目録(2026)参照。食草・生態情報は未入力。"
"species-22676","ヘリグロチビコブカミキリ","Miccolamia (Isomiccolamia) takakuwai M. Hasegawa & N. Ohbayashi, 2001","3","1","日本列島の甲虫全種目録(2026)参照。食草・生態情報は未入力。"
"species-22677","ピックチビコブカミキリ","Miccolamia (Isomiccolamia) tuberculata (Pic, 1918)","1","0","日本列島の甲虫全種目録(2026)参照。食草・生態情報は未入力。"
"species-22680","ヤクチビコブカミキリ","Miccolamia (Isomiccolamia) yakushimensis M. Hasegawa & N. Ohbayashi, 2001","0","1","日本列島の甲虫全種目録(2026)参照。食草・生態情報は未入力。"
"species-22681","カッコウカミキリ","Miccolamia (Miccolamia) cleroides Bates, 1884","0","1","日本列島の甲虫全種目録(2026)参照。食草・生態情報は未入力。"
"species-22682","ドイカミキリ 基亜種","Mimectatina divaricata divaricata (Bates, 1884)","5","1","日本列島の甲虫全種目録(2026)参照。食草・生態情報は未入力。"
"species-22688","ヤエヤマドイカミキリ","Doius divaricata yayeyamana Toyoshima, 1982","0","1","日本列島の甲虫全種目録(2026)参照。食草・生態情報は未入力。"
"species-22689","シロオビドイカミキリ","Mimectatina fuscoplagiata (Breuning, 1939)","1","0","日本列島の甲虫全種目録(2026)参照。食草・生態情報は未入力。"
"species-22691","ニセコゲチャサビカミキリ","Mimectatina iriei Hayashi, 1984","2","1","日本列島の甲虫全種目録(2026)参照。食草・生態情報は未入力。"
"species-22692","エゾシロオビドイカミキリ","Mimectatina longipennis Makihara, 2004","0","1","日本列島の甲虫全種目録(2026)参照。食草・生態情報は未入力。"
"species-22693","コゲチャサビカミキリ","Mimectatina meridiana ohirai Breuning & Villiers, 1973","1","1","日本列島の甲虫全種目録(2026)参照。食草・生態情報は未入力。"
"species-22697","キイロアラゲカミキリ","Penthides rufoflavus (Hayashi, 1957)","0","1","日本列島の甲虫全種目録(2026)参照。食草・生態情報は未入力。"
"species-22699","フタモンアラゲカミキリ","Rhopaloscelis maculatus Bates, 1877","0","1","日本列島の甲虫全種目録(2026)参照。食草・生態情報は未入力。"
"species-22700","ヒトオビアラゲカミキリ","Rhopaloscelis unifasciatus Blessig, 1873","3","0","日本列島の甲虫全種目録(2026)参照。食草・生態情報は未入力。"
"species-22701","イボタサビカミキリ","Sophronica obrioides (Bates, 1873)","2","1","日本列島の甲虫全種目録(2026)参照。食草・生態情報は未入力。"
"species-22703","クリイロチビケブカカミキリ","Terinaea atrofusca Bates, 1884","3","0","日本列島の甲虫全種目録(2026)参照。食草・生態情報は未入力。"
"species-22704","オキナワサビカミキリ","Zotalemimon costatum (Matsushita, 1933)","1","1","日本列島の甲虫全種目録(2026)参照。食草・生態情報は未入力。"
"species-22705","オキナワジャノメカミキリ","Microlenecamptus nakabayashii Takakuwa, 1992","0","1","日本列島の甲虫全種目録(2026)参照。食草・生態情報は未入力。"
"species-22708","ムネホシシロカミキリ","Olenecamptus clarus clarus Pascoe, 1859","0","1","日本列島の甲虫全種目録(2026)参照。食草・生態情報は未入力。"
"species-22709","オオシロカミキリ","Olenecamptus cretaceus cretaceus Bates, 1873","0","1","日本列島の甲虫全種目録(2026)参照。食草・生態情報は未入力。"
"species-22710","タカサゴシロカミキリ","Olenecamptus formosanus Pic, 1914","3","0","日本列島の甲虫全種目録(2026)参照。食草・生態情報は未入力。"
"species-22711","オガサワラオオシロカミキリ","Olenecamptus fukutomii M. Hasegawa, 2004","0","1","日本列島の甲虫全種目録(2026)参照。食草・生態情報は未入力。"
"species-22713","チョウセンシロカミキリ","Olenecamptus subobliteratus Pic, 1923","0","1","日本列島の甲虫全種目録(2026)参照。食草・生態情報は未入力。"
"species-22714","ムツボシシロカミキリ","Olenecamptus taiwanus L. S. Dillon & E. S. Dillon, 1948","0","1","日本列島の甲虫全種目録(2026)参照。食草・生態情報は未入力。"
"species-22716","ウスアヤカミキリ 男女群島亜種","Bumetopia oscitans adachii Fujita, 2023","5","0","日本列島の甲虫全種目録(2026)参照。食草・生態情報は未入力。"
"species-22717","ウスアヤカミキリ 基亜種","Bumetopia japonica japonica (J. Thomson, 1868)","0","1","日本列島の甲虫全種目録(2026)参照。食草・生態情報は未入力。"
"species-22731","オガサワラビロウドカミキリ","Acalolepta boninensis Hayashi, 1971","2","1","日本列島の甲虫全種目録(2026)参照。食草・生態情報は未入力。"
"species-22732","ヒメビロウドカミキリ","Acalolepta degener degener (Bates, 1873)","2","0","日本列島の甲虫全種目録(2026)参照。食草・生態情報は未入力。"
"species-22735","ビロウドカミキリ 基亜種","Acalolepta fraudatrix fraudatrix (Bates, 1873)","4","1","日本列島の甲虫全種目録(2026)参照。食草・生態情報は未入力。"
"species-22739","イチョウヒゲビロウドカミキリ","Acalolepta ginkgovora Makihara, 1992","2","0","日本列島の甲虫全種目録(2026)参照。食草・生態情報は未入力。"
"species-22745","チャイロヒゲビロウドカミキリ","Acalolepta kusamai Hayashi, 1969","2","1","日本列島の甲虫全種目録(2026)参照。食草・生態情報は未入力。"
"species-22749","ヤクシマチャイロヒゲビロウドカミキリ","Acalolepta masatakai Makihara, 2003","0","1","日本列島の甲虫全種目録(2026)参照。食草・生態情報は未入力。"
"species-22751","オオシマビロウドカミキリ 基亜種","Acalolepta oshimana oshimana (Breuning, 1954)","0","1","日本列島の甲虫全種目録(2026)参照。食草・生態情報は未入力。"
"species-22754","キンケビロウドカミキリ 八重山諸島亜種","Acalolepta permutans paucipunctata (Gressitt, 1938)","0","1","日本列島の甲虫全種目録(2026)参照。食草・生態情報は未入力。"
"species-22755","ニセビロウドカミキリ 基亜種","Acalolepta sejuncta sejuncta (Bates, 1873)","5","1","日本列島の甲虫全種目録(2026)参照。食草・生態情報は未入力。"
"species-22761","ゴマフキマダラカミキリ","Annamanum griseolum (Bates, 1884)","0","1","日本列島の甲虫全種目録(2026)参照。食草・生態情報は未入力。"
"species-22764","ゴマダラカミキリ","Anoplophora malasiaca (Thomson, 1865)","2","0","日本列島の甲虫全種目録(2026)参照。食草・生態情報は未入力。"
"species-22768","ヨナグニゴマダラカミキリ","Anoplophora ryukyuensis Breuning & K. Ohbayashi, 1964","0","1","日本列島の甲虫全種目録(2026)参照。食草・生態情報は未入力。"
"species-22770","オオスミヒゲナガカミキリ","Dolichoprosopus sameshimai N. Ohbayashi, 2001","0","1","日本列島の甲虫全種目録(2026)参照。食草・生態情報は未入力。"
"species-22771","ヨコヤマヒゲナガカミキリ","Dolichoprosopus yokoyamai (Gressitt, 1937)","0","1","日本列島の甲虫全種目録(2026)参照。食草・生態情報は未入力。"
"species-22780","キマダラヒメヒゲナガカミキリ","Monochamus (Monochamus) maruokai Hayashi, 1962","0","1","日本列島の甲虫全種目録(2026)参照。食草・生態情報は未入力。"
"species-22785","カラフトヒゲナガカミキリ","Monochamus (Monochamus) saltuarius (Gebler, 1830)","0","1","日本列島の甲虫全種目録(2026)参照。食草・生態情報は未入力。"
"species-22786","ヒメヒゲナガカミキリ 基亜種","Monochamus (Monochamus) subfasciatus subfasciatus (Bates, 1873)","9","1","日本列島の甲虫全種目録(2026)参照。食草・生態情報は未入力。"
"species-22792","コゲチャフタモンヒゲナガカミキリ","Monochamus (Opepharus) asiatics (Hayashi, 1962)","0","1","日本列島の甲虫全種目録(2026)参照。食草・生態情報は未入力。"
"species-22794","リュウキュウクリイロシラホシカミキリ","Nanohammus oshimanus Breuning & K. Ohbayashi, 1964","0","1","日本列島の甲虫全種目録(2026)参照。食草・生態情報は未入力。"
"species-22796","クリイロシラホシカミキリ","Nanohammus rufescens Bates, 1884","0","1","日本列島の甲虫全種目録(2026)参照。食草・生態情報は未入力。"
"species-22800","フジコブヤハズカミキリ","Parechthistatus (Mesechthistatus) fujisanus Hayashi, 1957","1","1","日本列島の甲虫全種目録(2026)参照。食草・生態情報は未入力。"
"species-22801","マヤサンコブヤハズカミキリ 基亜種","Parechthistatus (Mesechthistatus) furcifer furcifer (Bates, 1884)","0","1","日本列島の甲虫全種目録(2026)参照。食草・生態情報は未入力。"
"species-22804","セダカコブヤハズカミキリ 基亜種","Parechthistatus (Parechthistatus) gibber gibber (Bates, 1873)","0","1","日本列島の甲虫全種目録(2026)参照。食草・生態情報は未入力。"
"species-22810","セダカコブヤハズカミキリ 隠岐島後・島根半島亜種","Parechthistatus (Parechthistatus) gibber kadowakii Takakuwa, Nakabayashi & Kobayashi, 2020","0","1","日本列島の甲虫全種目録(2026)参照。食草・生態情報は未入力。"
"species-22821","イシガキフトカミキリ","Peblephaeus ishigakianus (Yokoyama, 1971)","0","1","日本列島の甲虫全種目録(2026)参照。食草・生態情報は未入力。"
"species-22823","ノブオフトカミキリ","Peblephaeus nobuoi (Breuing & K. Ohbayashi, 1966)","0","1","日本列島の甲虫全種目録(2026)参照。食草・生態情報は未入力。"
"species-22824","オキナワフトカミキリ 基亜種","Peblephaeus okinawanus okinawanus (Hayashi, 1962)","0","1","日本列島の甲虫全種目録(2026)参照。食草・生態情報は未入力。"
"species-22828","ヤエヤマフトカミキリ","Peblephaeus yayeyamai (Breuning, 1955)","1","0","日本列島の甲虫全種目録(2026)参照。食草・生態情報は未入力。"
"species-22832","キボシカミキリ 基亜種","Psacothea hilaris hilaris (Pascoe, 1857)","3","1","日本列島の甲虫全種目録(2026)参照。食草・生態情報は未入力。"
"species-22842","マルバネコブヒゲカミキリ","Rhodopina integripennis (Bates, 1884)","6","1","日本列島の甲虫全種目録(2026)参照。食草・生態情報は未入力。"
"species-22843","セミスジコブヒゲカミキリ 基亜種","Rhodopina lewisii lewisii (Bates, 1873)","3","1","日本列島の甲虫全種目録(2026)参照。食草・生態情報は未入力。"
"species-22846","メシマコブヒゲカミキリ","Rhodopina meshimensis Makihara, 1980","0","1","日本列島の甲虫全種目録(2026)参照。食草・生態情報は未入力。"
"species-22848","ヤクマルバネコブヒゲカミキリ","Rhodopina nasui J. Komiya & Kusama, 1973","0","1","日本列島の甲虫全種目録(2026)参照。食草・生態情報は未入力。"
"species-22849","オキナワコブヒゲカミキリ","Rhodopina okinawensis (Matsushita, 1933)","0","1","日本列島の甲虫全種目録(2026)参照。食草・生態情報は未入力。"
"species-22850","オキノエラブコブヒゲカミキリ","Rhodopina okinoerabuana Hayashi, 1966","0","1","日本列島の甲虫全種目録(2026)参照。食草・生態情報は未入力。"
"species-22851","サキシマコブヒゲカミキリ","Rhodopina sakishimana Yokoyama, 1966","0","1","日本列島の甲虫全種目録(2026)参照。食草・生態情報は未入力。"
"species-22852","トカラコブヒゲカミキリ 基亜種","Rhodopina tokarensis tokarensis Hayashi, 1956","0","1","日本列島の甲虫全種目録(2026)参照。食草・生態情報は未入力。"
"species-22854","イズトカラコブヒゲカミキリ","Rhodopina okinoerabuana komiyai Hayashi, 1969","0","1","日本列島の甲虫全種目録(2026)参照。食草・生態情報は未入力。"
"species-22856","ヤハズカミキリ 基亜種","Uraecha bimaculata bimaculata Thomson, 1864","0","1","日本列島の甲虫全種目録(2026)参照。食草・生態情報は未入力。"
"species-22858","トカラヤハズカミキリ 基亜種","Uraecha gilva gilva Yokoyama, 1966","0","1","日本列島の甲虫全種目録(2026)参照。食草・生態情報は未入力。"
"species-22861","チャボヒゲナガカミキリ","Xenicotela pardalina (Bates, 1884)","4","1","日本列島の甲虫全種目録(2026)参照。食草・生態情報は未入力。"
"species-22862","シロオビゴマフカミキリ","Falsomesosella (Falsomesosella) gracilior (Bates, 1884)","1","0","日本列島の甲虫全種目録(2026)参照。食草・生態情報は未入力。"
"species-22863","マダラゴマフカミキリ","Japanomesosa poecila (Bates, 1884)","0","1","日本列島の甲虫全種目録(2026)参照。食草・生態情報は未入力。"
"species-22865","ヒロオビオオゴマフカミキリ","Mesoereis horiana (Breuning & K. Ohbayashi, 1966)","1","0","日本列島の甲虫全種目録(2026)参照。食草・生態情報は未入力。"
"species-22866","ナガゴマフカミキリ","Mesosa (Aplocnemia) longipennis Bates, 1873","2","0","日本列島の甲虫全種目録(2026)参照。食草・生態情報は未入力。"
"species-22867","タテスジゴマフカミキリ","Mesosa (Aplocnemia) senilis Bates, 1884","7","1","日本列島の甲虫全種目録(2026)参照。食草・生態情報は未入力。"
"species-22868","フタスジゴマフカミキリ 基亜種","Mesosa (Lissomesosa) cribrata cribrata Bates, 1884","1","1","日本列島の甲虫全種目録(2026)参照。食草・生態情報は未入力。"
"species-22870","キリシマゴマフカミキリ","Mesosa (Lissomesosa) kirisimana Matsushita, 1943","0","1","日本列島の甲虫全種目録(2026)参照。食草・生態情報は未入力。"
"species-22871","ゴマフカミキリ","Mesosa (Mesosa) japonica Bates, 1873","2","1","日本列島の甲虫全種目録(2026)参照。食草・生態情報は未入力。"
"species-22873","コウノゴマフカミキリ 基亜種","Mesosa (Mesosa) konoi konoi Hayashi, 1956","0","1","日本列島の甲虫全種目録(2026)参照。食草・生態情報は未入力。"
"species-22881","アシナガゴマフカミキリ","Mesosa (Mesosa) praelongipes Kusama & Irie, 1976","0","1","日本列島の甲虫全種目録(2026)参照。食草・生態情報は未入力。"
"species-22882","オガサワラゴマフカミキリ","Mesosa (Mesosa) rufa (Breuning, 1935)","4","1","日本列島の甲虫全種目録(2026)参照。食草・生態情報は未入力。"
"species-22889","コブバネゴマフカミキリ","Mesosa (Metamesosa) nomurai Hayashi, 1964","0","1","日本列島の甲虫全種目録(2026)参照。食草・生態情報は未入力。"
"species-22890","カタシロゴマフカミキリ 基亜種","Mesosa (Perimesosa) hirsuta hirsuta Bates, 1884","2","1","日本列島の甲虫全種目録(2026)参照。食草・生態情報は未入力。"
"species-22893","オキナワゴマフカミキリ 基亜種","Mesosa (Perimesosa) pictipes pictipes Gressitt, 1937","0","1","日本列島の甲虫全種目録(2026)参照。食草・生態情報は未入力。"
"species-22897","ヤエヤマゴマフカミキリ","Mesosa (Perimesosa) yayeyamai Breuning, 1955","0","1","日本列島の甲虫全種目録(2026)参照。食草・生態情報は未入力。"
"species-22898","クロモンゴマフカミキリ 基亜種","Pachyosa atronotata atronotata (Kusama & Irie, 1976)","0","1","日本列島の甲虫全種目録(2026)参照。食草・生態情報は未入力。"
"species-22902","ムネコブゴマフカミキリ","Pachyosa cervinopicta (Fairmaire, 1897)","0","1","日本列島の甲虫全種目録(2026)参照。食草・生態情報は未入力。"
"species-22904","ケハラゴマフカミキリ","Pachyosa hirtiventris (Gressitt, 1937)","0","1","日本列島の甲虫全種目録(2026)参照。食草・生態情報は未入力。"
"species-22905","ベニモンゴマフカミキリ 基亜種","Pachyosa itoi itoi (Ohbayashi, 1985)","0","1","日本列島の甲虫全種目録(2026)参照。食草・生態情報は未入力。"
"species-22908","アカガネカミキリ 基亜種","Plectrura (Phlyctidola) metallica metallica (Bates, 1884)","1","0","日本列島の甲虫全種目録(2026)参照。食草・生態情報は未入力。"
"species-22910","クモガタケシカミキリ","Exocentrus fasciolatus Bates, 1873","6","1","日本列島の甲虫全種目録(2026)参照。食草・生態情報は未入力。"
"species-22911","ヨコグロケシカミキリ","Exocentrus fisheri Gressitt, 1935","1","0","日本列島の甲虫全種目録(2026)参照。食草・生態情報は未入力。"
"species-22912","ガロアケシカミキリ","Exocentrus galloisi Matsushita, 1933","0","1","日本列島の甲虫全種目録(2026)参照。食草・生態情報は未入力。"
"species-22914","ハヤシケシカミキリ","Exocentrus hayashii Samuelson, 1965","0","1","日本列島の甲虫全種目録(2026)参照。食草・生態情報は未入力。"
"species-22915","アトモンマルケシカミキリ","Exocentrus lineatus Bates, 1873","6","1","日本列島の甲虫全種目録(2026)参照。食草・生態情報は未入力。"
"species-22916","トクノシマケシカミキリ","Exocentrus marui Makihara, 1986","0","1","日本列島の甲虫全種目録(2026)参照。食草・生態情報は未入力。"
"species-22917","ミヤマケシカミキリ","Exocentrus montilineatus Kusama & Tahira, 1977","0","1","日本列島の甲虫全種目録(2026)参照。食草・生態情報は未入力。"
"species-22918","ナカネケシカミキリ","Exocentrus nakanei Makihara, 1986","0","1","日本列島の甲虫全種目録(2026)参照。食草・生態情報は未入力。"
"species-22919","ノブオケシカミキリ 基亜種","Exocentrus nobuoi nobuoi Breuning & K. Ohbayashi, 1964","0","1","日本列島の甲虫全種目録(2026)参照。食草・生態情報は未入力。"
"species-22923","サトウケシカミキリ","Exocentrus satoi K. Ohbayashi, 1961","0","1","日本列島の甲虫全種目録(2026)参照。食草・生態情報は未入力。"
"species-22925","リュウキュウクモガタケシカミキリ","Exocentrus takakuwai Makihara, 1982","0","1","日本列島の甲虫全種目録(2026)参照。食草・生態情報は未入力。"
"species-22926","イカリモンケシカミキリ","Exocentrus taniguchii Makihara, 1986","0","1","日本列島の甲虫全種目録(2026)参照。食草・生態情報は未入力。"
"species-22927","キッコウモンケシカミキリ","Exocentrus testudineus Matsushita, 1931","12","0","日本列島の甲虫全種目録(2026)参照。食草・生態情報は未入力。"
"species-22928","ツシマケシカミキリ","Exocentrus tsushimanus Hayashi, 1968","0","1","日本列島の甲虫全種目録(2026)参照。食草・生態情報は未入力。"
"species-22930","ヒメシラオビカミキリ","Pogonocherus fasciculatus costatus Motschulsky, 1859","0","1","日本列島の甲虫全種目録(2026)参照。食草・生態情報は未入力。"
"species-22932","ネジロカミキリ","Pogonocherus seminiveus Bates, 1873","5","0","日本列島の甲虫全種目録(2026)参照。食草・生態情報は未入力。"
"species-22933","サビアヤカミキリ","Abryna obscura Schwarzer, 1925","14","0","日本列島の甲虫全種目録(2026)参照。食草・生態情報は未入力。"
"species-22934","ニイジマチビカミキリ 基亜種","Egesina (Niijimaia) bifasciana bifasciana (Matsushita, 1933)","0","1","日本列島の甲虫全種目録(2026)参照。食草・生態情報は未入力。"
"species-22936","ムモンアラゲサビカミキリ","Egesina (Niijimaia) flavoapicalis Hayashi, 1971","4","0","日本列島の甲虫全種目録(2026)参照。食草・生態情報は未入力。"
"species-22937","ウスキアラゲサビカミキリ","Egesina (Niijimaia) fujiwarai Toyoshima, 1999","0","1","日本列島の甲虫全種目録(2026)参照。食草・生態情報は未入力。"
"species-22938","ツヤアラゲサビカミキリ","Egesina (Niijimaia) picea Hayashi, 1962","2","1","日本列島の甲虫全種目録(2026)参照。食草・生態情報は未入力。"
"species-22940","タコサビカミキリ","Mesosella kumei Takakuwa, 1984","1","0","日本列島の甲虫全種目録(2026)参照。食草・生態情報は未入力。"
"species-22941","クワサビカミキリ","Mesosella simiola Bates, 1884","2","0","日本列島の甲虫全種目録(2026)参照。食草・生態情報は未入力。"
"species-22942","ハイイロヤハズカミキリ","Niphona (Niphona) furcata (Bates, 1873)","9","0","日本列島の甲虫全種目録(2026)参照。食草・生態情報は未入力。"
"species-22943","ヤノヤハズカミキリ","Niphona (Niphona) yanoi yanoi Matsushita, 1934","0","1","日本列島の甲虫全種目録(2026)参照。食草・生態情報は未入力。"
"species-22944","コブバネサビカミキリ 八重山亜種","Pterolophia (Ale) gibbosipennis iriomotei Breuning & K. Ohbayashi, 1966","0","1","日本列島の甲虫全種目録(2026)参照。食草・生態情報は未入力。"
"species-22947","ナカジロサビカミキリ 基亜種","Pterolophia (Ale) jugosa jugosa (Bates, 1873)","6","1","日本列島の甲虫全種目録(2026)参照。食草・生態情報は未入力。"
"species-22950","ワモンサビカミキリ","Pterolophia (Hylobrotus) annulata (Chevrolat, 1845)","2","0","日本列島の甲虫全種目録(2026)参照。食草・生態情報は未入力。"
"species-22951","ニジモンサビカミキリ","Pterolophia (Hylobrotus) formosana Schwarzer, 1925","0","1","日本列島の甲虫全種目録(2026)参照。食草・生態情報は未入力。"
"species-22953","ツシマハネナシサビカミキリ","Pterolophia (Pseudale) adachii (Hayashi, 1983)","0","1","日本列島の甲虫全種目録(2026)参照。食草・生態情報は未入力。"
"species-22955","コシキハネナシサビカミキリ","Pterolophia (Pseudale) koshikijimana Makihara, 2006","0","1","日本列島の甲虫全種目録(2026)参照。食草・生態情報は未入力。"
"species-22956","キュウシュウハネナシサビカミキリ","Pterolophia (Pseudale) kyushuensis Takakuwa, 1988","0","1","日本列島の甲虫全種目録(2026)参照。食草・生態情報は未入力。"
"species-22957","オキナワハネナシサビカミキリ","Pterolophia (Pseudale) obovata (Hayashi, 1971)","0","1","日本列島の甲虫全種目録(2026)参照。食草・生態情報は未入力。"
"species-22960","マルモンサビカミキリ","Pterolophia (Pterolophia) angusta (Bates, 1873)","0","1","日本列島の甲虫全種目録(2026)参照。食草・生態情報は未入力。"
"species-22961","スジダカサビカミキリ","Pterolophia (Pterolophia) bigibbera (Newman, 1842)","0","1","日本列島の甲虫全種目録(2026)参照。食草・生態情報は未入力。"
"species-22962","クリサビカミキリ","Pterolophia (Pterolophia) castaneivora Ohbayashi & Hayashi, 1962","0","1","日本列島の甲虫全種目録(2026)参照。食草・生態情報は未入力。"
"species-22963","トガリシロオビサビカミキリ 基亜種","Pterolophia (Pterolophia) caudata caudata (Bates, 1873)","2","1","日本列島の甲虫全種目録(2026)参照。食草・生態情報は未入力。"
"species-22965","アトモンサビカミキリ","Pterolophia (Pterolophia) granulata (Motschulsky, 1866)","5","1","日本列島の甲虫全種目録(2026)参照。食草・生態情報は未入力。"
"species-22969","ヒメナガサビカミキリ","Pterolophia (Pterolophia) leiopodina (Bates, 1873)","6","0","日本列島の甲虫全種目録(2026)参照。食草・生態情報は未入力。"
"species-22970","エゾサビカミキリ","Pterolophia (Pterolophia) tsurugiana (Matsushita, 1934)","7","0","日本列島の甲虫全種目録(2026)参照。食草・生態情報は未入力。"
"species-22972","アトジロサビカミキリ","Pterolophia (Pterolophia) zonata (Bates, 1873)","8","1","日本列島の甲虫全種目録(2026)参照。食草・生態情報は未入力。"
"species-22975","ハンノキカミキリ","Cagosima sanguinolenta Thomson, 1864","1","1","日本列島の甲虫全種目録(2026)参照。食草・生態情報は未入力。"
"species-22977","ヨツキボシカミキリ","Epiglenea comes comes Bates, 1884","1","1","日本列島の甲虫全種目録(2026)参照。食草・生態情報は未入力。"
"species-22978","キバネニセリンゴカミキリ","Eumecocera anomala (Bates, 1884)","0","1","日本列島の甲虫全種目録(2026)参照。食草・生態情報は未入力。"
"species-22980","ヒゲナガシラホシカミキリ","Eumecocera argyrosticta (Bates, 1884)","2","1","日本列島の甲虫全種目録(2026)参照。食草・生態情報は未入力。"
"species-22982","シラホシキクスイカミキリ","Eumecocera gleneoides (Gressitt, 1935)","1","1","日本列島の甲虫全種目録(2026)参照。食草・生態情報は未入力。"
"species-22983","ヨスジアオカミキリ","Eumecocera impustulata (Motschulsky, 1860)","0","1","日本列島の甲虫全種目録(2026)参照。食草・生態情報は未入力。"
"species-22984","ジュウモンジニセリンゴカミキリ","Eumecocera minamii Makihara, 1984","0","1","日本列島の甲虫全種目録(2026)参照。食草・生態情報は未入力。"
"species-22985","セミスジニセリンゴカミキリ","Eumecocera trivittata (Breuning, 1947)","1","1","日本列島の甲虫全種目録(2026)参照。食草・生態情報は未入力。"
"species-22986","クロニセリンゴカミキリ","Eumecocera unicolor (Kano, 1933)","3","0","日本列島の甲虫全種目録(2026)参照。食草・生態情報は未入力。"
"species-22988","ハンノアオカミキリ 基亜種","Eutetrapha chrysochloris chrysochloris (Bates, 1879)","2","1","日本列島の甲虫全種目録(2026)参照。食草・生態情報は未入力。"
"species-22990","ヤツメカミキリ","Eutetrapha ocelota (Bates, 1873)","1","1","日本列島の甲虫全種目録(2026)参照。食草・生態情報は未入力。"
"species-22991","シナカミキリ 基亜種","Eutetrapha sedecimpunctata sedecimpunctata (Motschulsky, 1860)","1","0","日本列島の甲虫全種目録(2026)参照。食草・生態情報は未入力。"
"species-22993","イッシキキモンカミキリ","Glenea (Glenea) centroguttata Fairmaire, 1897","0","1","日本列島の甲虫全種目録(2026)参照。食草・生態情報は未入力。"
"species-22994","リュウキュウルリボシカミキリ 基亜種","Glenea (Glenea) chlorospila chlorospila Gahan, 1897","0","1","日本列島の甲虫全種目録(2026)参照。食草・生態情報は未入力。"
"species-22998","アマミモンキカミキリ 基亜種","Glenea (Glenea) iriei iriei Hayashi, 1971","0","1","日本列島の甲虫全種目録(2026)参照。食草・生態情報は未入力。"
"species-23000","イワサキキンスジカミキリ","Glenea (Glenea) iwasakii Kano, 1933","0","1","日本列島の甲虫全種目録(2026)参照。食草・生態情報は未入力。"
"species-23001","ミヤコルリボシカミキリ","Glenea (Glenea) kusamai Makihara, 1988","0","1","日本列島の甲虫全種目録(2026)参照。食草・生態情報は未入力。"
"species-23002","スジシロカミキリ 基亜種","Glenea (Glenea) lineata lineata Gahan, 1897","0","1","日本列島の甲虫全種目録(2026)参照。食草・生態情報は未入力。"
"species-23006","センカクキラホシカミキリ","Glenea (Glenea) masakii Makihara, 1978","0","1","日本列島の甲虫全種目録(2026)参照。食草・生態情報は未入力。"
"species-23007","シラホシカミキリ 基亜種","Glenea (Glenea) relicta relicta Pascoe, 1868","2","0","日本列島の甲虫全種目録(2026)参照。食草・生態情報は未入力。"
"species-23009","ヒメスジシロカミキリ","Heteroglenea glechoma (Pascoe, 1867)","0","1","日本列島の甲虫全種目録(2026)参照。食草・生態情報は未入力。"
"species-23011","クロキモンカミキリ","Menesia akemiae Makihara, 1992","1","1","日本列島の甲虫全種目録(2026)参照。食草・生態情報は未入力。"
"species-23013","キモンカミキリ","Menesia sulphurata (Gebler, 1825)","5","1","日本列島の甲虫全種目録(2026)参照。食草・生態情報は未入力。"
"species-23014","チチブニセリンゴカミキリ 基亜種","Niponostenostola niponensis niponensis (Pic, 1901)","3","1","日本列島の甲虫全種目録(2026)参照。食草・生態情報は未入力。"
"species-23016","コウノニセリンゴカミキリ","Stenostola konoi Kano, 1933","1","0","日本列島の甲虫全種目録(2026)参照。食草・生態情報は未入力。"
"species-23020","ヘリグロリンゴカミキリ","Nupserha marginella marginella (Bates, 1873)","5","1","日本列島の甲虫全種目録(2026)参照。食草・生態情報は未入力。"
"species-23023","ヒメリンゴカミキリ","Oberea (Oberea) hebescens Bates, 1873","0","1","日本列島の甲虫全種目録(2026)参照。食草・生態情報は未入力。"
"species-23028","リンゴカミキリ","Oberea (Oberea) japonica (Thunberg, 1787)","1","1","日本列島の甲虫全種目録(2026)参照。食草・生態情報は未入力。"
"species-23029","ハイイロホソキリンゴカミキリ","Oberea (Oberea) leucothrix Toyoshima, 1982","0","1","日本列島の甲虫全種目録(2026)参照。食草・生態情報は未入力。"
"species-23030","ニセリンゴカミキリ","Oberea (Oberea) mixta Bates, 1873","1","1","日本列島の甲虫全種目録(2026)参照。食草・生態情報は未入力。"
"species-23031","ホソツツリンゴカミキリ","Oberea (Oberea) nigriventris nigriventris Bates, 1873","3","0","日本列島の甲虫全種目録(2026)参照。食草・生態情報は未入力。"
"species-23035","シラハタリンゴカミキリ","Oberea (Oberea) shirahatai K. Ohbayashi, 1956","3","1","日本列島の甲虫全種目録(2026)参照。食草・生態情報は未入力。"
"species-23037","ソボリンゴカミキリ","Oberea (Oberea) sobosana Ohbayashi, 1956","11","1","日本列島の甲虫全種目録(2026)参照。食草・生態情報は未入力。"
"species-23040","サツマリンゴカミキリ","Oberea (Oberea) yasuhikoi Kusakabe, 2001","0","1","日本列島の甲虫全種目録(2026)参照。食草・生態情報は未入力。"
"species-23041","ラミーカミキリ","Paraglenea fortunei (Saunders, 1853)","2","1","日本列島の甲虫全種目録(2026)参照。食草・生態情報は未入力。"
"species-23042","カスガキモンカミキリ","Paramenesia kasugensis (Seki & Kobayashi, 1935)","0","1","日本列島の甲虫全種目録(2026)参照。食草・生態情報は未入力。"
"species-23043","ジュウニキボシカミキリ","Paramenesia theaphia (Bates, 1884)","4","1","日本列島の甲虫全種目録(2026)参照。食草・生態情報は未入力。"
"species-23045","ムネモンウスアオカミキリ","Pareutetrapha magnifica caeruleithoracica Takakuwa, 1984","0","1","日本列島の甲虫全種目録(2026)参照。食草・生態情報は未入力。"
"species-23046","ニセシラホシカミキリ","Pareutetrapha simulans (Bates, 1873)","3","0","日本列島の甲虫全種目録(2026)参照。食草・生態情報は未入力。"
"species-23048","キクスイカミキリ","Phytoecia (Phytoecia) rufiventris Gautier, 1870","28","0","日本列島の甲虫全種目録(2026)参照。食草・生態情報は未入力。"
"species-23049","ヒゲナガヒメルリカミキリ 基亜種","Praolia citrinipes citrinipes Bates, 1884","0","1","日本列島の甲虫全種目録(2026)参照。食草・生態情報は未入力。"
"species-23051","イシガキイトヒゲカミキリ","Praolia ishigakiana (N.Ohbayashi, 1970)","0","1","日本列島の甲虫全種目録(2026)参照。食草・生態情報は未入力。"
"species-23054","キイロイトヒゲカミキリ","Praolia mizutanii Niisato, 1989","0","1","日本列島の甲虫全種目録(2026)参照。食草・生態情報は未入力。"
"species-23055","クロモンヒゲナガヒメルリカミキリ","Praolia yakushimana Hayashi, 1976","0","1","日本列島の甲虫全種目録(2026)参照。食草・生態情報は未入力。"
"species-23056","トホシカミキリ","Saperda alberti Plavilstshikov, 1915","1","1","日本列島の甲虫全種目録(2026)参照。食草・生態情報は未入力。"
"species-23058","ヘリグロアオカミキリ","Saperda hosokawai Hasegawa, 2017","0","1","日本列島の甲虫全種目録(2026)参照。食草・生態情報は未入力。"
"species-23060","ヤツボシカミキリ","Saperda octomaculata Blessig, 1873","0","1","日本列島の甲虫全種目録(2026)参照。食草・生態情報は未入力。"
"species-23066","ムネモンヤツボシカミキリ","Saperda tetrastigma Bates, 1879","0","1","日本列島の甲虫全種目録(2026)参照。食草・生態情報は未入力。"
"species-23067","クロキクスイカミキリ","Stenostola nigerrima (Breuning, 1947)","0","1","日本列島の甲虫全種目録(2026)参照。食草・生態情報は未入力。"
"species-23068","アサカミキリ","Thyestilla gebleri (Faldermann, 1835)","1","0","日本列島の甲虫全種目録(2026)参照。食草・生態情報は未入力。"
"species-23071","シモフリナガヒゲカミキリ","Xenolea asiatica (Pic, 1925)","0","1","日本列島の甲虫全種目録(2026)参照。食草・生態情報は未入力。"
