kind,insect_id,normalized_japanese_name,public_japanese_name,normalized_scientific_name,public_scientific_name
"mismatch","species-0042","ミズヒキモグリチビガ","ミズヒキモグリチビガ","Enteucha sp. of Owada et al. 2006","Enteucha sp. of Owada et al. 2006"
"mismatch","species-0101","ツマテンオビモグリチビガ","ツマテンオビモグリチビガ","Fomoria sp. of Oku, 2003","Fomoria sp. of Oku, 2003"
"mismatch","species-0106","ムラサキシキブモグリチビガ","ムラサキシキブモグリチビガ","Acalyptris sp. of Owada et al., 2006","Acalyptris sp. of Owada et al., 2006"
"mismatch","species-0121","クサイチゴモグリチビガ","クサイチゴモグリチビガ","Ectoedemia sp. 1 of Owada et al., 2006","Ectoedemia sp. 1 of Owada et al., 2006"
"mismatch","species-0122","サクラモグリチビガ","サクラモグリチビガ","Ectoedemia sp. 2 of Owada et al., 2006","Ectoedemia sp. 2 of Owada et al., 2006"
"mismatch","species-0123","クヌギゴマフモグリチビガ","クヌギゴマフモグリチビガ","Ectoedemia sp. 3 of Owada et al., 2006","Ectoedemia sp. 3 of Owada et al., 2006"
"mismatch","species-0128","マエグロヒラタモグリガ","マエグロヒラタモグリガ","Opostegoides sp. of Oku, 2003","Opostegoides sp. of Oku, 2003"
"mismatch","species-0131","ハイイロヒラタモグリガ","ハイイロヒラタモグリガ","Pseudopostega sp. of Hirowatari, 2013","Pseudopostega sp. of Hirowatari, 2013"
"mismatch","species-0153","オオカメノキツヤコガ","オオカメノキツヤコガ","Antispila sp. of Oku, 2003","Antispila sp. of Oku, 2003"
"mismatch","species-0194","シロテンオオマガリガ","シロテンオオマガリガ","Lampronia sp. 1 of Oku, 2003","Lampronia sp. 1 of Oku, 2003"
"mismatch","species-0195","オビマガリガ","オビマガリガ","Lampronia sp. 2 of Oku, 2003","Lampronia sp. 2 of Oku, 2003"
"mismatch","species-0216","ウスキハモグリガ","ウスキハモグリガ","Tischeria sp. 1 of Oku, 2003","Tischeria sp. 1 of Oku, 2003"
"mismatch","species-0284","ミナミウスグロスカシモンヒロズコガ","ミナミウスグロスカシモンヒロズコガ","Crypsithyris sp. of Nasu et al., 2020","Crypsithyris sp. of Nasu et al., 2020"
"mismatch","species-0287","ヤエヤマクロテンヒロズコガ","ヤエヤマクロテンヒロズコガ","Ceratophaga sp. of Nasu et al., 2019","Ceratophaga sp. of Nasu et al., 2019"
"mismatch","species-0309","ヒモミノガ","ヒモミノガ","Gen. sp. of Saigusa, 1962","Gen. sp. of Saigusa, 1962"
"mismatch","species-0310","キノコヒモミノガ","キノコヒモミノガ","Gen. sp. of Nakamura, 1977","Gen. sp. of Nakamura, 1977"
"mismatch","species-0312","オオヒロズミノガ","オオヒロズミノガ","Ceratosticha sp. of Saigusa, 2013","Ceratosticha sp. of Saigusa, 2013"
"mismatch","species-0344","ドイミノガ","ドイミノガ","Gen. sp. of Doi, 2005","Gen. sp. of Doi, 2005"
"mismatch","species-0374","ナツハゼホシボシホソガ","ナツハゼホシボシホソガ","Parornix sp. of Nobuoka et al., 2012","Parornix sp. of Nobuoka et al., 2012"
"mismatch","species-0391","シロオビハマキホソガ","シロオビハマキホソガ","Caloptilia sp. 1 of Oku, 2003","Caloptilia sp. 1 of Oku, 2003"
"mismatch","species-0407","マンサクハマキホソガ","マンサクハマキホソガ","Caloptilia sp. 4 of Oku, 2003","Caloptilia sp. 4 of Oku, 2003"
"mismatch","species-0433","クロモジハマキホソガ","クロモジハマキホソガ","Caloptilia sp. 5 of Oku, 2003","Caloptilia sp. 5 of Oku, 2003"
"mismatch","species-0469","クロガネモチホソガ","クロガネモチホソガ","Acrocercops sp. of Nakamura, 1993b","Acrocercops sp. of Nakamura, 1993b"
"mismatch","species-0563","ヤナギマダラキンモンホソガ","ヤナギマダラキンモンホソガ","Phyllonorycter sp. of Oku, 2003","Phyllonorycter sp. of Oku, 2003"
"mismatch","species-0605","ヒイラギコハモグリ","ヒイラギコハモグリ","Phyllocnistis sp. 1 of Owada et al., 2006","Phyllocnistis sp. 1 of Owada et al., 2006"
"mismatch","species-0606","ヤブニッケイコハモグリ","ヤブニッケイコハモグリ","Phyllocnistis sp. 3 of Owada et al., 2006","Phyllocnistis sp. 3 of Owada et al., 2006"
"mismatch","species-0607","クヌギコハモグリ","クヌギコハモグリ","Phyllocnistis sp. 4 of Owada et al., 2006","Phyllocnistis sp. 4 of Owada et al., 2006"
"mismatch","species-0608","ホウノキコハモグリ","ホウノキコハモグリ","Phyllocnistis sp. 2 of Arita et al., 2009","Phyllocnistis sp. 2 of Arita et al., 2009"
"mismatch","species-0642","ウスモンホソバコスガ","ウスモンホソバコスガ","Xyrosaris sp. 1 of Oku, 2003","Xyrosaris sp. 1 of Oku, 2003"
"mismatch","species-0643","ヒメホソバコスガ","ヒメホソバコスガ","Xyrosaris sp. 2 of Oku, 2003","Xyrosaris sp. 2 of Oku, 2003"
"mismatch","species-0672","ブナメムシガ","ブナメムシガ","Argyresthia sp. 2 of Oku, 2003","Argyresthia sp. 2 of Oku, 2003"
"mismatch","species-0694","ヤチダモニセスガ","ヤチダモニセスガ","Prays sp. of Oku, 2008","Prays sp. of Oku, 2008"
"mismatch","species-0719","オオクボクチブサガ","オオクボクチブサガ","Ypsolopha sp. 1 of Ijima & Kawahara, 2005","Ypsolopha sp. 1 of Ijima & Kawahara, 2005"
"mismatch","species-0720","クシロクチブサガ","クシロクチブサガ","Ypsolopha sp. 2 of Ijima & Kawahara, 2005","Ypsolopha sp. 2 of Ijima & Kawahara, 2005"
"mismatch","species-0721","ミスジクチブサガ","ミスジクチブサガ","Ypsolopha sp. 3 of Ijima & Kawahara, 2005","Ypsolopha sp. 3 of Ijima & Kawahara, 2005"
"mismatch","species-0726","ヤマヒロバコナガ","ヤマヒロバコナガ","Leuroperna sp. of Oku, 2003","Leuroperna sp. of Oku, 2003"
"mismatch","species-0735","ヒイロギンスジコガ","ヒイロギンスジコガ","Digitivalva sp. of Suzuki et al., 2018","Digitivalva sp. of Suzuki et al., 2018"
"mismatch","species-0746","トリアシショウマツヅリコガ","トリアシショウマツヅリコガ","Acrolepiopsis sp. of Yasuda, 2013","Acrolepiopsis sp. of Yasuda, 2013"
"mismatch","species-0772","シロホソハマキモドキ","シロホソハマキモドキ","Glyphipterix sp. of Oku, 2003","Glyphipterix sp. of Oku, 2003"
"mismatch","species-0807","ミヤマユミモンマルハキバガ","ミヤマユミモンマルハキバガ","Semioscopis sp. of Sakamaki, 2013","Semioscopis sp. of Sakamaki, 2013"
"mismatch","species-0824","ウスイハラマルハキバガ","ウスイハラマルハキバガ","Agonopterix sp. 1 of Sakamaki, 2013","Agonopterix sp. 1 of Sakamaki, 2013"
"mismatch","species-0837","アズサアサギマルハキバガ","アズサアサギマルハキバガ","Agonopterix sp. A of Kameda, 1988","Agonopterix sp. A of Kameda, 1988"
"mismatch","species-0838","カラカサバナマルハキバガ","カラカサバナマルハキバガ","Agonopterix sp. 2 of Sakamaki, 2013","Agonopterix sp. 2 of Sakamaki, 2013"
"mismatch","species-0918","ウスイロコマルハキバガ","ウスイロコマルハキバガ","Meleonoma sp. 1 of Kitajima & Sakamaki, 2020 [2021]","Meleonoma sp. 1 of Kitajima & Sakamaki, 2020 [2021]"
"mismatch","species-0919","ヒメアマミコマルハキバガ","ヒメアマミコマルハキバガ","Meleonoma sp. 2 of Kitajima & Sakamaki, 2020 [2021]","Meleonoma sp. 2 of Kitajima & Sakamaki, 2020 [2021]"
"mismatch","species-0923","ウスオビヒメマルハキバガ","ウスオビヒメマルハキバガ","Acryptolechia sp. 2 of Ueda, 2013","Acryptolechia sp. 2 of Ueda, 2013"
"mismatch","species-0926","コゲチャマルハキバガ","コゲチャマルハキバガ","Barea sp. 1 of Kitajima, 2021","Barea sp. 1 of Kitajima, 2021"
"mismatch","species-0927","ヤエヤママルハキバガ","ヤエヤママルハキバガ","Barea sp. 2 of Kitajima, 2021","Barea sp. 2 of Kitajima, 2021"
"mismatch","species-0942","イノコベニマルハキバガ","イノコベニマルハキバガ","Promalactis sp. of Komatsu, 2017","Promalactis sp. of Komatsu, 2017"
"mismatch","species-0963","カクバネゴマフシロハビロキバガ","カクバネゴマフシロハビロキバガ","Scythropiodes sp. of Sakamaki, 2013","Scythropiodes sp. of Sakamaki, 2013"
"mismatch","species-0974","キイロホソバヒゲナガキバガ","キイロホソバヒゲナガキバガ","Lecithocera sp. 2 of Oku, 2003","Lecithocera sp. 2 of Oku, 2003"
"mismatch","species-0987","ヤシノホソキバガ","ヤシノホソキバガ","Batrachedra sp. 1 of Sugisima, 2013","Batrachedra sp. 1 of Sugisima, 2013"
"mismatch","species-0988","カイガラホソキバガ","カイガラホソキバガ","Batrachedra sp. 2 of Sugisima, 2013","Batrachedra sp. 2 of Sugisima, 2013"
"mismatch","species-0990","スゲスゴモリキバガ","スゲスゴモリキバガ","Idioglossa sp. of Hori & Sakurai, 2015","Idioglossa sp. of Hori & Sakurai, 2015"
"mismatch","species-1121","ケヤキツツミノガ","ケヤキツツミノガ","Coleophora sp. 1 of Oku, 2003","Coleophora sp. 1 of Oku, 2003"
"mismatch","species-1122","ハシバミマエジロツツミノガ","ハシバミマエジロツツミノガ","Coleophora sp. 2 of Oku, 2003","Coleophora sp. 2 of Oku, 2003"
"mismatch","species-1123","ハシバミクロツツミノガ","ハシバミクロツツミノガ","Coleophora sp. 3 of Oku, 2003","Coleophora sp. 3 of Oku, 2003"
"mismatch","species-1124","ムラサキヤシオツツミノガ","ムラサキヤシオツツミノガ","Coleophora sp. 4 of Oku, 2003","Coleophora sp. 4 of Oku, 2003"
"mismatch","species-1125","タニウツギヒラタツツミノガ","タニウツギヒラタツツミノガ","Coleophora sp. 5 of Oku, 2003","Coleophora sp. 5 of Oku, 2003"
"mismatch","species-1126","オトコヨモギツツミノガ","オトコヨモギツツミノガ","Coleophora sp. 7 of Oku, 2003","Coleophora sp. 7 of Oku, 2003"
"mismatch","species-1127","ヤマハハコツツミノガ","ヤマハハコツツミノガ","Coleophora sp. 12 of Oku, 2003","Coleophora sp. 12 of Oku, 2003"
"mismatch","species-1128","ホシツツミノガ","ホシツツミノガ","Coleophora sp. 15 of Oku, 2003","Coleophora sp. 15 of Oku, 2003"
"mismatch","species-1129","スモモツツミノガ","スモモツツミノガ","Coleophora sp. [1] of Mano, 2016","Coleophora sp. [1] of Mano, 2016"
"mismatch","species-1132","ヤブツバキホソエダモグリガ","ヤブツバキホソエダモグリガ","Haplochrois sp. 1 of Sugisima, 2013","Haplochrois sp. 1 of Sugisima, 2013"
"mismatch","species-1133","オクノホソエダモグリガ","オクノホソエダモグリガ","Haplochrois sp. 2 of Sugisima, 2013","Haplochrois sp. 2 of Sugisima, 2013"
"mismatch","species-1155","キイロミツボシキバガ","キイロミツボシキバガ","Apethistis sp. of Ueda, 2013","Apethistis sp. of Ueda, 2013"
"mismatch","species-1156","ミヤマエミツボシキバガ","ミヤマエミツボシキバガ","Apethistis sp. of Nishikai, 2017","Apethistis sp. of Nishikai, 2017"
"mismatch","species-1228","オオホソカザリバ","オオホソカザリバ","Cosmopterix sp. 1 of Oku, 2003","Cosmopterix sp. 1 of Oku, 2003"
"mismatch","species-1230","ヨツモンホソマルハキバガ","ヨツモンホソマルハキバガ","Macrobathra sp. 1 of Oku, 2003","Macrobathra sp. 1 of Oku, 2003"
"mismatch","species-1231","ミツモンホソマルハキバガ","ミツモンホソマルハキバガ","Macrobathra sp. 2 of Oku, 2003","Macrobathra sp. 2 of Oku, 2003"
"mismatch","species-1234","ミナミコブカザリバ","ミナミコブカザリバ","Gisilia sp. of Nasu et al., 2020","Gisilia sp. of Nasu et al., 2020"
"mismatch","species-1242","クロトガリキバガ","クロトガリキバガ","Metzneria sp. of Sakamaki, 2013","Metzneria sp. of Sakamaki, 2013"
"mismatch","species-1270","サクラクロテンキバガ","サクラクロテンキバガ","Gelechia sp. of Sakamaki, 2013","Gelechia sp. of Sakamaki, 2013"
"mismatch","species-1277","ヒメミツコブキバガ","ヒメミツコブキバガ","Psoricoptera sp. 2 of Oku, 2003","Psoricoptera sp. 2 of Oku, 2003"
"mismatch","species-1315","シモフリコキバガ","シモフリコキバガ","Euscrobipalpa sp. 1 of Oku, 2003","Euscrobipalpa sp. 1 of Oku, 2003"
"mismatch","species-1323","ヒメキボシキバガ","ヒメキボシキバガ","Teleiodes sp. of Funakoshi et al., 2015","Teleiodes sp. of Funakoshi et al., 2015"
"mismatch","species-1330","ケヤキキバガ","ケヤキキバガ","Teleiodes sp. 3 of Oku, 2003","Teleiodes sp. 3 of Oku, 2003"
"mismatch","species-1331","シラカバキボシキバガ","シラカバキボシキバガ","Teleiodes sp. of Kogi, 2017","Teleiodes sp. of Kogi, 2017"
"mismatch","species-1343","ホソハイジロキバガ","ホソハイジロキバガ","Pseudotelphusa sp. of Kogi, 2018","Pseudotelphusa sp. of Kogi, 2018"
"mismatch","species-1351","ダケカンバキバガ","ダケカンバキバガ","Anacampsis sp. of Ueda, 2013","Anacampsis sp. of Ueda, 2013"
"mismatch","species-1371","ホソバハイキバガ","ホソバハイキバガ","Aristotelia sp. of Ueda, 2013","Aristotelia sp. of Ueda, 2013"
"mismatch","species-1376","ハルニレチビキバガ","ハルニレチビキバガ","Agnippe sp. of Kogi, 2020","Agnippe sp. of Kogi, 2020"
"mismatch","species-1380","カギツマオビキバガ","カギツマオビキバガ","Polyhymno sp. 1 of Ueda, 2013","Polyhymno sp. 1 of Ueda, 2013"
"mismatch","species-1382","カギツマドウガネキバガ","カギツマドウガネキバガ","Polyhymno sp. 2 of Ueda, 2013","Polyhymno sp. 2 of Ueda, 2013"
"mismatch","species-1386","トドマツツツミノキバガ","トドマツツツミノキバガ","Polyhymno sp. 3 of Ueda, 2013","Polyhymno sp. 3 of Ueda, 2013"
"mismatch","species-1387","ヒルギモドキキバガ","ヒルギモドキキバガ","Polyhymno sp. 4 of Ueda, 2013","Polyhymno sp. 4 of Ueda, 2013"
"mismatch","species-1401","キイロチビキバガ","キイロチビキバガ","Xystophora sp. of Ueda, 2013","Xystophora sp. of Ueda, 2013"
"mismatch","species-1418","オオウスホシフサキバガ","オオウスホシフサキバガ","Dichomeris sp. 1 of Ueda, 2013","Dichomeris sp. 1 of Ueda, 2013"
"mismatch","species-1432","クロフサキバガ","クロフサキバガ","Dichomeris sp. 2 of Ueda, 2013","Dichomeris sp. 2 of Ueda, 2013"
"mismatch","species-1439","シマサルスベリフサキバガ","シマサルスベリフサキバガ","Dichomeris sp. 3 of Ueda, 2013","Dichomeris sp. 3 of Ueda, 2013"
"mismatch","species-1456","ニセカラコギカエデキバガ","ニセカラコギカエデキバガ","Faristenia sp. of Ueda, 2013","Faristenia sp. of Ueda, 2013"
"mismatch","species-1475","キガシラキバガ","キガシラキバガ","Dendrophilia sp. 3 of Oku, 2003","Dendrophilia sp. 3 of Oku, 2003"
"mismatch","species-1717","モトキホソハマキ","モトキホソハマキ","Phalonidia sp. 2 of Oku, 2003","Phalonidia sp. 2 of Oku, 2003"
"mismatch","species-1721","ツマグロコホソハマキ","ツマグロコホソハマキ","Phalonidia sp. of Jinbo, 2013","Phalonidia sp. of Jinbo, 2013"
"mismatch","species-1725","マエオビホソハマキ","マエオビホソハマキ","Phalonidia sp. 4 of Oku, 2003","Phalonidia sp. 4 of Oku, 2003"
"mismatch","species-1726","リンドウホソハマキ","リンドウホソハマキ","Gynnidomorpha sp. of Jinbo, 2013","Gynnidomorpha sp. of Jinbo, 2013"
"mismatch","species-1833","ネムロハマキ","ネムロハマキ","Aphelia sp. of Jinbo, 2013","Aphelia sp. of Jinbo, 2013"
"mismatch","species-1851","オガサワラコカクモンハマキ","オガサワラコカクモンハマキ","Adoxophyes sp. of Jinbo, 2013","Adoxophyes sp. of Jinbo, 2013"
"mismatch","species-1859","マエジロマダラハマキ","マエジロマダラハマキ","Metrernis sp. of Nasu, 2013","Metrernis sp. of Nasu, 2013"
"mismatch","species-1879","ヌマクロマダラヒメハマキ","ヌマクロマダラヒメハマキ","Endothenia sp. 1 of Nasu, 2013","Endothenia sp. 1 of Nasu, 2013"
"mismatch","species-1880","ケナガクロマダラヒメハマキ","ケナガクロマダラヒメハマキ","Endothenia sp. 2 of Nasu, 2013","Endothenia sp. 2 of Nasu, 2013"
"mismatch","species-1886","サワクロマダラヒメハマキ","サワクロマダラヒメハマキ","Endothenia sp. 3 of Nasu, 2013","Endothenia sp. 3 of Nasu, 2013"
"mismatch","species-1937","コミダレモンヒメハマキ","コミダレモンヒメハマキ","Neopotamia sp. of Nasu, 2013","Neopotamia sp. of Nasu, 2013"
"mismatch","species-2033","クリオビクロヒメハマキ","クリオビクロヒメハマキ","Rudisociaria sp. 1 of Nasu, 2013","Rudisociaria sp. 1 of Nasu, 2013"
"mismatch","species-2034","チビクリオビヒメハマキ","チビクリオビヒメハマキ","Rudisociaria sp. 2 of Nasu, 2013","Rudisociaria sp. 2 of Nasu, 2013"
"mismatch","species-20438","カギモンヤガ","カギモンヤガ","Cerastis pallescens (Butler, 1878)","Cerastis pallescens (Butler, 1878)"
"mismatch","species-20439","ムラサキウスモンヤガ","ムラサキウスモンヤガ","Cerastis leucographa (Denis & Schiffermüller, 1775)","Cerastis leucographa (Denis & Schiffermüller, 1775)"
"mismatch","species-20467","","","Stigmella sp. 1 of Oku, 2003","Stigmella sp. 1 of Oku, 2003"
"mismatch","species-20471","アジアホソバスズメ","アジアホソバスズメ","Ambulyx sericeipennis Butler, 1875","Ambulyx sericeipennis Butler, 1875"
"mismatch","species-20515","ギンスジモグリチビガ","ギンスジモグリチビガ","Stigmella oa Kemperman & Wilkinson, 1985","Stigmella oa Kemperman & Wilkinson, 1985"
"mismatch","species-20566","トラフモグリチビガ","トラフモグリチビガ","Ectoedemia tigrinella (Puplesis, 1985)","Ectoedemia tigrinella (Puplesis, 1985)"
"mismatch","species-20807","シロマイコガ","シロマイコガ","Stathmopoda sp. 3","Stathmopoda sp. 3"
"mismatch","species-20825","ホソオビキマルハハギバガ","ホソオビキマルハハギバガ","Acryptolechia malacobyrsa","Acryptolechia malacobyrsa"
"mismatch","species-20897","ヨモギツツミノゴ","ヨモギツツミノゴ","Coleophora yomogiella","Coleophora yomogiella"
"mismatch","species-20928","チュラカバスカシバ","チュラカバスカシバ","Paradoxecia chura","Paradoxecia chura"
"mismatch","species-2093","ツマキカギバヒメハマキ","ツマキカギバヒメハマキ","Ancylis sp. 2 of Oku, 2003","Ancylis sp. 2 of Oku, 2003"
"mismatch","species-20938","タイワンモモブトスカシバ","タイワンモモブトスカシバ","Melittia formosana","Melittia formosana"
"mismatch","species-20939","ルリオオモモブトスカシバ","ルリオオモモブトスカシバ","Melittia nagaii","Melittia nagaii"
"mismatch","species-2111","ツマアカアオヒメハマキ","ツマアカアオヒメハマキ","Anthozela sp. of Nasu, 2013","Anthozela sp. of Nasu, 2013"
"mismatch","species-2134","カンバシロヒメハマキ","カンバシロヒメハマキ","Spilonota sp. 1 of Nasu, 2013","Spilonota sp. 1 of Nasu, 2013"
"mismatch","species-2135","ナツハゼシロヒメハマキ","ナツハゼシロヒメハマキ","Spilonota sp. 2 of Nasu, 2013","Spilonota sp. 2 of Nasu, 2013"
"mismatch","species-2138","シロヒメシンクイ","シロヒメシンクイ","Spilonota sp. 3 of Nasu, 2013","Spilonota sp. 3 of Nasu, 2013"
"mismatch","species-2140","ズグロシロヒメシンクイ","ズグロシロヒメシンクイ","Spilonota sp. 4 of Nasu, 2013","Spilonota sp. 4 of Nasu, 2013"
"mismatch","species-21459","ヤマハッカコブアブラムシ","ヤマハッカコブアブラムシ)","Megouroleum plectranthi (Shinji, 1939)","Megouroleum plectranthi (Shinji, 1939),ヒキオコシハマキコブアブラムシ (新称) (ヒキオコシコブアブラムシ"
"mismatch","species-2154","フタシロモンヒメハマキ","フタシロモンヒメハマキ","Epinotia trigonella (Linnaeus, 1758)","Epinotia trigonella (Linnaeus, 1758)"
"mismatch","species-2156","オオナガバヒメハマキ","オオナガバヒメハマキ","Epinotia maculana (Fabricius, 1775)","Epinotia maculana (Fabricius, 1775)"
"mismatch","species-2158","ダケカンバヒメハマキ","ダケカンバヒメハマキ","Epinotia brunnichana (Linnaeus, 1767)","Epinotia brunnichana (Linnaeus, 1767)"
"mismatch","species-21736","ヤノコモンタマムシ","ヤノコモンタマムシ","Poecilonota chinensis cupreomaculata Miwa & Chujo, 1935","Poecilonota chinensis cupreomaculata Miwa & Chujo, 1935; Poecilonota chinensis yanoi"
"mismatch","species-21789","","","Agrilus sinuatus yokoyamai Iga, 1955","Agrilus sinuatus yokoyamai Iga, 1955;"
"mismatch","species-21803","ヤナギナガタマムシ","ヤナギナガタマムシ","Agrilus brevitarsis brevitarsis Lewis, 1893","Agrilus brevitarsis brevitarsis Lewis, 1893; Agrilus salicivola Kurosawa, 1963"
"mismatch","species-21824","","","Habroloma kagosimanum (Obenberger, 1940)","Habroloma kagosimanum (Obenberger, 1940); Habroloma shirozui Kurosawa, 1959"
"mismatch","species-21825","","","Habroloma elegantulum (E.Saunders, 1873)","Habroloma elegantulum (E.Saunders, 1873); Habroloma ronino Obenberger, 1918"
"mismatch","species-21831","スミレチビタマムシ","スミレチビタマムシ","Trachys pseudoscrobiculata shirozui Y. Kurosawa, 1959","Trachys pseudoscrobiculata shirozui Y. Kurosawa, 1959;Trachys violae Y. Kurosawa, 1959"
"mismatch","species-21840","アマミトゲウスバカミキリ 基亜種","アマミトゲウスバカミキリ 基亜種","Megopis formosana kawazoei Hayashi, 1961","Megopis formosana kawazoei Hayashi, 1961; Spinimegopis kawazoei kawazoei (Hayashi, 1961)"
"mismatch","species-21841","アマミトゲウスバカミキリ 沖縄島亜種","アマミトゲウスバカミキリ 沖縄島亜種","Megopis formosana okinawana Fujita, 1980","Megopis formosana okinawana Fujita, 1980; Spinimegopis kawazoei okinawana (Fujita, 1980)"
"mismatch","species-21889","","","Phymatodes vandykei Gressitt, 1935","Phymatodes vandykei Gressitt, 1935; Niisato (1995) New synonyms of Pymatiodes infasciatus (Coleoptera, Cerambycidae). ELYTRA, 23(2): 155-158."
"mismatch","species-21991","","","Chlorophorus bifasciatus Kano, 1933","Chlorophorus bifasciatus Kano, 1933; Chlorophorus muscosus (Bates, 1873)"
"mismatch","species-22028","","","Xylotrechus nipponicus Seki, 1935","Xylotrechus nipponicus Seki, 1935; Xylotrechus (Ootora) villioni (Villard, 1892)"
"mismatch","species-22094","","","Epania kojimai Matsushita, 1939","Epania kojimai Matsushita, 1939; Glaphyra (Glaphyra) kojimai (Matsushita, 1939)"
"mismatch","species-22099","","","Molorchus (Linomius) shibatai Hayashi, 1961","Molorchus (Linomius) shibatai Hayashi, 1961; Glaphyra (Glaphyra) shibatai shibatai (Hayashi, 1961)"
"mismatch","species-22195","ホクチチビハナカミキリ 北海道亜種","ホクチチビハナカミキリ 北海道亜種","Alosterna tabacicolor erythropus (Gebler, 1841)","Alosterna tabacicolor erythropus (Gebler, 1841); Alosterna tabacicolor tabacicolor (DeGeer, 1775)とされていた"
"mismatch","species-22196","","","Alosterna tabacicolor tabacicolor (DeGeer, 1775)","Alosterna tabacicolor tabacicolor (DeGeer, 1775)とされていた"
"mismatch","species-22217","","","Leptura vicaria vicaria (Bates, 1884)","Leptura vicaria vicaria (Bates, 1884); Etorofus (Nakanea) vicaria adumbratus (Bates, 1884)"
"mismatch","species-22242","","","Leptura mimica Panzer, 1884","Leptura mimica Panzer, 1884;"
"mismatch","species-22262","","","Leptura regalis (Bates, 1884)","Leptura regalis (Bates, 1884); Noona regalis (Bates, 1884); Bellamira regalis (Bates, 1884)"
"mismatch","species-22264","","","Leptura thoracica Creutzer, 1799","Leptura thoracica Creutzer, 1799;"
"mismatch","species-22271","","","Oedecnema dubia (Fabricius, 1781)","Oedecnema dubia (Fabricius, 1781); Oedecnema gebleri decemmaculata (Matsushita, 1911)"
"mismatch","species-22292","","","Mimostrangalia dulcis (Bates, 1884)","Mimostrangalia dulcis (Bates, 1884); CPC 6"
"mismatch","species-22314","","","Necydalis formosana matsudai Hayashi, 1949","Necydalis formosana matsudai Hayashi, 1949; Necydalis (Eonecydalisca) formosana niimurai Hayashi, 1949"
"mismatch","species-22344","","","Pidonia insuturata insuturata Pic, 1901","Pidonia insuturata insuturata Pic, 1901; Pidonia (Cryptopidonia) insuturata Pic, 1901"
"mismatch","species-22362","","","Pidonia (Omphalodera) puziloi (Solsky, 1873)","Pidonia (Omphalodera) puziloi (Solsky, 1873)フタオビチビハナカミキリ"
"mismatch","species-22407","","","Pidonia shikokuana Hayashi","Pidonia shikokuana Hayashi; Pidonia (Pseudopidonia) mutata (Bates, 1884)"
"mismatch","species-22483","","","Acanthocinus griseus griseus (Fabricius, 1792)","Acanthocinus griseus griseus (Fabricius, 1792)ホンドヒゲナガモモブトカミキリ;スジマダラモモブトカミキリ"
"mismatch","species-22500","イオウジマケシカミキリ","イオウジマケシカミキリ","Phloeopsis bioculata (Matsumura & Matsushita, 1933)","Phloeopsis bioculata (Matsumura & Matsushita, 1933); Phloeopsis iwojimana (Gressitt, 1956)"
"mismatch","species-22617","","","Neosybra albomarmorata Breuning, 1961","Neosybra albomarmorata Breuning, 1961 シロマダラチビカミキリ"
"mismatch","species-22626","ヤエヤマアヤモンチビカミキリ 基亜種","ヤエヤマアヤモンチビカミキリ 基亜種","Sybra ordinata flavostriata Hayashi, 1968","Sybra ordinata flavostriata Hayashi, 1968;Sybra (Sybra) flavostriata flavostriata Hayashi, 1968"
"mismatch","species-22679","","","Miccolamia palurae Takakuwa & N. Ohbayashi, 1995","Miccolamia palurae Takakuwa & N. Ohbayashi, 1995;シロチビコブカミキリ"
"mismatch","species-22778","","","Monochamus alternatus Hope, 1842","Monochamus alternatus Hope, 1842； マツノトビイロカミキリ"
"mismatch","species-22958","","","Pseudale obovata Hayashi, 1971","Pseudale obovata Hayashi, 1971;エラブハネナシサビカミキリ P. gibbosipennis Hayashi, 1983"
"mismatch","species-2305","アオダモヒメハマキ","アオダモヒメハマキ","Rhopobota sp. 2 of Nasu, 2013","Rhopobota sp. 2 of Nasu, 2013"
"mismatch","species-2306","ミヤマイボタヒメハマキ","ミヤマイボタヒメハマキ","Rhopobota sp. 3 of Nasu, 2013","Rhopobota sp. 3 of Nasu, 2013"
"mismatch","species-2337","オオヘリホシヒメハマキ","オオヘリホシヒメハマキ","Dichrorampha sp. of Oku, 2003","Dichrorampha sp. of Oku, 2003"
"mismatch","species-2393","アオグロヒメハマキ","アオグロヒメハマキ","Pammene sp. 2 of Oku, 2003","Pammene sp. 2 of Oku, 2003"
"mismatch","species-2394","コホソバヒメシンクイ","コホソバヒメシンクイ","Pammene sp. 3 of Oku, 2003","Pammene sp. 3 of Oku, 2003"
"mismatch","species-2395","マルバネクロヒメハマキ","マルバネクロヒメハマキ","Pammene sp. 4 of Oku, 2003","Pammene sp. 4 of Oku, 2003"
"mismatch","species-2409","マヤプシキヒメシンクイ","マヤプシキヒメシンクイ","Centroxena sp. of Kinjo, Azuma & Katada, 2003","Centroxena sp. of Kinjo, Azuma & Katada, 2003"
"mismatch","species-2433","オヒルギツボミヒメハマキ","オヒルギツボミヒメハマキ","Cydia sp. of Kinjo, Azuma & Katada, 2002","Cydia sp. of Kinjo, Azuma & Katada, 2002"
"mismatch","species-2477","シダシロコガ","シダシロコガ","Gen. sp, of Suzuki, et al., 2018","Gen. sp, of Suzuki, et al., 2018"
"mismatch","species-2533","トミナガトリバ","トミナガトリバ","Sphenarches sp. of Mano, 2013","Sphenarches sp. of Mano, 2013"
"mismatch","species-2566","ソウシジュニセハマキ","ソウシジュニセハマキ","Imma sp. of Nasu, 2013","Imma sp. of Nasu, 2013"
"mismatch","species-2576","ウスグロシンクイ","ウスグロシンクイ","Carposina sp. of Nasu, 2013","Carposina sp. of Nasu, 2013"
"mismatch","species-2582","ツマグロシロシンクイ","ツマグロシロシンクイ","Heterogymna sp. of Nasu, 2013","Heterogymna sp. of Nasu, 2013"
"mismatch","species-2620","クロモンシタキツヅリガ","クロモンシタキツヅリガ","Tirathaba sp. of Inoue, 1984","Tirathaba sp. of Inoue, 1984"
"mismatch","species-2730","ナツメマダラメイガ","ナツメマダラメイガ","Acrobasis sp. of Yoshiyasu, 2011","Acrobasis sp. of Yoshiyasu, 2011"
"mismatch","species-2826","ヤシャブシマダラメイガ","ヤシャブシマダラメイガ","Cryptoblabes sp. of Yoshiyasu, 2011","Cryptoblabes sp. of Yoshiyasu, 2011"
"mismatch","species-2857","ミサキホソマダラメイガ","ミサキホソマダラメイガ","Phycitodes sp. of Inoko, Komatsu & Kameda, 2002","Phycitodes sp. of Inoko, Komatsu & Kameda, 2002"
"mismatch","species-3068","ハネホソトガリミズメイガ","ハネホソトガリミズメイガ","Eristena sp. of Yoshiyasu, 2013","Eristena sp. of Yoshiyasu, 2013"
"mismatch","species-3185","ツワブキノメイガ","ツワブキノメイガ","Ostrinia sp. of Yoshiyasu, 2011","Ostrinia sp. of Yoshiyasu, 2011"
"mismatch","species-3219","ヒメアヤナミノメイガ","ヒメアヤナミノメイガ","Eurrhyparodes sp. of Sasaki & Yamanaka, 2013","Eurrhyparodes sp. of Sasaki & Yamanaka, 2013"
"mismatch","species-3253","ホソバソトグロキノメイガ","ホソバソトグロキノメイガ","Analthes sp. of Sasaki & Yamanaka, 2013","Analthes sp. of Sasaki & Yamanaka, 2013"
"mismatch","species-3281","ホソバクロノメイガ","ホソバクロノメイガ","Gen. sp. of Sasaki, 2004","Gen. sp. of Sasaki, 2004"
"mismatch","species-3323","マルハクロノメイガ","マルハクロノメイガ","Syllepte sp. of Sasaki, 2004","Syllepte sp. of Sasaki, 2004"
"mismatch","species-3350","ヤエヤマイカリモンノメイガ","ヤエヤマイカリモンノメイガ","Agrioglypta sp. of Sasaki, 2004","Agrioglypta sp. of Sasaki, 2004"
"mismatch","species-3550","シロオビヒメエダシャク","シロオビヒメエダシャク","Lomaspilis marginata (Linnaeus, 1758)","Lomaspilis marginata (Linnaeus, 1758)"
"mismatch","species-3554","クロフヒメエダシャク","クロフヒメエダシャク","Peratophyga hyalinata (Kollar, 1844)","Peratophyga hyalinata (Kollar, 1844)"
"mismatch","species-3592","マルハグルマエダシャク","マルハグルマエダシャク","Synegia ichinosawaiana (Matsumura, 1925)","Synegia ichinosawaiana (Matsumura, 1925)"
"mismatch","species-3730","リンゴツノエダシャク","リンゴツノエダシャク","Phthonosema tendinosaria (Bremer, 1864)","Phthonosema tendinosaria (Bremer, 1864)"
"mismatch","species-3731","トビネオオエダシャク","トビネオオエダシャク","Phthonosema invenustaria (Leech, 1891)","Phthonosema invenustaria (Leech, 1891)"
"mismatch","species-3769","トビモンオオエダシャク","トビモンオオエダシャク","Biston robustum Butler, 1879","Biston robustum Butler, 1879"
"mismatch","species-3945","ハラアカヒメアオシャク","ハラアカヒメアオシャク","Hemithea beethoveni Inoue, 1942","Hemithea beethoveni Inoue, 1942"
"mismatch","species-3965","クロモンアオシャク","クロモンアオシャク","Comibaena delicatior (Warren, 1897)","Comibaena delicatior (Warren, 1897)"
"mismatch","species-4982","クニガミキノカワガ","クニガミキノカワガ","Gadirtha sp. of Kishida, 2011","Gadirtha sp. of Kishida, 2011"
"mismatch","species-5139","チャバネフタオビアツバ","チャバネフタオビアツバ","Hypena sp. (sp. 1) of Kishida, 2011","Hypena sp. (sp. 1) of Kishida, 2011"
"mismatch","species-5150","メスカバフアツバ","メスカバフアツバ","Hypena sp. (sp. 2) of Kishida, 2011","Hypena sp. (sp. 2) of Kishida, 2011"
"mismatch","species-5152","ヒロミアツバ","ヒロミアツバ","Hypena sp. of Tominaga, 2015","Hypena sp. of Tominaga, 2015"
"mismatch","species-5154","ナカウスオビアツバ","ナカウスオビアツバ","Hypena sp. (sp. 3) of Kishida, 2011","Hypena sp. (sp. 3) of Kishida, 2011"
"mismatch","species-5289","ボニンアカマエアツバ","ボニンアカマエアツバ","Simplicia sp. of Yanagita & Nakajima, 1999","Simplicia sp. of Yanagita & Nakajima, 1999"
"mismatch","species-5629","ヒメシロマダラコヤガ","ヒメシロマダラコヤガ","Protodeltote sp. of Doi, 2005","Protodeltote sp. of Doi, 2005"
"mismatch","species-H136","オオバコアシナガトビハムシ","オオバコアシナガトビハムシ","Longitarsus scutellaris (Rey, 1873)","Longitarsus scutellaris (Rey, 1873); Longitarsus lewisi(Baly, 1874)"
"mismatch","species-H189","キスジノミハムシ","キスジノミハムシ","Phyllotreta striolata (Fabricius, 1803)","Phyllotreta striolata (Fabricius, 1803); Crioceris vittata Fabricius 1801"
"mismatch","species-H478","クロルリトゲハムシ","クロルリトゲハムシ","Rhadinosa nigrocyanea (Motschulsky, 1861)","Rhadinosa nigrocyanea (Motschulsky, 1861);ムナグロナガツツハムシ"
"mismatch","species-H592","クロボシツツハムシ","クロボシツツハムシ","Cryptocephalus luridipennis Suffrian, 1854","Cryptocephalus luridipennis Suffrian, 1854; Cryptocephalus signaticeps Baly, 1873"
"mismatch","species-H673","キバラツメヒメハムシ","キバラツメヒメハムシ","Exosoma flaviventre (Motschulsky, 1860)","Exosoma flaviventre (Motschulsky, 1860);キバラルリヒゲナガハムシ"
"mismatch","species-H741","","","Chrysolina (Bourdonneana) koltzei brunneipennis (Matsumura, 1911)","Chrysolina (Bourdonneana) koltzei brunneipennis (Matsumura, 1911);サハリン産で記載"
"mismatch","species-H780","","","Paropsides duodecimpustulatus (Gebler, 1825)","Paropsides duodecimpustulatus (Gebler, 1825); Paropsides duodecimpustulatus yuasai Ohno, 1958"
"mismatch","species-H801","","","Clitea metallica Chen, 1933","Clitea metallica Chen, 1933; Clitea citri Chûjô, 1958"
"mismatch","species-H803","","","Longitarsus (Longitarsus) ihai Chûjô, 1958","Longitarsus (Longitarsus) ihai Chûjô, 1958; Aphthona opaca Allard, 1889"
"mismatch","species-H812","","","Manobidia simplicithorax Chen, 1934","Manobidia simplicithorax Chen, 1934; Aphthonomorpha fulva Chûjô, 1957"
"mismatch","species-H819","","","Chaetocnema formosensis Chûjô, 1935","Chaetocnema formosensis Chûjô, 1935; Chaetocnema (Chaetocnema) bella (Baly, 1876)"
"mismatch","species-H843","","","Luperomorpha japonica Chujo & Ohno, 1965","Luperomorpha japonica Chujo & Ohno, 1965;ムネアカオオホソトビハムシ"
"mismatch","species-H851","","","Crepidodera laevicollis Jacoby, 1885","Crepidodera laevicollis Jacoby, 1885; Asiorestia laevicollis (Jacoby, 1885)"
"mismatch","species-H853","","","Nonarthra variabilis Baly, 1862","Nonarthra variabilis Baly, 1862 とされていたが、Lee(2014)で復活;"
"mismatch","species-H865","","","Sphaeroderma nigripes Kimoto, 1965","Sphaeroderma nigripes Kimoto, 1965; Sphaeroderma nigripes S. -H. Chen, 1934"
"mismatch","species-H871","","","Trachyaphthona collaris Kimoto, 1996","Trachyaphthona collaris Kimoto, 1996;台湾がタイプロカリティ;"
"mismatch","species-H872","","","Zipangia lewisi (Jacoby, 1885)","Zipangia lewisi (Jacoby, 1885);"
"mismatch","species-H884","","","Pyrrhalta lineola (Fabricius, 1781)","Pyrrhalta lineola (Fabricius, 1781);"
"mismatch","species-H887","","","Pyrrhalta humeralis (Chen, 1942)","Pyrrhalta humeralis (Chen, 1942);"
"mismatch","species-H889","","","Lochmaea (Tricholochmaea) takeii Chûjô, 1950","Lochmaea (Tricholochmaea) takeii Chûjô, 1950; Tricholochmaea takeii (Chûjô, 1950)"
"mismatch","species-H895","","","Taumacera tibialis (Jacoby, 1885)","Taumacera tibialis (Jacoby, 1885);トゲアシヒゲナガハムシ"
"mismatch","species-H901","","","Exosoma amamiense (Nakane & Kimoto, 1961)","Exosoma amamiense (Nakane & Kimoto, 1961); Calomicrus amamiensis Nakane & Kimoto, 1961"
"mismatch","species-H902","","","Calomicrus chujoi Nakane, 1958","Calomicrus chujoi Nakane, 1958; Exosoma chujoi (Nakane, 1958)"
"mismatch","species-H904","","","Calomicrus iniquus (Weise, 1889)","Calomicrus iniquus (Weise, 1889);"
"mismatch","species-H915","","","Lilioceris theana (Reitter, 1898)","Lilioceris theana (Reitter, 1898);"
"mismatch","species-H916","","","Crioceris subpolita Motschulsky, 1861","Crioceris subpolita Motschulsky, 1861;アカツヤクビナガハムシ"
"mismatch","species-H917","","","Lema (?) rugifrons Jacoby, 1889","Lema (?) rugifrons Jacoby, 1889; Lema (Lema) paagai Chûjô, 1933"
"mismatch","species-H920","","","Aspidomorpha indica Boheman, 1854","Aspidomorpha indica Boheman, 1854; Aspidomorpha diffotmis (Motschulsky, )"
"mismatch","species-H924","","","Cassida viridis japonica Yasutomi","Cassida viridis japonica Yasutomi, ; CPC に記録なし"
"mismatch","species-H941","","","Colasposoma auripenne Motschulsky, 1860","Colasposoma auripenne Motschulsky, 1860; Colasposoma oberthuri Jacoby, 1896"
"mismatch","species-H952","","","Cryptocephalus amiculus Baly, 1873","Cryptocephalus amiculus Baly, 1873；モモグロチビツツハムシ"
"mismatch","species-H954","","","Cryptocephalus fulvus Goze, 1777","Cryptocephalus fulvus Goze, 1777; ウスグロチビツツハムシ"
"only_in_public","species-20796","","フトオビマイコガ","","Stathmopoda sp. 1"
"only_in_public","species-20823","","カノコマルハキバガ","","Callimodes zelleri"
"only_in_public","species-20826","","ヘリクロコマルハキバガ","","Acryptolechia sp. 1"
"only_in_public","species-20839","","ツマジロベニマルハキバガ","","Promalactis venustella"
"only_in_public","species-20843","","アカガネマルハキバガ","","Promalactis akaganea"
"only_in_public","species-20859","","ゴマフキイロハビロキバガ","","Odites notocapna"
"only_in_public","species-20966","","ミスジコスカシバ","","Scalarignathia montis"
"only_in_public","species-20971","","ヒメボクトウ","","Cossus insulalis"
"only_in_public","species-20975","","ハイイロボクトウ","","Pharagmataecia castaneae"
"only_in_public","species-21659","","キンイロキリガ","","Clavipalpura aurariae"
"only_in_public","species-21807","","","","Agrilus nakanei Y. Kurosawa, 1963 ナカネナガタマムシ;Agrilus ohmomoi Toyama, 1985 オオモモナガタマムシ"
"only_in_public","species-22080","","","","Leptepania japonica (Hayashi, 1948);基亜種は台湾産;Leptepania minuta Gressitt, 1935"
