record_id,book_page,insect_id,japanese_name,plant_name,plant_family,observation_type,source_reference,verification_note,ocr_evidence_text
hostplant-ZUKAN4-P086155-0001,86,species-0345,ムジヒカリバコガ,アカシデ,カバノキ科,文献,日本産蛾類標準図鑑4,,寄主植物]ブナ(ブナ科)。アカシデ(カバノキ科)、ヨーロッパではシナノキ属Tilia(アオイ科)を寄主とすることが知られる(Huemer
hostplant-ZUKAN4-P086155-0002,86,species-0345,ムジヒカリバコガ,シナノキ属,アオイ科,野外（国外）,日本産蛾類標準図鑑4,,寄主植物]ブナ(ブナ科)。アカシデ(カバノキ科)、ヨーロッパではシナノキ属Tilia(アオイ科)を寄主とすることが知られる(Huemer
hostplant-ZUKAN4-P086155-0003,86,species-0345,ムジヒカリバコガ,ブナ,ブナ科,文献,日本産蛾類標準図鑑4,,寄主植物]ブナ(ブナ科)。アカシデ(カバノキ科)、ヨーロッパではシナノキ属Tilia(アオイ科)を寄主とすることが知られる(Huemer
hostplant-ZUKAN4-P086155-0004,87,species-0346,アトキヒカリバコガ,カエデ属,ムクロジ科,野外（国外）,日本産蛾類標準図鑑4,,"[寄主植物]日本では未確認。ヨーロッパでは、シナノキ属Tilia.カバノキ属Belula,ハシバミ属Corylus.カエデ属Acerなどが知られる。"
hostplant-ZUKAN4-P086155-0005,87,species-0346,アトキヒカリバコガ,カバノキ属,カバノキ科,野外（国外）,日本産蛾類標準図鑑4,,"[寄主植物]日本では未確認。ヨーロッパでは、シナノキ属Tilia.カバノキ属Belula,ハシバミ属Corylus.カエデ属Acerなどが知られる。"
hostplant-ZUKAN4-P086155-0006,87,species-0346,アトキヒカリバコガ,シナノキ属,アオイ科,野外（国外）,日本産蛾類標準図鑑4,,"[寄主植物]日本では未確認。ヨーロッパでは、シナノキ属Tilia.カバノキ属Belula,ハシバミ属Corylus.カエデ属Acerなどが知られる。"
hostplant-ZUKAN4-P086155-0007,87,species-0346,アトキヒカリバコガ,ハシバミ属,カバノキ科,野外（国外）,日本産蛾類標準図鑑4,,"[寄主植物]日本では未確認。ヨーロッパでは、シナノキ属Tilia.カバノキ属Belula,ハシバミ属Corylus.カエデ属Acerなどが知られる。"
hostplant-ZUKAN4-P086155-0008,87,species-0348,ホルトノキナガヒゲガ,ホルトノキ,ホルトノキ科,文献,日本産蛾類標準図鑑4,,寄主植物]ホルトノキ(ホルトノキ科).
hostplant-ZUKAN4-P086155-0009,87,species-0349,アオギリチビガ,アオギリ,アオイ科,文献,日本産蛾類標準図鑑4,,[寄主植物]アオギリ(アオイ科).
hostplant-ZUKAN4-P086155-0010,88,species-0350,ハマボウチビガ,ハマボウ,アオイ科,文献,日本産蛾類標準図鑑4,,[寄主植物]ハマボウ(アオイ科).
hostplant-ZUKAN4-P086155-0011,88,species-0351,ハイイロチビガ,ヨモギ,キク科,文献,日本産蛾類標準図鑑4,,[寄主植物]ヨモギ(キク科).
hostplant-ZUKAN4-P086155-0012,88,species-0352,アズサガワチビガ,Artemisia laciniata,キク科,野外（国外）,日本産蛾類標準図鑑4,,"[寄主植物]日本では未確認ヨーロッパでは,Artemisialaciniata(=A.tanacetifolia)(キク科)を寄主とすることが知られる。"
hostplant-ZUKAN4-P086155-0013,88,species-0353,ウラギクチビガ,Artemisia maritima,キク科,野外（国外）,日本産蛾類標準図鑑4,,寄主植物]ウラギク(キク科)。ヨーロッパでは、ウラギクの他にArtemisiamaritima(=Seriphidiummaritimum)(キク科)を寄主とすることが知られる。
hostplant-ZUKAN4-P086155-0014,88,species-0353,ウラギクチビガ,ウラギク,キク科,文献,日本産蛾類標準図鑑4,,寄主植物]ウラギク(キク科)。ヨーロッパでは、ウラギクの他にArtemisiamaritima(=Seriphidiummaritimum)(キク科)を寄主とすることが知られる。
hostplant-ZUKAN4-P086155-0015,88,species-0354,ヨモギチビガ,ヨモギ,キク科,文献,日本産蛾類標準図鑑4,,[寄主植物]ヨモギ(キク科)。国外では、未.
hostplant-ZUKAN4-P086155-0016,88,species-0355,イワテヨモギチビガ,オオヨモギ,キク科,文献,日本産蛾類標準図鑑4,,"[寄主植物]ヨモギ,オオヨモギ(以上キク科).国外では、未知[分類]並種区分はされていない。タイプ産地はロシア南東部.和名未設定Bucculatrixsp.2図版:なし"
hostplant-ZUKAN4-P086155-0017,88,species-0355,イワテヨモギチビガ,ヨモギ,キク科,文献,日本産蛾類標準図鑑4,,"[寄主植物]ヨモギ,オオヨモギ(以上キク科).国外では、未知[分類]並種区分はされていない。タイプ産地はロシア南東部.和名未設定Bucculatrixsp.2図版:なし"
hostplant-ZUKAN4-P086155-0018,89,species-0358,ナシチビガ,サクラ類,バラ科,文献,日本産蛾類標準図鑑4,,寄主植物]ナシ、リンゴ、サクラ類、ズミ、ナナカマド(以上バラ科).
hostplant-ZUKAN4-P086155-0019,89,species-0358,ナシチビガ,ズミ,バラ科,文献,日本産蛾類標準図鑑4,,寄主植物]ナシ、リンゴ、サクラ類、ズミ、ナナカマド(以上バラ科).
hostplant-ZUKAN4-P086155-0020,89,species-0358,ナシチビガ,ナシ,バラ科,文献,日本産蛾類標準図鑑4,,寄主植物]ナシ、リンゴ、サクラ類、ズミ、ナナカマド(以上バラ科).
hostplant-ZUKAN4-P086155-0021,89,species-0358,ナシチビガ,ナナカマド,バラ科,文献,日本産蛾類標準図鑑4,,寄主植物]ナシ、リンゴ、サクラ類、ズミ、ナナカマド(以上バラ科).
hostplant-ZUKAN4-P086155-0022,89,species-0358,ナシチビガ,リンゴ,バラ科,文献,日本産蛾類標準図鑑4,,寄主植物]ナシ、リンゴ、サクラ類、ズミ、ナナカマド(以上バラ科).
hostplant-ZUKAN4-P086155-0023,89,species-0359,クロツバラチビガ,クロウメモドキ,クロウメモドキ科,文献,日本産蛾類標準図鑑4,,[寄主植物]クロツバラ、クロウメモドキ(以上クロウメモドキ科).
hostplant-ZUKAN4-P086155-0024,89,species-0359,クロツバラチビガ,クロツバラ,クロウメモドキ科,文献,日本産蛾類標準図鑑4,,[寄主植物]クロツバラ、クロウメモドキ(以上クロウメモドキ科).
hostplant-ZUKAN4-P086155-0025,89,species-0360,シナノキチビガ,シナノキ,アオイ科,文献,日本産蛾類標準図鑑4,,[寄主植物]シナノキ(アオイ科).
hostplant-ZUKAN4-P086155-0026,89,species-0361,ノアサガオチビガ,サツマイモ,ヒルガオ科,文献,日本産蛾類標準図鑑4,,[寄主植物]ノアサガオ、サツマイモ(以上ヒルガオ科).
hostplant-ZUKAN4-P086155-0027,89,species-0361,ノアサガオチビガ,ノアサガオ,ヒルガオ科,文献,日本産蛾類標準図鑑4,,[寄主植物]ノアサガオ、サツマイモ(以上ヒルガオ科).
hostplant-ZUKAN4-P086155-0028,89,species-0362,クリチビガ,クリ,ブナ科,文献,日本産蛾類標準図鑑4,,"[寄主植物]クリ(ブナ科),シラカンバ(カバノキ科)."
hostplant-ZUKAN4-P086155-0029,89,species-0362,クリチビガ,シラカンバ,カバノキ科,文献,日本産蛾類標準図鑑4,,"[寄主植物]クリ(ブナ科),シラカンバ(カバノキ科)."
hostplant-ZUKAN4-P086155-0030,90,species-0363,ケヤキチビガ,ケヤキ,ニレ科,文献,日本産蛾類標準図鑑4,,[寄主植物]ケヤキ(ニレ科)。
hostplant-ZUKAN4-P086155-0031,90,species-0365,ヤマブキトラチビガ,カバノキ類,カバノキ科,野外（国外）,日本産蛾類標準図鑑4,,[寄主植物]シナノキ(アオイ科)、ヨーロッパでは、カバノキ類.(カバノキ科)クリ、ブナ類(以上ブナ科)を寄主とすることが知られる.[分類]重種区分はされていない。タイプ産地はヨーロッパ。
hostplant-ZUKAN4-P086155-0032,90,species-0365,ヤマブキトラチビガ,クリ,ブナ科,野外（国外）,日本産蛾類標準図鑑4,,[寄主植物]シナノキ(アオイ科)、ヨーロッパでは、カバノキ類.(カバノキ科)クリ、ブナ類(以上ブナ科)を寄主とすることが知られる.[分類]重種区分はされていない。タイプ産地はヨーロッパ。
hostplant-ZUKAN4-P086155-0033,90,species-0365,ヤマブキトラチビガ,シナノキ,アオイ科,文献,日本産蛾類標準図鑑4,,[寄主植物]シナノキ(アオイ科)、ヨーロッパでは、カバノキ類.(カバノキ科)クリ、ブナ類(以上ブナ科)を寄主とすることが知られる.[分類]重種区分はされていない。タイプ産地はヨーロッパ。
hostplant-ZUKAN4-P086155-0034,90,species-0365,ヤマブキトラチビガ,ブナ類,ブナ科,野外（国外）,日本産蛾類標準図鑑4,,[寄主植物]シナノキ(アオイ科)、ヨーロッパでは、カバノキ類.(カバノキ科)クリ、ブナ類(以上ブナ科)を寄主とすることが知られる.[分類]重種区分はされていない。タイプ産地はヨーロッパ。
hostplant-ZUKAN4-P086155-0035,90,species-0366,ハンノキチビガ,ハンノキ,カバノキ科,文献,日本産蛾類標準図鑑4,,[奇主植物]ハンノキ(カバノキ科).
hostplant-ZUKAN4-P086155-0036,90,species-0367,シラホシチビガ,ハンノキ属,カバノキ科,野外（国外）,日本産蛾類標準図鑑4,,[寄主植物]国内では未知.国外では、ヨーロッパでハンノキ属(カバノキ科)を寄主植物とすることが知られる。
hostplant-ZUKAN4-P086155-0037,90,species-0368,クヌギチビガ,クヌギ,ブナ科,文献,日本産蛾類標準図鑑4,原図で補完,
hostplant-ZUKAN4-P086155-0038,90,species-0369,コナラチビガ,カシワ,ブナ科,文献,日本産蛾類標準図鑑4,,[寄主植物]カシワ、ミズナラ、コナラ(以上ブナ科).
hostplant-ZUKAN4-P086155-0039,90,species-0369,コナラチビガ,コナラ,ブナ科,文献,日本産蛾類標準図鑑4,,[寄主植物]カシワ、ミズナラ、コナラ(以上ブナ科).
hostplant-ZUKAN4-P086155-0040,90,species-0369,コナラチビガ,ミズナラ,ブナ科,文献,日本産蛾類標準図鑑4,,[寄主植物]カシワ、ミズナラ、コナラ(以上ブナ科).
hostplant-ZUKAN4-P086155-0041,92,species-0370,ホシボシホソガ,エゾノコリンゴ,バラ科,文献,日本産蛾類標準図鑑4,,"[寄主植物]エゾノコリンゴ、エゾヤマザクラ、スモモ,セイヨウミザクラなど(以上バラ科)."
hostplant-ZUKAN4-P086155-0042,92,species-0370,ホシボシホソガ,エゾヤマザクラ,バラ科,文献,日本産蛾類標準図鑑4,,"[寄主植物]エゾノコリンゴ、エゾヤマザクラ、スモモ,セイヨウミザクラなど(以上バラ科)."
hostplant-ZUKAN4-P086155-0043,92,species-0370,ホシボシホソガ,スモモ,バラ科,文献,日本産蛾類標準図鑑4,,"[寄主植物]エゾノコリンゴ、エゾヤマザクラ、スモモ,セイヨウミザクラなど(以上バラ科)."
hostplant-ZUKAN4-P086155-0044,92,species-0370,ホシボシホソガ,セイヨウミザクラ,バラ科,文献,日本産蛾類標準図鑑4,,"[寄主植物]エゾノコリンゴ、エゾヤマザクラ、スモモ,セイヨウミザクラなど(以上バラ科)."
hostplant-ZUKAN4-P086155-0045,92,species-0371,カバホシボシホソガ,カバノキ属,カバノキ科,文献,日本産蛾類標準図鑑4,,[寄主植物]シラカンバなどカバノキ属(カバノキ科).
hostplant-ZUKAN4-P086155-0046,92,species-0371,カバホシボシホソガ,シラカンバ,カバノキ科,文献,日本産蛾類標準図鑑4,,[寄主植物]シラカンバなどカバノキ属(カバノキ科).
hostplant-ZUKAN4-P086155-0047,92,species-0372,チビホシボシホソガ,コケモモ属,ツツジ科,文献,日本産蛾類標準図鑑4,,寄主植物]コケモモ属の1種(ツツジ科).
hostplant-ZUKAN4-P086155-0048,92,species-0373,ハンノホシボシホソガ,ケヤマハンノキ,カバノキ科,文献,日本産蛾類標準図鑑4,,寄主植物]ケヤマハンノキ(カバノキ科).
hostplant-ZUKAN4-P086155-0049,93,species-0375,ベニホソガ,ゴンズイ,ミツバウツギ科,文献,日本産蛾類標準図鑑4,,寄主植物]ゴンズイ(ミツバウツギ科).
hostplant-ZUKAN4-P086155-0050,93,species-0377,シロハマキホソガ,ハシドイ,モクセイ科,文献,日本産蛾類標準図鑑4,,寄主植物]ヤチダモ、ハシドイ、ムラサキハシドイ(以上モクセイ科).
hostplant-ZUKAN4-P086155-0051,93,species-0377,シロハマキホソガ,ムラサキハシドイ,モクセイ科,文献,日本産蛾類標準図鑑4,,寄主植物]ヤチダモ、ハシドイ、ムラサキハシドイ(以上モクセイ科).
hostplant-ZUKAN4-P086155-0052,93,species-0377,シロハマキホソガ,ヤチダモ,モクセイ科,文献,日本産蛾類標準図鑑4,,寄主植物]ヤチダモ、ハシドイ、ムラサキハシドイ(以上モクセイ科).
hostplant-ZUKAN4-P086155-0053,93,species-0378,イボタホソガ,イボタノキ,モクセイ科,文献,日本産蛾類標準図鑑4,,[寄主植物]イボタノキ(モクセイ科).
hostplant-ZUKAN4-P086155-0054,94,species-0379,ウスリーハマキホソガ,トネリコ属,モクセイ科,文献,日本産蛾類標準図鑑4,,[寄主植物]ヤチダモなどトネリコ属(モクセイ科).
hostplant-ZUKAN4-P086155-0055,94,species-0379,ウスリーハマキホソガ,ヤチダモ,モクセイ科,文献,日本産蛾類標準図鑑4,,[寄主植物]ヤチダモなどトネリコ属(モクセイ科).
hostplant-ZUKAN4-P086155-0056,94,species-0380,クロハマキホソガ,ハシドイ,モクセイ科,文献,日本産蛾類標準図鑑4,,[寄主植物]ヤチダモやハシドイなど(以上モクセイ科).
hostplant-ZUKAN4-P086155-0057,94,species-0380,クロハマキホソガ,ヤチダモ,モクセイ科,文献,日本産蛾類標準図鑑4,,[寄主植物]ヤチダモやハシドイなど(以上モクセイ科).
hostplant-ZUKAN4-P086155-0058,94,species-0381,ハイイロハマキホソガ,ソケイ属,モクセイ科,文献,日本産蛾類標準図鑑4,,"[寄主植物]ヤチダモ,ムラサキハシドイ,ソケイ属(ジャスミン)など(以上モクセイ科).日本では、ヤチダモ(モクセイ科)の葉を巻いていた幼虫が創育された."
hostplant-ZUKAN4-P086155-0059,94,species-0381,ハイイロハマキホソガ,ムラサキハシドイ,モクセイ科,文献,日本産蛾類標準図鑑4,,"[寄主植物]ヤチダモ,ムラサキハシドイ,ソケイ属(ジャスミン)など(以上モクセイ科).日本では、ヤチダモ(モクセイ科)の葉を巻いていた幼虫が創育された."
hostplant-ZUKAN4-P086155-0060,94,species-0381,ハイイロハマキホソガ,ヤチダモ,モクセイ科,文献,日本産蛾類標準図鑑4,,"[寄主植物]ヤチダモ,ムラサキハシドイ,ソケイ属(ジャスミン)など(以上モクセイ科).日本では、ヤチダモ(モクセイ科)の葉を巻いていた幼虫が創育された."
hostplant-ZUKAN4-P086155-0061,94,species-0382,ヤナギハマキホソガ,ポプラ類,ヤナギ科,文献,日本産蛾類標準図鑑4,,[寄主植物]ヤナギ類やポプラ類(以上ヤナギ科).カバノキ科や
hostplant-ZUKAN4-P086155-0062,94,species-0382,ヤナギハマキホソガ,ヤナギ類,ヤナギ科,文献,日本産蛾類標準図鑑4,,[寄主植物]ヤナギ類やポプラ類(以上ヤナギ科).カバノキ科や
hostplant-ZUKAN4-P086155-0063,94,species-0383,ヤナギコハマキホソガ,シダレヤナギ,ヤナギ科,文献,日本産蛾類標準図鑑4,,[寄主植物]ヤマナラシやシダレヤナギ(以上ヤナギ科).
hostplant-ZUKAN4-P086155-0064,94,species-0383,ヤナギコハマキホソガ,ヤマナラシ,ヤナギ科,文献,日本産蛾類標準図鑑4,,[寄主植物]ヤマナラシやシダレヤナギ(以上ヤナギ科).
hostplant-ZUKAN4-P086155-0065,95,species-0384,チャノハマキホソガ,サザンカ,ツバキ科,文献,日本産蛾類標準図鑑4,,[寄主植物]ツバキ、サザンカ、チャノキ(以上ツバキ科)、国外では、茶の栽培とともに各地に広がったと思われる。茶の害虫として著名。
hostplant-ZUKAN4-P086155-0066,95,species-0384,チャノハマキホソガ,チャノキ,ツバキ科,文献,日本産蛾類標準図鑑4,,[寄主植物]ツバキ、サザンカ、チャノキ(以上ツバキ科)、国外では、茶の栽培とともに各地に広がったと思われる。茶の害虫として著名。
hostplant-ZUKAN4-P086155-0067,95,species-0384,チャノハマキホソガ,ツバキ,ツバキ科,文献,日本産蛾類標準図鑑4,,[寄主植物]ツバキ、サザンカ、チャノキ(以上ツバキ科)、国外では、茶の栽培とともに各地に広がったと思われる。茶の害虫として著名。
hostplant-ZUKAN4-P086155-0068,95,species-0385,リンゴハマキホソガ,カナメモチ,バラ科,文献,日本産蛾類標準図鑑4,,[寄主植物]日本では、リンゴ、カナメモチ、キイチゴ類など(以にバラ科)、国外でもバラ科植物を食べ、リンゴの書虫になっている。
hostplant-ZUKAN4-P086155-0069,95,species-0385,リンゴハマキホソガ,キイチゴ類,バラ科,文献,日本産蛾類標準図鑑4,,[寄主植物]日本では、リンゴ、カナメモチ、キイチゴ類など(以にバラ科)、国外でもバラ科植物を食べ、リンゴの書虫になっている。
hostplant-ZUKAN4-P086155-0070,95,species-0385,リンゴハマキホソガ,リンゴ,バラ科,文献,日本産蛾類標準図鑑4,,[寄主植物]日本では、リンゴ、カナメモチ、キイチゴ類など(以にバラ科)、国外でもバラ科植物を食べ、リンゴの書虫になっている。
hostplant-ZUKAN4-P086155-0071,95,species-0386,コガネハマキホソガ,サカキ,モッコク科,文献,日本産蛾類標準図鑑4,,[寄主植物]サカキ科のサカキ.
hostplant-ZUKAN4-P086155-0072,95,species-0387,ヤマモガシハマキホソガ,ヤマモガシ,ヤマモガシ科,文献,日本産蛾類標準図鑑4,,[寄主植物]ヤマモガシなどのヤマモガシ科。
hostplant-ZUKAN4-P086155-0073,96,species-0388,イカリソウハマキホソガ,イカリソウ属,メギ科,野外（国外）,日本産蛾類標準図鑑4,,[寄主植物]キバナイカリソウ(メギ科)、ヨーロッパでも、イカリソウ属を食べる.
hostplant-ZUKAN4-P086155-0074,96,species-0388,イカリソウハマキホソガ,キバナイカリソウ,メギ科,文献,日本産蛾類標準図鑑4,,[寄主植物]キバナイカリソウ(メギ科)、ヨーロッパでも、イカリソウ属を食べる.
hostplant-ZUKAN4-P086155-0075,96,species-0389,フタモンハマキホソガ,オオバスノキ,ツツジ科,文献,日本産蛾類標準図鑑4,,[寄主植物]ツツジ科のオオバスノキ.
hostplant-ZUKAN4-P086155-0076,96,species-0390,リュウキュウハマキホソガ,カキバカンコノキ,コミカンソウ科,文献,日本産蛾類標準図鑑4,,[寄主植物]カキバカンコノキなど(コミカンソウ科)。
hostplant-ZUKAN4-P086155-0077,96,species-0392,イタヤハマキホソガ,イタヤカエデ,ムクロジ科,文献,日本産蛾類標準図鑑4,,寄主植物]クロビイタヤ、イタヤカエデ、イロハモミジなど(以上ムクロジ科).
hostplant-ZUKAN4-P086155-0078,96,species-0392,イタヤハマキホソガ,イロハモミジ,ムクロジ科,文献,日本産蛾類標準図鑑4,再確認が必要と明記,寄主植物]クロビイタヤ、イタヤカエデ、イロハモミジなど(以上ムクロジ科).
hostplant-ZUKAN4-P086155-0079,96,species-0392,イタヤハマキホソガ,クロビイタヤ,ムクロジ科,文献,日本産蛾類標準図鑑4,,寄主植物]クロビイタヤ、イタヤカエデ、イロハモミジなど(以上ムクロジ科).
hostplant-ZUKAN4-P086155-0080,96,species-0393,モミジハマキホソガ,イタヤカエデ,ムクロジ科,文献,日本産蛾類標準図鑑4,再確認が必要と明記,"[寄主植物]ハウチワカエデ,イロハモミジ,イタヤカエデなど(以上ムクロジ科).前種と寄主植物が重複し、幼虫期の区別は困難だが、本種は主にイロハモミジやハウチワカエデを食し、本種のイタヤカエデからの記録は、前種のイロハモミジからの記録と同様、再確認が必要である。本種と前種は、寄主植物ですみ分けている可能性が"
hostplant-ZUKAN4-P086155-0081,96,species-0393,モミジハマキホソガ,イロハモミジ,ムクロジ科,文献,日本産蛾類標準図鑑4,,"[寄主植物]ハウチワカエデ,イロハモミジ,イタヤカエデなど(以上ムクロジ科).前種と寄主植物が重複し、幼虫期の区別は困難だが、本種は主にイロハモミジやハウチワカエデを食し、本種のイタヤカエデからの記録は、前種のイロハモミジからの記録と同様、再確認が必要である。本種と前種は、寄主植物ですみ分けている可能性が"
hostplant-ZUKAN4-P086155-0082,96,species-0393,モミジハマキホソガ,ハウチワカエデ,ムクロジ科,文献,日本産蛾類標準図鑑4,,"[寄主植物]ハウチワカエデ,イロハモミジ,イタヤカエデなど(以上ムクロジ科).前種と寄主植物が重複し、幼虫期の区別は困難だが、本種は主にイロハモミジやハウチワカエデを食し、本種のイタヤカエデからの記録は、前種のイロハモミジからの記録と同様、再確認が必要である。本種と前種は、寄主植物ですみ分けている可能性が"
hostplant-ZUKAN4-P086155-0083,97,species-0394,キソハマキホソガ,イタヤカエデ,ムクロジ科,文献,日本産蛾類標準図鑑4,,寄主植物]カラコギカエデ、イタヤカエデなど(以上ムクロジ科).
hostplant-ZUKAN4-P086155-0084,97,species-0394,キソハマキホソガ,カラコギカエデ,ムクロジ科,文献,日本産蛾類標準図鑑4,,寄主植物]カラコギカエデ、イタヤカエデなど(以上ムクロジ科).
hostplant-ZUKAN4-P086155-0085,97,species-0395,ムラサキハマキホソガ,イタヤカエデ,ムクロジ科,文献,日本産蛾類標準図鑑4,,"[寄主植物]ハウチワカエデ,コハウチワカエデ,イタヤカエデなど(以上ムクロジ科)."
hostplant-ZUKAN4-P086155-0086,97,species-0395,ムラサキハマキホソガ,コハウチワカエデ,ムクロジ科,文献,日本産蛾類標準図鑑4,,"[寄主植物]ハウチワカエデ,コハウチワカエデ,イタヤカエデなど(以上ムクロジ科)."
hostplant-ZUKAN4-P086155-0087,97,species-0395,ムラサキハマキホソガ,ハウチワカエデ,ムクロジ科,文献,日本産蛾類標準図鑑4,,"[寄主植物]ハウチワカエデ,コハウチワカエデ,イタヤカエデなど(以上ムクロジ科)."
hostplant-ZUKAN4-P086155-0088,97,species-0396,ワカヤマハマキホソガ,イロハモミジ,ムクロジ科,文献,日本産蛾類標準図鑑4,,[寄主植物]イロハモミジ、オオイタヤメイゲツ(以上ムクロジ科).
hostplant-ZUKAN4-P086155-0089,97,species-0396,ワカヤマハマキホソガ,オオイタヤメイゲツ,カエデ科,文献,日本産蛾類標準図鑑4,,[寄主植物]イロハモミジ、オオイタヤメイゲツ(以上ムクロジ科).
hostplant-ZUKAN4-P086155-0090,97,species-0397,ヒダカハマキホソガ,イタヤカエデ,ムクロジ科,文献,日本産蛾類標準図鑑4,,[奇主植物]イタヤカエデ(ムクロジ科)。
hostplant-ZUKAN4-P086155-0091,97,species-0398,ヤスダハマキホソガ,イタヤカエデ,ムクロジ科,文献,日本産蛾類標準図鑑4,,[寄主植物]イタヤカエデ(ムクロジ科).97
hostplant-ZUKAN4-P086155-0092,98,species-0399,ヘリングハマキホソガ,イタヤカエデ,ムクロジ科,文献,日本産蛾類標準図鑑4,,[寄主植物]イタヤカエデ(ムクロジ科).
hostplant-ZUKAN4-P086155-0093,98,species-0400,イチモンジハマキホソガ,ウリハダカエデ,ムクロジ科,文献,日本産蛾類標準図鑑4,,"[寄主植物]ウリハダカエデ,ミネカエデ,ヒトツバカエデなど(以上ムクロジ科)."
hostplant-ZUKAN4-P086155-0094,98,species-0400,イチモンジハマキホソガ,ヒトツバカエデ,ムクロジ科,文献,日本産蛾類標準図鑑4,,"[寄主植物]ウリハダカエデ,ミネカエデ,ヒトツバカエデなど(以上ムクロジ科)."
hostplant-ZUKAN4-P086155-0095,98,species-0400,イチモンジハマキホソガ,ミネカエデ,ムクロジ科,文献,日本産蛾類標準図鑑4,,"[寄主植物]ウリハダカエデ,ミネカエデ,ヒトツバカエデなど(以上ムクロジ科)."
hostplant-ZUKAN4-P086155-0096,98,species-0401,ミヤマハマキホソガ,アサノハカエデ,ムクロジ科,文献,日本産蛾類標準図鑑4,,[寄主植物]アサノハカエデ、ヒトツバカエデ、カラコギカエデ
hostplant-ZUKAN4-P086155-0097,98,species-0401,ミヤマハマキホソガ,カラコギカエデ,ムクロジ科,文献,日本産蛾類標準図鑑4,,[寄主植物]アサノハカエデ、ヒトツバカエデ、カラコギカエデ
hostplant-ZUKAN4-P086155-0098,98,species-0401,ミヤマハマキホソガ,ヒトツバカエデ,ムクロジ科,文献,日本産蛾類標準図鑑4,,[寄主植物]アサノハカエデ、ヒトツバカエデ、カラコギカエデ
hostplant-ZUKAN4-P086155-0099,98,species-0402,クロコハマキホソガ,アサノハカエデ,ムクロジ科,文献,日本産蛾類標準図鑑4,,"[寄主植物]アサノハカエデ,ヒトツバカエデ,カラコギカエデなど(以上ムクロジ科)."
hostplant-ZUKAN4-P086155-0100,98,species-0402,クロコハマキホソガ,カラコギカエデ,ムクロジ科,文献,日本産蛾類標準図鑑4,,"[寄主植物]アサノハカエデ,ヒトツバカエデ,カラコギカエデなど(以上ムクロジ科)."
hostplant-ZUKAN4-P086155-0101,98,species-0402,クロコハマキホソガ,ヒトツバカエデ,ムクロジ科,文献,日本産蛾類標準図鑑4,,"[寄主植物]アサノハカエデ,ヒトツバカエデ,カラコギカエデなど(以上ムクロジ科)."
hostplant-ZUKAN4-P086155-0102,99,species-0403,キンモンハマキホソガ,ハゼノキ,ウルシ科,文献,日本産蛾類標準図鑑4,,[寄主植物]ハゼノキ、ヤマハゼなど(以上ウルシ科).
hostplant-ZUKAN4-P086155-0103,99,species-0403,キンモンハマキホソガ,ヤマハゼ,ウルシ科,文献,日本産蛾類標準図鑑4,,[寄主植物]ハゼノキ、ヤマハゼなど(以上ウルシ科).
hostplant-ZUKAN4-P086155-0104,99,species-0404,ヌルデハマキホソガ,ヌルデ,ウルシ科,文献,日本産蛾類標準図鑑4,,寄主植物]ヌルデ、ヤマハゼ、ヤマウルシなど(以上ウルシ科).ウルシの葉につくハマキホソガ類の中では、もっともふつう。
hostplant-ZUKAN4-P086155-0105,99,species-0404,ヌルデハマキホソガ,ヤマウルシ,ウルシ科,文献,日本産蛾類標準図鑑4,,寄主植物]ヌルデ、ヤマハゼ、ヤマウルシなど(以上ウルシ科).ウルシの葉につくハマキホソガ類の中では、もっともふつう。
hostplant-ZUKAN4-P086155-0106,99,species-0404,ヌルデハマキホソガ,ヤマハゼ,ウルシ科,文献,日本産蛾類標準図鑑4,,寄主植物]ヌルデ、ヤマハゼ、ヤマウルシなど(以上ウルシ科).ウルシの葉につくハマキホソガ類の中では、もっともふつう。
hostplant-ZUKAN4-P086155-0107,99,species-0405,マツムラハマキホソガ,ヤマハゼ,ウルシ科,文献,日本産蛾類標準図鑑4,,[寄主植物]ヤマハゼ(ウルシ科).
hostplant-ZUKAN4-P086155-0108,99,species-0406,ホシヌルデハマキホソガ,ヤマハゼ,ウルシ科,文献,日本産蛾類標準図鑑4,,[寄主植物]ヤマハゼ(ウルシ科).
hostplant-ZUKAN4-P086155-0109,100,species-0408,ツツジハマキホソガ,エゾムラサキツツジ,ツツジ科,文献,日本産蛾類標準図鑑4,,[寄主植物」エゾムラサキツツジ、ミヤマキリシマ、サツキなど(以上ツツジ科)。特に、栽培されているサツキやアザレアなどによく寄生する.
hostplant-ZUKAN4-P086155-0110,100,species-0408,ツツジハマキホソガ,サツキ,ツツジ科,文献,日本産蛾類標準図鑑4,,[寄主植物」エゾムラサキツツジ、ミヤマキリシマ、サツキなど(以上ツツジ科)。特に、栽培されているサツキやアザレアなどによく寄生する.
hostplant-ZUKAN4-P086155-0111,100,species-0408,ツツジハマキホソガ,ミヤマキリシマ,ツツジ科,文献,日本産蛾類標準図鑑4,,[寄主植物」エゾムラサキツツジ、ミヤマキリシマ、サツキなど(以上ツツジ科)。特に、栽培されているサツキやアザレアなどによく寄生する.
hostplant-ZUKAN4-P086155-0112,100,species-0409,ハナヒリノキハマキホソガ,エゾムラサキツツジ,ツツジ科,文献,日本産蛾類標準図鑑4,,"[寄主植物]ハナヒリノキ、エゾムラサキツツジ,ミツバツツジ"
hostplant-ZUKAN4-P086155-0113,100,species-0409,ハナヒリノキハマキホソガ,ハナヒリノキ,ツツジ科,文献,日本産蛾類標準図鑑4,,"[寄主植物]ハナヒリノキ、エゾムラサキツツジ,ミツバツツジ"
hostplant-ZUKAN4-P086155-0114,100,species-0409,ハナヒリノキハマキホソガ,ミツバツツジ,ツツジ科,文献,日本産蛾類標準図鑑4,,"[寄主植物]ハナヒリノキ、エゾムラサキツツジ,ミツバツツジ"
hostplant-ZUKAN4-P086155-0115,100,species-0410,ミズナラハマキホソガ,イヌブナ,ブナ科,文献,日本産蛾類標準図鑑4,,"[寄主植物]クリ,クヌギ、ミズナラ、イヌブナなど(以上ブナ科)."
hostplant-ZUKAN4-P086155-0116,100,species-0410,ミズナラハマキホソガ,クヌギ,ブナ科,文献,日本産蛾類標準図鑑4,,"[寄主植物]クリ,クヌギ、ミズナラ、イヌブナなど(以上ブナ科)."
hostplant-ZUKAN4-P086155-0117,100,species-0410,ミズナラハマキホソガ,クリ,ブナ科,文献,日本産蛾類標準図鑑4,,"[寄主植物]クリ,クヌギ、ミズナラ、イヌブナなど(以上ブナ科)."
hostplant-ZUKAN4-P086155-0118,100,species-0410,ミズナラハマキホソガ,ミズナラ,ブナ科,文献,日本産蛾類標準図鑑4,,"[寄主植物]クリ,クヌギ、ミズナラ、イヌブナなど(以上ブナ科)."
hostplant-ZUKAN4-P086155-0119,100,species-0411,キスジハマキホソガ,ダケカンバ,カバノキ科,文献,日本産蛾類標準図鑑4,,[寄主植物]ダケカンバ、ミズメなど(以上カバノキ科).
hostplant-ZUKAN4-P086155-0120,100,species-0411,キスジハマキホソガ,ミズメ,カバノキ科,文献,日本産蛾類標準図鑑4,,[寄主植物]ダケカンバ、ミズメなど(以上カバノキ科).
hostplant-ZUKAN4-P086155-0121,101,species-0412,ニレハマキホソガ,ケヤキ,ニレ科,文献,日本産蛾類標準図鑑4,前種へのOCR誤吸着を補正,
hostplant-ZUKAN4-P086155-0122,101,species-0412,ニレハマキホソガ,ハルニレ,ニレ科,文献,日本産蛾類標準図鑑4,前種へのOCR誤吸着を補正,
hostplant-ZUKAN4-P086155-0123,101,species-0413,エノキハマキホソガ,エゾエノキ,アサ科,文献,日本産蛾類標準図鑑4,,[寄主植物]エノキ、エゾエノキなどエノキ属(アサ科).
hostplant-ZUKAN4-P086155-0124,101,species-0413,エノキハマキホソガ,エノキ,アサ科,文献,日本産蛾類標準図鑑4,,[寄主植物]エノキ、エゾエノキなどエノキ属(アサ科).
hostplant-ZUKAN4-P086155-0125,101,species-0413,エノキハマキホソガ,エノキ属,アサ科,文献,日本産蛾類標準図鑑4,,[寄主植物]エノキ、エゾエノキなどエノキ属(アサ科).
hostplant-ZUKAN4-P086155-0126,101,species-0414,クヌギハマキホソガ,クヌギ,ブナ科,文献,日本産蛾類標準図鑑4,,[寄主食物]クリ、クヌギ、ミズナラ、コナラなど(以上ブナ科).
hostplant-ZUKAN4-P086155-0127,101,species-0414,クヌギハマキホソガ,クリ,ブナ科,文献,日本産蛾類標準図鑑4,,[寄主食物]クリ、クヌギ、ミズナラ、コナラなど(以上ブナ科).
hostplant-ZUKAN4-P086155-0128,101,species-0414,クヌギハマキホソガ,コナラ,ブナ科,文献,日本産蛾類標準図鑑4,,[寄主食物]クリ、クヌギ、ミズナラ、コナラなど(以上ブナ科).
hostplant-ZUKAN4-P086155-0129,101,species-0414,クヌギハマキホソガ,ミズナラ,ブナ科,文献,日本産蛾類標準図鑑4,,[寄主食物]クリ、クヌギ、ミズナラ、コナラなど(以上ブナ科).
hostplant-ZUKAN4-P086155-0130,101,species-0415,イッシキハマキホソガ,エゾハンノキ,カバノキ科,文献,日本産蛾類標準図鑑4,,[寄主植物]エゾハンノキなどハンノキ属(カバノキ科).
hostplant-ZUKAN4-P086155-0131,101,species-0415,イッシキハマキホソガ,ハンノキ属,カバノキ科,文献,日本産蛾類標準図鑑4,,[寄主植物]エゾハンノキなどハンノキ属(カバノキ科).
hostplant-ZUKAN4-P086155-0132,102,species-0416,ハンノハマキホソガ,ケヤマハンノキ,カバノキ科,文献,日本産蛾類標準図鑑4,,寄主植物]ヤチハンノキやケヤマハンノキなど(以上カバノキ科).
hostplant-ZUKAN4-P086155-0133,102,species-0416,ハンノハマキホソガ,ヤチハンノキ,カバノキ科,文献,日本産蛾類標準図鑑4,,寄主植物]ヤチハンノキやケヤマハンノキなど(以上カバノキ科).
hostplant-ZUKAN4-P086155-0134,102,species-0417,カンバハマキホソガ,カバノキ属,カバノキ科,文献,日本産蛾類標準図鑑4,,[寄主植物]シラカンバなどカバノキ属(カバノキ科).
hostplant-ZUKAN4-P086155-0135,102,species-0417,カンバハマキホソガ,シラカンバ,カバノキ科,文献,日本産蛾類標準図鑑4,,[寄主植物]シラカンバなどカバノキ属(カバノキ科).
hostplant-ZUKAN4-P086155-0136,102,species-0418,マダラハマキホソガ,カワラハンノキ,カバノキ科,文献,日本産蛾類標準図鑑4,,[寄主植物]ヤシャブシ、ハンノキ、ヤハズハンノキ、ミヤマハンノキ、カワラハンノキなどハンノキ属(以上:カバノキ科).
hostplant-ZUKAN4-P086155-0137,102,species-0418,マダラハマキホソガ,ハンノキ,カバノキ科,文献,日本産蛾類標準図鑑4,,[寄主植物]ヤシャブシ、ハンノキ、ヤハズハンノキ、ミヤマハンノキ、カワラハンノキなどハンノキ属(以上:カバノキ科).
hostplant-ZUKAN4-P086155-0138,102,species-0418,マダラハマキホソガ,ハンノキ属,カバノキ科,文献,日本産蛾類標準図鑑4,,[寄主植物]ヤシャブシ、ハンノキ、ヤハズハンノキ、ミヤマハンノキ、カワラハンノキなどハンノキ属(以上:カバノキ科).
hostplant-ZUKAN4-P086155-0139,102,species-0418,マダラハマキホソガ,ミヤマハンノキ,カバノキ科,文献,日本産蛾類標準図鑑4,,[寄主植物]ヤシャブシ、ハンノキ、ヤハズハンノキ、ミヤマハンノキ、カワラハンノキなどハンノキ属(以上:カバノキ科).
hostplant-ZUKAN4-P086155-0140,102,species-0418,マダラハマキホソガ,ヤシャブシ,カバノキ科,文献,日本産蛾類標準図鑑4,,[寄主植物]ヤシャブシ、ハンノキ、ヤハズハンノキ、ミヤマハンノキ、カワラハンノキなどハンノキ属(以上:カバノキ科).
hostplant-ZUKAN4-P086155-0141,102,species-0418,マダラハマキホソガ,ヤハズハンノキ,カバノキ科,文献,日本産蛾類標準図鑑4,,[寄主植物]ヤシャブシ、ハンノキ、ヤハズハンノキ、ミヤマハンノキ、カワラハンノキなどハンノキ属(以上:カバノキ科).
hostplant-ZUKAN4-P086155-0142,102,species-0419,マメハマキホソガ,アズキ,マメ科,文献,日本産蛾類標準図鑑4,,[寄主植物]アズキ、ダイズなど、栽培豆類をふくむマメ科。[分類]亜種区分はされていない。み交尾器のバルバの形態は、他の日本産のCalapilia属とはまったく異なり、特異的.
hostplant-ZUKAN4-P086155-0143,102,species-0419,マメハマキホソガ,ダイズ,マメ科,文献,日本産蛾類標準図鑑4,,[寄主植物]アズキ、ダイズなど、栽培豆類をふくむマメ科。[分類]亜種区分はされていない。み交尾器のバルバの形態は、他の日本産のCalapilia属とはまったく異なり、特異的.
hostplant-ZUKAN4-P086155-0144,102,species-0419,マメハマキホソガ,栽培豆類,マメ科,文献,日本産蛾類標準図鑑4,,[寄主植物]アズキ、ダイズなど、栽培豆類をふくむマメ科。[分類]亜種区分はされていない。み交尾器のバルバの形態は、他の日本産のCalapilia属とはまったく異なり、特異的.
hostplant-ZUKAN4-P086155-0145,103,species-0420,コブシハマキホソガ,コブシ,モクレン科,文献,日本産蛾類標準図鑑4,原図で補完,
hostplant-ZUKAN4-P086155-0146,103,species-0421,マツブサハマキホソガ,チョウセンゴミシ,マツブサ科,文献,日本産蛾類標準図鑑4,,[寄主植物]チョウセンゴミシ(マツブサ科).
hostplant-ZUKAN4-P086155-0147,103,species-0422,カズラハマキホソガ,サネカズラ,マツブサ科,文献,日本産蛾類標準図鑑4,,[寄主植物]サネカズラ(マツプサ科).
hostplant-ZUKAN4-P086155-0148,103,species-0423,シキミハマキホソガ,シキミ,マツブサ科,文献,日本産蛾類標準図鑑4,,[寄主植物]シキミ(マツブサ科).
hostplant-ZUKAN4-P086155-0149,103,species-0424,タブノキハマキホソガ,タブノキ,クスノキ科,文献,日本産蛾類標準図鑑4,,[寄主植物]タブノキなど(クスノキ科).
hostplant-ZUKAN4-P086155-0150,104,species-0425,ホソバタブハマキホソガ,ホソバタブ,クスノキ科,文献,日本産蛾類標準図鑑4,,[寄主植物]ホソバタブ(クスノキ科).
hostplant-ZUKAN4-P086155-0151,104,species-0426,ハネナガハマキホソガ,ハゼノキ,ウルシ科,文献,日本産蛾類標準図鑑4,,"[寄主植物]ハゼノキ、ヤマウルシなど(以上ウルシ科).[分類]亜種区分はされていない.Gracilarid(!)corollatMeyrick,1932とCaloptiliuelongataKumata,1982は、本種のシノニム。る交尾器の特殊な形態から車属Timodoraに入れられたが、"
hostplant-ZUKAN4-P086155-0152,104,species-0426,ハネナガハマキホソガ,ヤマウルシ,ウルシ科,文献,日本産蛾類標準図鑑4,,"[寄主植物]ハゼノキ、ヤマウルシなど(以上ウルシ科).[分類]亜種区分はされていない.Gracilarid(!)corollatMeyrick,1932とCaloptiliuelongataKumata,1982は、本種のシノニム。る交尾器の特殊な形態から車属Timodoraに入れられたが、"
hostplant-ZUKAN4-P086155-0153,104,species-0427,ハスオビハマキホソガ,クヌギ,ブナ科,文献,日本産蛾類標準図鑑4,,[寄主植物]クヌギ(ブナ科).
hostplant-ZUKAN4-P086155-0154,105,species-0428,ナラウススジハマキホソガ,クヌギ,ブナ科,文献,日本産蛾類標準図鑑4,,"寄主植物]クリ、シイ類,クヌギ、ミズナラなど(以上ブナ科)."
hostplant-ZUKAN4-P086155-0155,105,species-0428,ナラウススジハマキホソガ,クリ,ブナ科,文献,日本産蛾類標準図鑑4,,"寄主植物]クリ、シイ類,クヌギ、ミズナラなど(以上ブナ科)."
hostplant-ZUKAN4-P086155-0156,105,species-0428,ナラウススジハマキホソガ,シイ類,ブナ科,文献,日本産蛾類標準図鑑4,,"寄主植物]クリ、シイ類,クヌギ、ミズナラなど(以上ブナ科)."
hostplant-ZUKAN4-P086155-0157,105,species-0428,ナラウススジハマキホソガ,ミズナラ,ブナ科,文献,日本産蛾類標準図鑑4,,"寄主植物]クリ、シイ類,クヌギ、ミズナラなど(以上ブナ科)."
hostplant-ZUKAN4-P086155-0158,105,species-0429,シラキハキリホソガ,シラキ,トウダイグサ科,文献,日本産蛾類標準図鑑4,,[寄主植物]シラキ(トウダイグサ科).
hostplant-ZUKAN4-P086155-0159,105,species-0430,タマホソガ,カンコノキ,コミカンソウ科,文献,日本産蛾類標準図鑑4,,[寄主植物]カンコノキ(コミカンソウ科).
hostplant-ZUKAN4-P086155-0160,105,species-0431,フタテンシロダモホソガ,シロダモ,クスノキ科,文献,日本産蛾類標準図鑑4,,「寄主植物]シロダモ(クスノキ科).
hostplant-ZUKAN4-P086155-0161,106,species-0432,クスノキホソガ,アブラチャン,クスノキ科,文献,日本産蛾類標準図鑑4,,寄主植物]クスノキ、アブラチャン、カゴノキ(以上クスノキ科.
hostplant-ZUKAN4-P086155-0162,106,species-0432,クスノキホソガ,カゴノキ,クスノキ科,文献,日本産蛾類標準図鑑4,,寄主植物]クスノキ、アブラチャン、カゴノキ(以上クスノキ科.
hostplant-ZUKAN4-P086155-0163,106,species-0432,クスノキホソガ,クスノキ,クスノキ科,文献,日本産蛾類標準図鑑4,,寄主植物]クスノキ、アブラチャン、カゴノキ(以上クスノキ科.
hostplant-ZUKAN4-P086155-0164,106,species-0434,ムラサキシキブホソガ,オオムラサキシキブ,シソ科,文献,日本産蛾類標準図鑑4,,[寄主植物]オオムラサキシキブ(シソ科).
hostplant-ZUKAN4-P086155-0165,106,species-0435,タデキボシホソガ,ギシギシ属,タデ科,文献,日本産蛾類標準図鑑4,,[寄主植物]日本では、タデ属、ギシギシ属(以上タデ科)、クサ
hostplant-ZUKAN4-P086155-0166,106,species-0435,タデキボシホソガ,クサレダマ,サクラソウ科,文献,日本産蛾類標準図鑑4,段末で切れた行を原図で補完,
hostplant-ZUKAN4-P086155-0167,106,species-0435,タデキボシホソガ,タデ属,タデ科,文献,日本産蛾類標準図鑑4,,[寄主植物]日本では、タデ属、ギシギシ属(以上タデ科)、クサ
hostplant-ZUKAN4-P086155-0168,106,species-0436,ミツキボシホソガ,ツルソバ,タデ科,文献,日本産蛾類標準図鑑4,,[寄主植物]ツルソバ(タデ科).顔
hostplant-ZUKAN4-P086155-0169,107,species-0437,ムモンホソガ,オトギリソウ,オトギリソウ科,文献,日本産蛾類標準図鑑4,,【寄主植物]オトギリソウ(オトギリソウ科).
hostplant-ZUKAN4-P086155-0170,107,species-0438,シロスジホソガ,シオン属,キク科,文献,日本産蛾類標準図鑑4,,[寄主植物]ノコンギク、シラヤマギクなどシオン属(キク科).
hostplant-ZUKAN4-P086155-0171,107,species-0438,シロスジホソガ,シラヤマギク,キク科,文献,日本産蛾類標準図鑑4,,[寄主植物]ノコンギク、シラヤマギクなどシオン属(キク科).
hostplant-ZUKAN4-P086155-0172,107,species-0438,シロスジホソガ,ノコンギク,キク科,文献,日本産蛾類標準図鑑4,,[寄主植物]ノコンギク、シラヤマギクなどシオン属(キク科).
hostplant-ZUKAN4-P086155-0173,107,species-0439,ホソスジホソガ,ノコンギク,キク科,文献,日本産蛾類標準図鑑4,,[寄主植物]ノコンギク(キク科).
hostplant-ZUKAN4-P086155-0174,108,species-0440,ギンスジホソガ,ノコンギク,キク科,文献,日本産蛾類標準図鑑4,,寄主植物]ノコンギク(キク科).
hostplant-ZUKAN4-P086155-0175,108,species-0441,クチナシホソガ,クチナシ,アカネ科,文献,日本産蛾類標準図鑑4,原図で補完,
hostplant-ZUKAN4-P086155-0176,108,species-0442,モモタマナホソガ,モモタマナ,シクンシ科,文献,日本産蛾類標準図鑑4,,[寄主植物]モモタマナ(シクンシ科).
hostplant-ZUKAN4-P086155-0177,108,species-0443,ヒトスジホソガ,モモタマナ,シクンシ科,文献,日本産蛾類標準図鑑4,原図で補完,
hostplant-ZUKAN4-P086155-0178,109,species-0444,レイシホソガ,レイシ,ムクロジ科,文献,日本産蛾類標準図鑑4,,[寄主植物]レイシ(ムクロジ科).
hostplant-ZUKAN4-P086155-0179,109,species-0445,レイシシロズホソガ,リュウガン,ムクロジ科,文献,日本産蛾類標準図鑑4,,[寄主植物]レイシ、リュウガン(以上ムクロジ科).カカオノキ(アオイ科)の果実に入るとの報告もあるが、カカオの実に入るのはC.
hostplant-ZUKAN4-P086155-0180,109,species-0445,レイシシロズホソガ,レイシ,ムクロジ科,文献,日本産蛾類標準図鑑4,,[寄主植物]レイシ、リュウガン(以上ムクロジ科).カカオノキ(アオイ科)の果実に入るとの報告もあるが、カカオの実に入るのはC.
hostplant-ZUKAN4-P086155-0181,110,species-0446,カンコマダラホソガ,カンコノキ,コミカンソウ科,文献,日本産蛾類標準図鑑4,,[寄主植物]カンコノキ(コミカンソウ科).
hostplant-ZUKAN4-P086155-0182,110,species-0447,ウラジロエノキマダラホソガ,ウラジロエノキ,アサ科,文献,日本産蛾類標準図鑑4,,[寄主植物]ウラジロエノキ(アサ科).
hostplant-ZUKAN4-P086155-0183,110,species-0448,フジマダラホソガ,クズ,マメ科,文献,日本産蛾類標準図鑑4,,[寄主植物]クズ(マメ科).
hostplant-ZUKAN4-P086155-0184,110,species-0449,クズマダラホソガ,クズ,マメ科,文献,日本産蛾類標準図鑑4,,[寄主植物]クズ(マメ科).[分類]亜種区分はされていない.
hostplant-ZUKAN4-P086155-0185,111,species-0450,ヌスビトハギマダラホソガ,ヌスビトハギ,マメ科,文献,日本産蛾類標準図鑑4,,寄主植物]ヌスビトハギ(マメ科).
hostplant-ZUKAN4-P086155-0186,111,species-0451,ハギマダラホソガ,マルバハギ,マメ科,文献,日本産蛾類標準図鑑4,,奇主植物]ヤマハギ、マルバハギ(以上マメ科).
hostplant-ZUKAN4-P086155-0187,111,species-0451,ハギマダラホソガ,ヤマハギ,マメ科,文献,日本産蛾類標準図鑑4,,奇主植物]ヤマハギ、マルバハギ(以上マメ科).
hostplant-ZUKAN4-P086155-0188,111,species-0452,フジアシブサホソガ,フジ,マメ科,文献,日本産蛾類標準図鑑4,,[寄主植物]フジ(マメ科).
hostplant-ZUKAN4-P086155-0189,112,species-0453,カキアシブサホソガ,カキノキ,カキノキ科,文献,日本産蛾類標準図鑑4,,[寄主植物]カキノキ(カキノキ科).モグリホソガ類Acrocercops-groupラビアル・パル成虫の触負は非常に長く、前麺の1.3~1.7倍。
hostplant-ZUKAN4-P086155-0190,112,species-0455,ハキリホソガ,ハカマカズラ,マメ科,文献,日本産蛾類標準図鑑4,,[寄主植物]ハカマカズラ(マメ科).112
hostplant-ZUKAN4-P086155-0191,112,species-0456,マテバシイホソガ,シイ類,ブナ科,文献,日本産蛾類標準図鑑4,,[寄主植物]マテバシイなどシイ類(ブナ科).
hostplant-ZUKAN4-P086155-0192,112,species-0456,マテバシイホソガ,マテバシイ,ブナ科,文献,日本産蛾類標準図鑑4,,[寄主植物]マテバシイなどシイ類(ブナ科).
hostplant-ZUKAN4-P086155-0193,113,species-0457,ハスモンホソガ,アカガシ,ブナ科,文献,日本産蛾類標準図鑑4,,[寄主植物]アカガシ、ツクバネガシなどカシ類(以上ブナ科).
hostplant-ZUKAN4-P086155-0194,113,species-0457,ハスモンホソガ,カシ類,ブナ科,文献,日本産蛾類標準図鑑4,,[寄主植物]アカガシ、ツクバネガシなどカシ類(以上ブナ科).
hostplant-ZUKAN4-P086155-0195,113,species-0457,ハスモンホソガ,ツクバネガシ,ブナ科,文献,日本産蛾類標準図鑑4,,[寄主植物]アカガシ、ツクバネガシなどカシ類(以上ブナ科).
hostplant-ZUKAN4-P086155-0196,113,species-0458,ヒカリバホソガ,コナラ,ブナ科,文献,日本産蛾類標準図鑑4,,[寄主植物】ミズナラ、コナラ(以上ブナ科).
hostplant-ZUKAN4-P086155-0197,113,species-0458,ヒカリバホソガ,ミズナラ,ブナ科,文献,日本産蛾類標準図鑑4,,[寄主植物】ミズナラ、コナラ(以上ブナ科).
hostplant-ZUKAN4-P086155-0198,113,species-0459,ヌルデギンホソガ,ツタウルシ,ウルシ科,文献,日本産蛾類標準図鑑4,,[寄主植物]ツタウルシ、ハゼノキ、ヤマハゼ、ヌルデ(以上ウ
hostplant-ZUKAN4-P086155-0199,113,species-0459,ヌルデギンホソガ,ヌルデ,ウルシ科,文献,日本産蛾類標準図鑑4,,[寄主植物]ツタウルシ、ハゼノキ、ヤマハゼ、ヌルデ(以上ウ
hostplant-ZUKAN4-P086155-0200,113,species-0459,ヌルデギンホソガ,ハゼノキ,ウルシ科,文献,日本産蛾類標準図鑑4,,[寄主植物]ツタウルシ、ハゼノキ、ヤマハゼ、ヌルデ(以上ウ
hostplant-ZUKAN4-P086155-0201,113,species-0459,ヌルデギンホソガ,ヤマハゼ,ウルシ科,文献,日本産蛾類標準図鑑4,,[寄主植物]ツタウルシ、ハゼノキ、ヤマハゼ、ヌルデ(以上ウ
hostplant-ZUKAN4-P086155-0202,114,species-0460,ニガキギンホソガ,ニガキ,ニガキ科,文献,日本産蛾類標準図鑑4,,[寄主植物]ニガキ(ニガキ科).
hostplant-ZUKAN4-P086155-0203,114,species-0461,フジホソガ,フジ,マメ科,文献,日本産蛾類標準図鑑4,,[寄主植物]フジ(マメ科)、
hostplant-ZUKAN4-P086155-0204,114,species-0462,シイクロテンホソガ,シイ類,ブナ科,文献,日本産蛾類標準図鑑4,,寄主植物]ツブラジイ、スダジイなどシイ類(以上ブナ科).
hostplant-ZUKAN4-P086155-0205,114,species-0462,シイクロテンホソガ,スダジイ,ブナ科,文献,日本産蛾類標準図鑑4,,寄主植物]ツブラジイ、スダジイなどシイ類(以上ブナ科).
hostplant-ZUKAN4-P086155-0206,114,species-0462,シイクロテンホソガ,ツブラジイ,ブナ科,文献,日本産蛾類標準図鑑4,,寄主植物]ツブラジイ、スダジイなどシイ類(以上ブナ科).
hostplant-ZUKAN4-P086155-0207,115,species-0463,カシノキホソガ,アラカシ,ブナ科,文献,日本産蛾類標準図鑑4,,[寄主植物]アラカシ(ブナ科).
hostplant-ZUKAN4-P086155-0208,115,species-0464,イスノキホソガ,イスノキ,マンサク科,文献,日本産蛾類標準図鑑4,,寄主植物]イスノキ(マンサク科).
hostplant-ZUKAN4-P086155-0209,115,species-0465,ヒメカシノキホソガ,アカガシ,ブナ科,文献,日本産蛾類標準図鑑4,,[寄主植物]アカガシ、アラカシ、ウラジロガシなどカシ類(以上ブナ科).
hostplant-ZUKAN4-P086155-0210,115,species-0465,ヒメカシノキホソガ,アラカシ,ブナ科,文献,日本産蛾類標準図鑑4,,[寄主植物]アカガシ、アラカシ、ウラジロガシなどカシ類(以上ブナ科).
hostplant-ZUKAN4-P086155-0211,115,species-0465,ヒメカシノキホソガ,ウラジロガシ,ブナ科,文献,日本産蛾類標準図鑑4,,[寄主植物]アカガシ、アラカシ、ウラジロガシなどカシ類(以上ブナ科).
hostplant-ZUKAN4-P086155-0212,115,species-0465,ヒメカシノキホソガ,カシ類,ブナ科,文献,日本産蛾類標準図鑑4,,[寄主植物]アカガシ、アラカシ、ウラジロガシなどカシ類(以上ブナ科).
hostplant-ZUKAN4-P086155-0213,116,species-0466,シイノキホソガ,シイ属,ブナ科,文献,日本産蛾類標準図鑑4,,[寄主植物]ツブラジイなどシイ属(ブナ科).
hostplant-ZUKAN4-P086155-0214,116,species-0466,シイノキホソガ,ツブラジイ,ブナ科,文献,日本産蛾類標準図鑑4,,[寄主植物]ツブラジイなどシイ属(ブナ科).
hostplant-ZUKAN4-P086155-0215,116,species-0467,ウスズミホソガ,アカガシ,ブナ科,文献,日本産蛾類標準図鑑4,,[寄主植物]アカガシ、アラカシ、ツクバネガシ、クヌギ、コナラ(以上ブナ科)。
hostplant-ZUKAN4-P086155-0216,116,species-0467,ウスズミホソガ,アラカシ,ブナ科,文献,日本産蛾類標準図鑑4,,[寄主植物]アカガシ、アラカシ、ツクバネガシ、クヌギ、コナラ(以上ブナ科)。
hostplant-ZUKAN4-P086155-0217,116,species-0467,ウスズミホソガ,クヌギ,ブナ科,文献,日本産蛾類標準図鑑4,,[寄主植物]アカガシ、アラカシ、ツクバネガシ、クヌギ、コナラ(以上ブナ科)。
hostplant-ZUKAN4-P086155-0218,116,species-0467,ウスズミホソガ,コナラ,ブナ科,文献,日本産蛾類標準図鑑4,,[寄主植物]アカガシ、アラカシ、ツクバネガシ、クヌギ、コナラ(以上ブナ科)。
hostplant-ZUKAN4-P086155-0219,116,species-0467,ウスズミホソガ,ツクバネガシ,ブナ科,文献,日本産蛾類標準図鑑4,,[寄主植物]アカガシ、アラカシ、ツクバネガシ、クヌギ、コナラ(以上ブナ科)。
hostplant-ZUKAN4-P086155-0220,116,species-0468,クルミホソガ,オニグルミ,クルミ科,文献,日本産蛾類標準図鑑4,,[寄主植物]オニグルミ、ノグルミ、サワグルミ(以上クルミ科)。ネジキ(ツツジ科).
hostplant-ZUKAN4-P086155-0221,116,species-0468,クルミホソガ,サワグルミ,クルミ科,文献,日本産蛾類標準図鑑4,,[寄主植物]オニグルミ、ノグルミ、サワグルミ(以上クルミ科)。ネジキ(ツツジ科).
hostplant-ZUKAN4-P086155-0222,116,species-0468,クルミホソガ,ノグルミ,クルミ科,文献,日本産蛾類標準図鑑4,,[寄主植物]オニグルミ、ノグルミ、サワグルミ(以上クルミ科)。ネジキ(ツツジ科).
hostplant-ZUKAN4-P086155-0223,116,species-0470,ヨツアシホソガ,タイミンタチバナ,サクラソウ科,文献,日本産蛾類標準図鑑4,,寄主植物]タイミンタチバナ(サクラソウ科).
hostplant-ZUKAN4-P086155-0224,117,species-0471,フクマンギホソガ,フクマンギ,ムラサキ科,文献,日本産蛾類標準図鑑4,,寄主植物]日本ではフクマンギ(ムラサキ科)が知られ、国外では同属の他種を広く利用することが報告されている.
hostplant-ZUKAN4-P086155-0225,117,species-0472,フタクシホソガ,チシャノキ,ムラサキ科,文献,日本産蛾類標準図鑑4,,寄主植物]チシャノキ(ムラサキ科).
hostplant-ZUKAN4-P086155-0226,117,species-0473,アカメガシワホソガ,アカメガシワ,トウダイグサ科,文献,日本産蛾類標準図鑑4,,[寄主植物]アカメガシワ(トウダイグサ科).
hostplant-ZUKAN4-P086155-0227,118,species-0474,クスオビホソガ,タブノキ,クスノキ科,文献,日本産蛾類標準図鑑4,,[寄主植物]タブノキ、ハマビワ、ヤブニッケイなどクスノキ科
hostplant-ZUKAN4-P086155-0228,118,species-0474,クスオビホソガ,ハマビワ,クスノキ科,文献,日本産蛾類標準図鑑4,,[寄主植物]タブノキ、ハマビワ、ヤブニッケイなどクスノキ科
hostplant-ZUKAN4-P086155-0229,118,species-0474,クスオビホソガ,ヤブニッケイ,クスノキ科,文献,日本産蛾類標準図鑑4,,[寄主植物]タブノキ、ハマビワ、ヤブニッケイなどクスノキ科
hostplant-ZUKAN4-P086155-0230,118,species-0475,ヤブニッケイホソガ,クスノキ,クスノキ科,文献,日本産蛾類標準図鑑4,,[寄主植物]クスノキ、ニッケイ、ヤブニッケイなど(以上:クスノキ科).
hostplant-ZUKAN4-P086155-0231,118,species-0475,ヤブニッケイホソガ,ニッケイ,クスノキ科,文献,日本産蛾類標準図鑑4,,[寄主植物]クスノキ、ニッケイ、ヤブニッケイなど(以上:クスノキ科).
hostplant-ZUKAN4-P086155-0232,118,species-0475,ヤブニッケイホソガ,ヤブニッケイ,クスノキ科,文献,日本産蛾類標準図鑑4,,[寄主植物]クスノキ、ニッケイ、ヤブニッケイなど(以上:クスノキ科).
hostplant-ZUKAN4-P086155-0233,118,species-0476,オガタマノキホソガ,オガタマノキ,モクレン科,文献,日本産蛾類標準図鑑4,,[奇主植物]オガタマノキ(モクレン科)。
hostplant-ZUKAN4-P086155-0234,119,species-0477,コブシホソガ,コブシ,モクレン科,文献,日本産蛾類標準図鑑4,,[寄主植物]コブシ(モクレン科).
hostplant-ZUKAN4-P086155-0235,119,species-0478,ホウノキホソガ,ホオノキ,モクレン科,文献,日本産蛾類標準図鑑4,,寄主植物]ホオノキ(モクレン科).
hostplant-ZUKAN4-P086155-0236,119,species-0479,ガマホソガ,ヒメガマ,ガマ科,文献,日本産蛾類標準図鑑4,,[寄主植物]ヒメガマ(ガマ科).
hostplant-ZUKAN4-P086155-0237,119,species-0480,イチジクホソガ,イタビカズラ,クワ科,文献,日本産蛾類標準図鑑4,,[寄主植物】イチジク、イヌビワ、イタビカズラ、オオイタビ(以クワ科).
hostplant-ZUKAN4-P086155-0238,119,species-0480,イチジクホソガ,イチジク,クワ科,文献,日本産蛾類標準図鑑4,,[寄主植物】イチジク、イヌビワ、イタビカズラ、オオイタビ(以クワ科).
hostplant-ZUKAN4-P086155-0239,119,species-0480,イチジクホソガ,イヌビワ,クワ科,文献,日本産蛾類標準図鑑4,,[寄主植物】イチジク、イヌビワ、イタビカズラ、オオイタビ(以クワ科).
hostplant-ZUKAN4-P086155-0240,119,species-0480,イチジクホソガ,オオイタビ,クワ科,文献,日本産蛾類標準図鑑4,,[寄主植物】イチジク、イヌビワ、イタビカズラ、オオイタビ(以クワ科).
hostplant-ZUKAN4-P086155-0241,120,species-0481,ガジュマルホソガ,ガジュマル,クワ科,文献,日本産蛾類標準図鑑4,,[寄主植物]ガジュマル(クワ科).
hostplant-ZUKAN4-P086155-0242,120,species-0482,マメハモグリホソガ,ハマアズキ,マメ科,文献,日本産蛾類標準図鑑4,,[寄主植物]日本ではハマアズキ(マメ科)から得られたが、外国では、多くの栽培マメ類の害虫となっている。
hostplant-ZUKAN4-P086155-0243,120,species-0483,ハスノハカズラホソガ,ハスノハカズラ,ツヅラフジ科,文献,日本産蛾類標準図鑑4,,[寄主植物]ハスノハカズラ(ツツラフジ科).
hostplant-ZUKAN4-P086155-0244,121,species-0484,ヒサカキホソガ,ハマヒサカキ,モッコク科,文献,日本産蛾類標準図鑑4,,寄主植物]ヒサカキ、ハマヒサカキ(以上サカキ科).
hostplant-ZUKAN4-P086155-0245,121,species-0484,ヒサカキホソガ,ヒサカキ,モッコク科,文献,日本産蛾類標準図鑑4,,寄主植物]ヒサカキ、ハマヒサカキ(以上サカキ科).
hostplant-ZUKAN4-P086155-0246,121,species-0486,ヨモギホソガ,オオヨモギ,キク科,文献,日本産蛾類標準図鑑4,,[寄主植物]日本では、ヨモギ、オオヨモギなど(以上キク科)。国外でも、ヨモギ属植物が記録されている。
hostplant-ZUKAN4-P086155-0247,121,species-0486,ヨモギホソガ,ヨモギ,キク科,文献,日本産蛾類標準図鑑4,,[寄主植物]日本では、ヨモギ、オオヨモギなど(以上キク科)。国外でも、ヨモギ属植物が記録されている。
hostplant-ZUKAN4-P086155-0248,121,species-0486,ヨモギホソガ,ヨモギ属,キク科,野外（国外）,日本産蛾類標準図鑑4,,[寄主植物]日本では、ヨモギ、オオヨモギなど(以上キク科)。国外でも、ヨモギ属植物が記録されている。
hostplant-ZUKAN4-P086155-0249,121,species-0487,ヤマハハコホソガ,ヤマハハコ,キク科,文献,日本産蛾類標準図鑑4,,[寄主植物]ヤマハハコ(キク科).
hostplant-ZUKAN4-P086155-0250,122,species-0488,シイヒカリバホソガ,スダジイ,ブナ科,文献,日本産蛾類標準図鑑4,,寄主植物]ツブラジイ、スダジイ(以上ブナ科).
hostplant-ZUKAN4-P086155-0251,122,species-0488,シイヒカリバホソガ,ツブラジイ,ブナ科,文献,日本産蛾類標準図鑑4,,寄主植物]ツブラジイ、スダジイ(以上ブナ科).
hostplant-ZUKAN4-P086155-0252,122,species-0489,カバオビホソガ,オオバボンテンカ,アオイ科,文献,日本産蛾類標準図鑑4,,[寄主植物]オオバボンテンカ(アオイ科)。熱帯アジアでのラセンソウ(アオイ科)やジャスミン類(モクセイ科)などの記録は、寄主の誤同定によるものと思われる.
hostplant-ZUKAN4-P086155-0253,122,species-0490,イノコズチホソガ,ヒナタイノコヅチ,ヒユ科,文献,日本産蛾類標準図鑑4,,[奇主植物]ヒナタイノコヅチ(ヒユ科).
hostplant-ZUKAN4-P086155-0254,123,species-0491,サツマイモホソガ,サツマイモ,ヒルガオ科,文献,日本産蛾類標準図鑑4,,[寄主植物]サツマイモ、ハマヒルガオ(以上ヒルガオ科).
hostplant-ZUKAN4-P086155-0255,123,species-0491,サツマイモホソガ,ハマヒルガオ,ヒルガオ科,文献,日本産蛾類標準図鑑4,,[寄主植物]サツマイモ、ハマヒルガオ(以上ヒルガオ科).
hostplant-ZUKAN4-P086155-0256,123,species-0492,オオバボダイジュホソガ,オオバボダイジュ,アオイ科,文献,日本産蛾類標準図鑑4,,寄主植物]オオバボダイジュ(アオイ科).
hostplant-ZUKAN4-P086155-0257,123,species-0493,マツノカワホソガ,カラマツ,マツ科,文献,日本産蛾類標準図鑑4,,[奇主植物]カラマツ、トドマツ、ゴヨウマツなど(以上マツ科).
hostplant-ZUKAN4-P086155-0258,123,species-0493,マツノカワホソガ,ゴヨウマツ,マツ科,文献,日本産蛾類標準図鑑4,,[奇主植物]カラマツ、トドマツ、ゴヨウマツなど(以上マツ科).
hostplant-ZUKAN4-P086155-0259,123,species-0493,マツノカワホソガ,トドマツ,マツ科,文献,日本産蛾類標準図鑑4,,[奇主植物]カラマツ、トドマツ、ゴヨウマツなど(以上マツ科).
hostplant-ZUKAN4-P086155-0260,124,species-0494,ナシカワホソガ,ズミ,バラ科,文献,日本産蛾類標準図鑑4,,[奇主植物]リンゴ、ズミ、ナシなど(以上バラ科).
hostplant-ZUKAN4-P086155-0261,124,species-0494,ナシカワホソガ,ナシ,バラ科,文献,日本産蛾類標準図鑑4,,[奇主植物]リンゴ、ズミ、ナシなど(以上バラ科).
hostplant-ZUKAN4-P086155-0262,124,species-0494,ナシカワホソガ,リンゴ,バラ科,文献,日本産蛾類標準図鑑4,,[奇主植物]リンゴ、ズミ、ナシなど(以上バラ科).
hostplant-ZUKAN4-P086155-0263,124,species-0495,クリカワホソガ,クリ,ブナ科,文献,日本産蛾類標準図鑑4,,【寄主植物]クリ、ミズナラなど(以上:ブナ科).
hostplant-ZUKAN4-P086155-0264,124,species-0495,クリカワホソガ,ミズナラ,ブナ科,文献,日本産蛾類標準図鑑4,,【寄主植物]クリ、ミズナラなど(以上:ブナ科).
hostplant-ZUKAN4-P086155-0265,124,species-0496,クヌギカワホソガ,クヌギ,ブナ科,文献,日本産蛾類標準図鑑4,,[寄主植物]クヌギ(ブナ科).
hostplant-ZUKAN4-P086155-0266,124,species-0497,ツタホソガ,ツタ,ブドウ科,文献,日本産蛾類標準図鑑4,,[寄主植物]ツタ(ブドウ科).
hostplant-ZUKAN4-P086155-0267,125,species-0498,クズホソガ,クズ,マメ科,文献,日本産蛾類標準図鑑4,,[寄主植物]クズ、ヤマハギ、マルバハギ(以上マメ科).
hostplant-ZUKAN4-P086155-0268,125,species-0498,クズホソガ,マルバハギ,マメ科,文献,日本産蛾類標準図鑑4,,[寄主植物]クズ、ヤマハギ、マルバハギ(以上マメ科).
hostplant-ZUKAN4-P086155-0269,125,species-0498,クズホソガ,ヤマハギ,マメ科,文献,日本産蛾類標準図鑑4,,[寄主植物]クズ、ヤマハギ、マルバハギ(以上マメ科).
hostplant-ZUKAN4-P086155-0270,125,species-0499,ギンモンカワホソガ,ケヤマハンノキ,カバノキ科,文献,日本産蛾類標準図鑑4,,[寄主植物]ケヤマハンノキ(カバノキ科).
hostplant-ZUKAN4-P086155-0271,126,species-0509,ギンモンツヤホソガ,ハギ,マメ科,文献,日本産蛾類標準図鑑4,,[寄主植物]マルバハギ、ハギ(以上マメ科).
hostplant-ZUKAN4-P086155-0272,126,species-0509,ギンモンツヤホソガ,マルバハギ,マメ科,文献,日本産蛾類標準図鑑4,,[寄主植物]マルバハギ、ハギ(以上マメ科).
hostplant-ZUKAN4-P086155-0273,126,species-0510,ミツオビツヤホソガ,クズ,マメ科,文献,日本産蛾類標準図鑑4,,[寄主植物]クズ(マメ科).
hostplant-ZUKAN4-P086155-0274,126,species-0511,クズツヤホソガ,クズ,マメ科,文献,日本産蛾類標準図鑑4,,[寄主植物]クズ、ヤブマメ(以上マメ科).
hostplant-ZUKAN4-P086155-0275,126,species-0511,クズツヤホソガ,ヤブマメ,マメ科,文献,日本産蛾類標準図鑑4,,[寄主植物]クズ、ヤブマメ(以上マメ科).
hostplant-ZUKAN4-P086155-0276,127,species-0512,ヌスビトハギツヤホソガ,ヌスビトハギ,マメ科,文献,日本産蛾類標準図鑑4,ページまたぎを原図で補完,
hostplant-ZUKAN4-P086155-0277,127,species-0513,ハギツヤホソガ,マルバハギ,マメ科,文献,日本産蛾類標準図鑑4,原図で補完,
hostplant-ZUKAN4-P086155-0278,127,species-0514,フジツヤホソガ,フジ,マメ科,文献,日本産蛾類標準図鑑4,,寄主植物]フジ(マメ科).
hostplant-ZUKAN4-P086155-0279,127,species-0515,モミジニセキンホソガ,イロハモミジ,ムクロジ科,文献,日本産蛾類標準図鑑4,,[寄主植物]イロハモミジ、ハウチワカエデ(以上ムクロジ科)。
hostplant-ZUKAN4-P086155-0280,127,species-0515,モミジニセキンホソガ,ハウチワカエデ,ムクロジ科,文献,日本産蛾類標準図鑑4,,[寄主植物]イロハモミジ、ハウチワカエデ(以上ムクロジ科)。
hostplant-ZUKAN4-P086155-0281,128,species-0516,イタヤニセキンホソガ,イタヤカエデ,ムクロジ科,文献,日本産蛾類標準図鑑4,,[寄主植物]イタヤカエデ(ムクロジ科).
hostplant-ZUKAN4-P086155-0282,128,species-0517,ガマズミニセキンホソガ,オオカメノキ,ガマズミ科,文献,日本産蛾類標準図鑑4,,"[寄主植物]コバノガマズミ、ゴマギ,オオカメノキなどのガマズミ属(以上ガマズミ科)."
hostplant-ZUKAN4-P086155-0283,128,species-0517,ガマズミニセキンホソガ,ガマズミ属,ガマズミ科,文献,日本産蛾類標準図鑑4,,"[寄主植物]コバノガマズミ、ゴマギ,オオカメノキなどのガマズミ属(以上ガマズミ科)."
hostplant-ZUKAN4-P086155-0284,128,species-0517,ガマズミニセキンホソガ,コバノガマズミ,ガマズミ科,文献,日本産蛾類標準図鑑4,,"[寄主植物]コバノガマズミ、ゴマギ,オオカメノキなどのガマズミ属(以上ガマズミ科)."
hostplant-ZUKAN4-P086155-0285,128,species-0517,ガマズミニセキンホソガ,ゴマギ,ガマズミ科,文献,日本産蛾類標準図鑑4,,"[寄主植物]コバノガマズミ、ゴマギ,オオカメノキなどのガマズミ属(以上ガマズミ科)."
hostplant-ZUKAN4-P086155-0286,128,species-0518,ハンノチビキンモンホソガ,ケヤマハンノキ,カバノキ科,文献,日本産蛾類標準図鑑4,,[寄主植物]日本ではケヤマハンノキ(カバノキ科)、ヨーロッパ長い間用いられてきたLithocolletisの属名は、Phyllonorycterのシノニムである。本属は全世界から350種以上が記載されている、熱帯アジア、オーストラリア、アフリカ、南アメリカ地域からの記録は少ない.何度かグループ分けが試みられ、発表されたが、いまだ
hostplant-ZUKAN4-P086155-0287,128,species-0518,ハンノチビキンモンホソガ,ハンノキ類,カバノキ科,野外（国外）,日本産蛾類標準図鑑4,ヨーロッパの記録を原図で補完,
hostplant-ZUKAN4-P086155-0288,129,species-0519,ナカボシキンモンホソガ,ケヤマハンノキ,カバノキ科,文献,日本産蛾類標準図鑑4,,[寄主植物]ケヤマハンノキ(カバノキ科).
hostplant-ZUKAN4-P086155-0289,129,species-0520,アカシデキンモンホソガ,アカシデ,カバノキ科,文献,日本産蛾類標準図鑑4,,[寄主植物]アカシデ(カバノキ科).
hostplant-ZUKAN4-P086155-0290,129,species-0521,アサダキンモンホソガ,アサダ,カバノキ科,文献,日本産蛾類標準図鑑4,原図で補完,
hostplant-ZUKAN4-P086155-0291,130,species-0522,ハシバミキンモンホソガ,ツノハシバミ,カバノキ科,文献,日本産蛾類標準図鑑4,,[寄主植物]ツノハシバミ(カバノキ科).
hostplant-ZUKAN4-P086155-0292,130,species-0523,ヒコサンキンモンホソガ,イヌシデ,カバノキ科,文献,日本産蛾類標準図鑑4,原図で補完,
hostplant-ZUKAN4-P086155-0293,130,species-0524,クヌギキンモンホソガ,アベマキ,ブナ科,文献,日本産蛾類標準図鑑4,原図で補完,
hostplant-ZUKAN4-P086155-0294,130,species-0524,クヌギキンモンホソガ,クヌギ,ブナ科,文献,日本産蛾類標準図鑑4,原図で補完,
hostplant-ZUKAN4-P086155-0295,131,species-0525,ミスジキンモンホソガ,クリ,ブナ科,文献,日本産蛾類標準図鑑4,,[寄主植物]ミズナラ、コナラ、クリ(以上ブナ科).
hostplant-ZUKAN4-P086155-0296,131,species-0525,ミスジキンモンホソガ,コナラ,ブナ科,文献,日本産蛾類標準図鑑4,,[寄主植物]ミズナラ、コナラ、クリ(以上ブナ科).
hostplant-ZUKAN4-P086155-0297,131,species-0525,ミスジキンモンホソガ,ミズナラ,ブナ科,文献,日本産蛾類標準図鑑4,,[寄主植物]ミズナラ、コナラ、クリ(以上ブナ科).
hostplant-ZUKAN4-P086155-0298,131,species-0526,ニセクヌギキンモンホソガ,アベマキ,ブナ科,文献,日本産蛾類標準図鑑4,,寄主植物]クヌギ、アベマキ、ミズナラ、ナラガシワ(以上ブナ科).
hostplant-ZUKAN4-P086155-0299,131,species-0526,ニセクヌギキンモンホソガ,クヌギ,ブナ科,文献,日本産蛾類標準図鑑4,,寄主植物]クヌギ、アベマキ、ミズナラ、ナラガシワ(以上ブナ科).
hostplant-ZUKAN4-P086155-0300,131,species-0526,ニセクヌギキンモンホソガ,ナラガシワ,ブナ科,文献,日本産蛾類標準図鑑4,,寄主植物]クヌギ、アベマキ、ミズナラ、ナラガシワ(以上ブナ科).
hostplant-ZUKAN4-P086155-0301,131,species-0526,ニセクヌギキンモンホソガ,ミズナラ,ブナ科,文献,日本産蛾類標準図鑑4,,寄主植物]クヌギ、アベマキ、ミズナラ、ナラガシワ(以上ブナ科).
hostplant-ZUKAN4-P086155-0302,131,species-0527,カシワミスジキンモンホソガ,カシワ,ブナ科,文献,日本産蛾類標準図鑑4,,寄主植物]カシワ(ブナ科).
hostplant-ZUKAN4-P086155-0303,131,species-0528,ネジロキンモンホソガ,カシワ,ブナ科,文献,日本産蛾類標準図鑑4,,"寄主植物]カシワ,ミズナラ(以上ブナ科)."
hostplant-ZUKAN4-P086155-0304,131,species-0528,ネジロキンモンホソガ,ミズナラ,ブナ科,文献,日本産蛾類標準図鑑4,,"寄主植物]カシワ,ミズナラ(以上ブナ科)."
hostplant-ZUKAN4-P086155-0305,132,species-0529,カミジョウキンモンホソガ,クヌギ,ブナ科,文献,日本産蛾類標準図鑑4,,[寄主植物]クヌギ(ブナ科).
hostplant-ZUKAN4-P086155-0306,132,species-0530,ナラキンモンホソガ,コナラ,ブナ科,文献,日本産蛾類標準図鑑4,,[寄主植物]コナラ、ミズナラ(以上ブナ科).132
hostplant-ZUKAN4-P086155-0307,132,species-0530,ナラキンモンホソガ,ミズナラ,ブナ科,文献,日本産蛾類標準図鑑4,,[寄主植物]コナラ、ミズナラ(以上ブナ科).132
hostplant-ZUKAN4-P086155-0308,132,species-0531,ヒメキンモンホソガ,クリ,ブナ科,文献,日本産蛾類標準図鑑4,,[寄主植物]ミズナラ、クリ(以上ブナ科).
hostplant-ZUKAN4-P086155-0309,132,species-0531,ヒメキンモンホソガ,ミズナラ,ブナ科,文献,日本産蛾類標準図鑑4,,[寄主植物]ミズナラ、クリ(以上ブナ科).
hostplant-ZUKAN4-P086155-0310,133,species-0532,マツダキンモンホソガ,ミズナラ,ブナ科,文献,日本産蛾類標準図鑑4,,[寄主植物]ミズナラ(ブナ科).
hostplant-ZUKAN4-P086155-0311,133,species-0533,ブナキンモンホソガ,ブナ,ブナ科,文献,日本産蛾類標準図鑑4,原図で補完,
hostplant-ZUKAN4-P086155-0312,133,species-0534,ハスオビキンモンホソガ,クヌギ,ブナ科,文献,日本産蛾類標準図鑑4,,[寄主植物]クヌギ、ミズナラ、コナラ(以上ブナ科)。
hostplant-ZUKAN4-P086155-0313,133,species-0534,ハスオビキンモンホソガ,コナラ,ブナ科,文献,日本産蛾類標準図鑑4,,[寄主植物]クヌギ、ミズナラ、コナラ(以上ブナ科)。
hostplant-ZUKAN4-P086155-0314,133,species-0534,ハスオビキンモンホソガ,ミズナラ,ブナ科,文献,日本産蛾類標準図鑑4,,[寄主植物]クヌギ、ミズナラ、コナラ(以上ブナ科)。
hostplant-ZUKAN4-P086155-0315,134,species-0535,ナカオビキンモンホソガ,コナラ,ブナ科,文献,日本産蛾類標準図鑑4,,[寄主植物]ミズナラ、コナラ(以上ブナ科)。
hostplant-ZUKAN4-P086155-0316,134,species-0535,ナカオビキンモンホソガ,ミズナラ,ブナ科,文献,日本産蛾類標準図鑑4,,[寄主植物]ミズナラ、コナラ(以上ブナ科)。
hostplant-ZUKAN4-P086155-0317,134,species-0536,ミズナラキンモンホソガ,コナラ,ブナ科,文献,日本産蛾類標準図鑑4,,[寄主植物]ミズナラ、コナラ(以上ブナ科).
hostplant-ZUKAN4-P086155-0318,134,species-0536,ミズナラキンモンホソガ,ミズナラ,ブナ科,文献,日本産蛾類標準図鑑4,,[寄主植物]ミズナラ、コナラ(以上ブナ科).
hostplant-ZUKAN4-P086155-0319,134,species-0537,ガマズミキンモンホソガ,ガマズミ,ガマズミ科,文献,日本産蛾類標準図鑑4,ページまたぎを原図で補完,
hostplant-ZUKAN4-P086155-0320,134,species-0537,ガマズミキンモンホソガ,コバノガマズミ,ガマズミ科,文献,日本産蛾類標準図鑑4,ページまたぎを原図で補完,
hostplant-ZUKAN4-P086155-0321,134,species-0537,ガマズミキンモンホソガ,ミヤマガマズミ,ガマズミ科,文献,日本産蛾類標準図鑑4,ページまたぎを原図で補完,
hostplant-ZUKAN4-P086155-0322,135,species-0538,ツルギキンモンホソガ,アカシデ,カバノキ科,文献,日本産蛾類標準図鑑4,,[寄主植物]サワシバ、アカシデ、アサダ(以上カバノキ科).
hostplant-ZUKAN4-P086155-0323,135,species-0538,ツルギキンモンホソガ,アサダ,カバノキ科,文献,日本産蛾類標準図鑑4,,[寄主植物]サワシバ、アカシデ、アサダ(以上カバノキ科).
hostplant-ZUKAN4-P086155-0324,135,species-0538,ツルギキンモンホソガ,サワシバ,カバノキ科,文献,日本産蛾類標準図鑑4,,[寄主植物]サワシバ、アカシデ、アサダ(以上カバノキ科).
hostplant-ZUKAN4-P086155-0325,135,species-0540,サンザシキンモンホソガ,クロミサンザシ,バラ科,文献,日本産蛾類標準図鑑4,,[寄主植物]クロミサンザシ(バラ科).
hostplant-ZUKAN4-P086155-0326,135,species-0541,ナナカマドキンモンホソガ,アズキナシ,バラ科,文献,日本産蛾類標準図鑑4,,[寄主植物]ナナカマド、ウラジロナナカマド、アズキナシ、リ135
hostplant-ZUKAN4-P086155-0327,135,species-0541,ナナカマドキンモンホソガ,ウラジロナナカマド,バラ科,文献,日本産蛾類標準図鑑4,,[寄主植物]ナナカマド、ウラジロナナカマド、アズキナシ、リ135
hostplant-ZUKAN4-P086155-0328,135,species-0541,ナナカマドキンモンホソガ,ナナカマド,バラ科,文献,日本産蛾類標準図鑑4,,[寄主植物]ナナカマド、ウラジロナナカマド、アズキナシ、リ135
hostplant-ZUKAN4-P086155-0329,135,species-0541,ナナカマドキンモンホソガ,リンゴ,バラ科,文献,日本産蛾類標準図鑑4,ページまたぎを原図で補完,
hostplant-ZUKAN4-P086155-0330,136,species-0542,アイヌキンモンホソガ,ホザキシモツケ,バラ科,文献,日本産蛾類標準図鑑4,,[寄主植物]ホザキシモツケ(バラ科).
hostplant-ZUKAN4-P086155-0331,136,species-0543,キンスジシロホソガ,カシワ,ブナ科,文献,日本産蛾類標準図鑑4,,[寄主植物]カシワ、コナラ(以上ブナ科).
hostplant-ZUKAN4-P086155-0332,136,species-0543,キンスジシロホソガ,コナラ,ブナ科,文献,日本産蛾類標準図鑑4,,[寄主植物]カシワ、コナラ(以上ブナ科).
hostplant-ZUKAN4-P086155-0333,137,species-0544,イッシキキンモンホソガ,オオバボダイジュ,アオイ科,文献,日本産蛾類標準図鑑4,,[寄主植物]シナノキ、オオバボダイジュ(以上アオイ科).
hostplant-ZUKAN4-P086155-0334,137,species-0544,イッシキキンモンホソガ,シナノキ,アオイ科,文献,日本産蛾類標準図鑑4,,[寄主植物]シナノキ、オオバボダイジュ(以上アオイ科).
hostplant-ZUKAN4-P086155-0335,137,species-0545,クロコキンモンホソガ,イタヤカエデ,ムクロジ科,文献,日本産蛾類標準図鑑4,,[寄主植物]イタヤカエデ(ムクロジ科).
hostplant-ZUKAN4-P086155-0336,137,species-0546,エゾキンモンホソガ,イタヤカエデ,ムクロジ科,文献,日本産蛾類標準図鑑4,,寄主植物]イタヤカエデ(ムクロジ科).
hostplant-ZUKAN4-P086155-0337,138,species-0547,ウチダキンモンホソガ,アズキナシ,バラ科,文献,日本産蛾類標準図鑑4,,[寄主植物]アズキナシ(バラ科).
hostplant-ZUKAN4-P086155-0338,138,species-0548,ハンノキンモンホソガ,ケヤマハンノキ,カバノキ科,文献,日本産蛾類標準図鑑4,,[寄主植物]ハンノキ、ケヤマハンノキ(以上カバノキ科).[分類]亜種区分はされていない。
hostplant-ZUKAN4-P086155-0339,138,species-0548,ハンノキンモンホソガ,ハンノキ,カバノキ科,文献,日本産蛾類標準図鑑4,,[寄主植物]ハンノキ、ケヤマハンノキ(以上カバノキ科).[分類]亜種区分はされていない。
hostplant-ZUKAN4-P086155-0340,138,species-0549,ミヤマキンモンホソガ,ダケカンバ,カバノキ科,文献,日本産蛾類標準図鑑4,,[寄主植物]ダケカンバ(カバノキ科).
hostplant-ZUKAN4-P086155-0341,139,species-0550,ヤマトキンモンホソガ,アカシデ,カバノキ科,文献,日本産蛾類標準図鑑4,,[寄主植物]アカシデ、イヌシデ、オオハシバミ、アサダ(以上[分類]亜種区分はされていない。ダケカンバ
hostplant-ZUKAN4-P086155-0342,139,species-0550,ヤマトキンモンホソガ,アサダ,カバノキ科,文献,日本産蛾類標準図鑑4,,[寄主植物]アカシデ、イヌシデ、オオハシバミ、アサダ(以上[分類]亜種区分はされていない。ダケカンバ
hostplant-ZUKAN4-P086155-0343,139,species-0550,ヤマトキンモンホソガ,イヌシデ,カバノキ科,文献,日本産蛾類標準図鑑4,,[寄主植物]アカシデ、イヌシデ、オオハシバミ、アサダ(以上[分類]亜種区分はされていない。ダケカンバ
hostplant-ZUKAN4-P086155-0344,139,species-0550,ヤマトキンモンホソガ,オオハシバミ,カバノキ科,文献,日本産蛾類標準図鑑4,,[寄主植物]アカシデ、イヌシデ、オオハシバミ、アサダ(以上[分類]亜種区分はされていない。ダケカンバ
hostplant-ZUKAN4-P086155-0345,140,species-0552,ネジキキンモンホソガ,ネジキ,ツツジ科,文献,日本産蛾類標準図鑑4,,[寄主植物]ネジキ(ツツジ科).
hostplant-ZUKAN4-P086155-0346,140,species-0553,エゴノキキンモンホソガ,エゴノキ,エゴノキ科,文献,日本産蛾類標準図鑑4,,[寄主植物]エゴノキ(エゴノキ科).140
hostplant-ZUKAN4-P086155-0347,140,species-0554,クルミキンモンホソガ,オニグルミ,クルミ科,文献,日本産蛾類標準図鑑4,,寄主植物]オニグルミ、サワグルミ(以上クルミ科).
hostplant-ZUKAN4-P086155-0348,140,species-0554,クルミキンモンホソガ,サワグルミ,クルミ科,文献,日本産蛾類標準図鑑4,,寄主植物]オニグルミ、サワグルミ(以上クルミ科).
hostplant-ZUKAN4-P086155-0349,141,species-0555,ハスオビヤナギキンモンホソガ,シダレヤナギ,ヤナギ科,文献,日本産蛾類標準図鑑4,,寄主植物]ヤナギ類(ヤナギ科)、とくにシダレヤナギのように、葉が薄く毛の少ない種類を選択しているようである。
hostplant-ZUKAN4-P086155-0350,141,species-0555,ハスオビヤナギキンモンホソガ,ヤナギ類,ヤナギ科,文献,日本産蛾類標準図鑑4,,寄主植物]ヤナギ類(ヤナギ科)、とくにシダレヤナギのように、葉が薄く毛の少ない種類を選択しているようである。
hostplant-ZUKAN4-P086155-0351,141,species-0556,ヤナギキンモンホソガ,ヤナギ類,ヤナギ科,文献,日本産蛾類標準図鑑4,,[寄主植物]ヤナギ類(ヤナギ科).
hostplant-ZUKAN4-P086155-0352,141,species-0557,フトオビキンモンホソガ,バッコヤナギ,ヤナギ科,文献,日本産蛾類標準図鑑4,,[寄主植物]バッコヤナギ(ヤナギ科).
hostplant-ZUKAN4-P086155-0353,142,species-0558,クサフジキンモンホソガ,ハマエンドウ,マメ科,文献,日本産蛾類標準図鑑4,,寄主植物]ヒロハクサフジ、ハマエンドウ(以上マメ科).
hostplant-ZUKAN4-P086155-0354,142,species-0558,クサフジキンモンホソガ,ヒロハクサフジ,マメ科,文献,日本産蛾類標準図鑑4,,寄主植物]ヒロハクサフジ、ハマエンドウ(以上マメ科).
hostplant-ZUKAN4-P086155-0355,142,species-0559,カラコギカエデキンモンホソガ,カラコギカエデ,ムクロジ科,文献,日本産蛾類標準図鑑4,,[寄主植物]カラコギカエデ(ムクロジ科).
hostplant-ZUKAN4-P086155-0356,142,species-0560,カエデキンモンホソガ,イタヤカエデ,ムクロジ科,文献,日本産蛾類標準図鑑4,,[寄主植物]イタヤカエデ、イロハモミジ、チドリノキ、カジカ
hostplant-ZUKAN4-P086155-0357,142,species-0560,カエデキンモンホソガ,イロハモミジ,ムクロジ科,文献,日本産蛾類標準図鑑4,,[寄主植物]イタヤカエデ、イロハモミジ、チドリノキ、カジカ
hostplant-ZUKAN4-P086155-0358,142,species-0560,カエデキンモンホソガ,カエデ類,ムクロジ科,文献,日本産蛾類標準図鑑4,段末で切れた行を原図で補完,
hostplant-ZUKAN4-P086155-0359,142,species-0560,カエデキンモンホソガ,カジカエデ,ムクロジ科,文献,日本産蛾類標準図鑑4,段末で切れた行を原図で補完,
hostplant-ZUKAN4-P086155-0360,142,species-0560,カエデキンモンホソガ,チドリノキ,ムクロジ科,文献,日本産蛾類標準図鑑4,,[寄主植物]イタヤカエデ、イロハモミジ、チドリノキ、カジカ
hostplant-ZUKAN4-P086155-0361,143,species-0561,サワグルミキンモンホソガ,オニグルミ,クルミ科,文献,日本産蛾類標準図鑑4,,[寄主植物]オニグルミ、サワグルミ、ノグルミ(以上クルミ科).
hostplant-ZUKAN4-P086155-0362,143,species-0561,サワグルミキンモンホソガ,サワグルミ,クルミ科,文献,日本産蛾類標準図鑑4,,[寄主植物]オニグルミ、サワグルミ、ノグルミ(以上クルミ科).
hostplant-ZUKAN4-P086155-0363,143,species-0561,サワグルミキンモンホソガ,ノグルミ,クルミ科,文献,日本産蛾類標準図鑑4,,[寄主植物]オニグルミ、サワグルミ、ノグルミ(以上クルミ科).
hostplant-ZUKAN4-P086155-0364,143,species-0562,マダラキンモンホソガ,ポプラ類,ヤナギ科,文献,日本産蛾類標準図鑑4,日本で羽化個体を本種と同定,
hostplant-ZUKAN4-P086155-0365,143,species-0562,マダラキンモンホソガ,ヤナギ類,ヤナギ科,野外（国外）,日本産蛾類標準図鑑4,国内のヤナギ類個体は別種の可能性があるためヨーロッパ記録のみ採用,
hostplant-ZUKAN4-P086155-0366,143,species-0564,カバノキンモンホソガ,ウダイカンバ,カバノキ科,文献,日本産蛾類標準図鑑4,,"[寄主植物]シラカンバ,ダケカンバ、ウダイカンバなどカバノキ属(以上カバノキ科)."
hostplant-ZUKAN4-P086155-0367,143,species-0564,カバノキンモンホソガ,カバノキ属,カバノキ科,文献,日本産蛾類標準図鑑4,,"[寄主植物]シラカンバ,ダケカンバ、ウダイカンバなどカバノキ属(以上カバノキ科)."
hostplant-ZUKAN4-P086155-0368,143,species-0564,カバノキンモンホソガ,シラカンバ,カバノキ科,文献,日本産蛾類標準図鑑4,,"[寄主植物]シラカンバ,ダケカンバ、ウダイカンバなどカバノキ属(以上カバノキ科)."
hostplant-ZUKAN4-P086155-0369,143,species-0564,カバノキンモンホソガ,ダケカンバ,カバノキ科,文献,日本産蛾類標準図鑑4,,"[寄主植物]シラカンバ,ダケカンバ、ウダイカンバなどカバノキ属(以上カバノキ科)."
hostplant-ZUKAN4-P086155-0370,144,species-0565,ツマスジキンモンホソガ,カバノキ属,カバノキ科,文献,日本産蛾類標準図鑑4,,[寄主植物」シラカンバなどカバノキ属(カバノキ科).
hostplant-ZUKAN4-P086155-0371,144,species-0565,ツマスジキンモンホソガ,シラカンバ,カバノキ科,文献,日本産蛾類標準図鑑4,,[寄主植物」シラカンバなどカバノキ属(カバノキ科).
hostplant-ZUKAN4-P086155-0372,144,species-0566,ズグロキンモンホソガ,ツツジ類,ツツジ科,文献,日本産蛾類標準図鑑4,,[寄主植物]ツツジ類の1種(ツツジ科)、
hostplant-ZUKAN4-P086155-0373,144,species-0567,キンモンホソガ,エゾノコリンゴ,バラ科,文献,日本産蛾類標準図鑑4,,[寄主植物]リンゴ、ズミ、エゾノコリンゴなど(以上バラ科).
hostplant-ZUKAN4-P086155-0374,144,species-0567,キンモンホソガ,ズミ,バラ科,文献,日本産蛾類標準図鑑4,,[寄主植物]リンゴ、ズミ、エゾノコリンゴなど(以上バラ科).
hostplant-ZUKAN4-P086155-0375,144,species-0567,キンモンホソガ,リンゴ,バラ科,文献,日本産蛾類標準図鑑4,,[寄主植物]リンゴ、ズミ、エゾノコリンゴなど(以上バラ科).
hostplant-ZUKAN4-P086155-0376,145,species-0569,ツヤオビキンモンホソガ,ケヤマハンノキ,カバノキ科,文献,日本産蛾類標準図鑑4,,[寄主植物]ヤチハンノキ、ケヤマハンノキ(以上カバノキ科).
hostplant-ZUKAN4-P086155-0377,145,species-0569,ツヤオビキンモンホソガ,ヤチハンノキ,カバノキ科,文献,日本産蛾類標準図鑑4,,[寄主植物]ヤチハンノキ、ケヤマハンノキ(以上カバノキ科).
hostplant-ZUKAN4-P086155-0378,145,species-0570,キソキンモンホソガ,ケヤマハンノキ,カバノキ科,文献,日本産蛾類標準図鑑4,,寄主植物]ケヤマハンノキ(カバノキ科).145
hostplant-ZUKAN4-P086155-0379,146,species-0572,タカギキンモンホソガ,ヤチハンノキ,カバノキ科,文献,日本産蛾類標準図鑑4,,[寄主植物]ヤチハンノキ(カバノキ科).
hostplant-ZUKAN4-P086155-0380,147,species-0573,ミツオビキンモンホソガ,ケヤキ,ニレ科,文献,日本産蛾類標準図鑑4,,寄主植物]ケヤキ(ニレ科).
hostplant-ZUKAN4-P086155-0381,147,species-0574,ニレキンモンホソガ,オヒョウ,ニレ科,文献,日本産蛾類標準図鑑4,,[寄主植物]ハルニレ、オヒョウ(以上ニレ科)。
hostplant-ZUKAN4-P086155-0382,147,species-0574,ニレキンモンホソガ,ハルニレ,ニレ科,文献,日本産蛾類標準図鑑4,,[寄主植物]ハルニレ、オヒョウ(以上ニレ科)。
hostplant-ZUKAN4-P086155-0383,147,species-0575,フタオビキンモンホソガ,ハルニレ,ニレ科,文献,日本産蛾類標準図鑑4,,寄主植物]ハルニレ(ニレ科).
hostplant-ZUKAN4-P086155-0384,147,species-0576,オヒョウキンモンホソガ,オヒョウ,ニレ科,文献,日本産蛾類標準図鑑4,原図で補完,
hostplant-ZUKAN4-P086155-0385,148,species-0577,ケヤキキンモンホソガ,ケヤキ,ニレ科,文献,日本産蛾類標準図鑑4,,[寄主植物]ケヤキ(ニレ科).
hostplant-ZUKAN4-P086155-0386,148,species-0578,コゴメウツギキンモンホソガ,コゴメウツギ,バラ科,文献,日本産蛾類標準図鑑4,,寄主植物]コゴメウツギ(バラ科).148
hostplant-ZUKAN4-P086155-0387,148,species-0579,スイカズラキンモンホソガ,スイカズラ,スイカズラ科,文献,日本産蛾類標準図鑑4,,[寄主植物]スイカズラ(スイカズラ科).
hostplant-ZUKAN4-P086155-0388,149,species-0580,エノキキンモンホソガ,エゾエノキ,アサ科,文献,日本産蛾類標準図鑑4,,寄主植物]エノキ、エゾエノキ(以上アサ科).
hostplant-ZUKAN4-P086155-0389,149,species-0580,エノキキンモンホソガ,エノキ,アサ科,文献,日本産蛾類標準図鑑4,,寄主植物]エノキ、エゾエノキ(以上アサ科).
hostplant-ZUKAN4-P086155-0390,149,species-0581,エノキヒメキンモンホソガ,エゾエノキ,アサ科,文献,日本産蛾類標準図鑑4,,[寄主植物]エノキ、エゾエノキ(以上アサ科).
hostplant-ZUKAN4-P086155-0391,149,species-0581,エノキヒメキンモンホソガ,エノキ,アサ科,文献,日本産蛾類標準図鑑4,,[寄主植物]エノキ、エゾエノキ(以上アサ科).
hostplant-ZUKAN4-P086155-0392,149,species-0582,ナカグロキンモンホソガ,Rubus属,バラ科,文献,日本産蛾類標準図鑑4,,[寄主植物]バライチゴなどRubus属(バラ科).
hostplant-ZUKAN4-P086155-0393,149,species-0582,ナカグロキンモンホソガ,バライチゴ,バラ科,文献,日本産蛾類標準図鑑4,,[寄主植物]バライチゴなどRubus属(バラ科).
hostplant-ZUKAN4-P086155-0394,150,species-0583,コケモモキンモンホソガ,ツルコケモモ,ツツジ科,文献,日本産蛾類標準図鑑4,,[寄主植物]ツルコケモモ(ツツジ科).
hostplant-ZUKAN4-P086155-0395,150,species-0584,チビキンモンホソガ,シバハギ,マメ科,文献,日本産蛾類標準図鑑4,,[寄主植物]シバハギ、フジボグサなど(以上マメ科).
hostplant-ZUKAN4-P086155-0396,150,species-0584,チビキンモンホソガ,フジボグサ,マメ科,文献,日本産蛾類標準図鑑4,,[寄主植物]シバハギ、フジボグサなど(以上マメ科).
hostplant-ZUKAN4-P086155-0397,150,species-0585,ミナミチビキンモンホソガ,タイワンクズ,マメ科,文献,日本産蛾類標準図鑑4,,寄主植物]タイワンクズ、ヌスビトハギなど(以上マメ科).
hostplant-ZUKAN4-P086155-0398,150,species-0585,ミナミチビキンモンホソガ,ヌスビトハギ,マメ科,文献,日本産蛾類標準図鑑4,,寄主植物]タイワンクズ、ヌスビトハギなど(以上マメ科).
hostplant-ZUKAN4-P086155-0399,151,species-0586,キヅタオビギンホソガ,キヅタ,ウコギ科,文献,日本産蛾類標準図鑑4,,[寄主植物]キヅタ(ウコギ科).
hostplant-ZUKAN4-P086155-0400,151,species-0587,イヌツゲオビギンホソガ,イヌツゲ,モチノキ科,文献,日本産蛾類標準図鑑4,,[寄主植物」ハイイヌツゲ、イヌツゲ、クロガネモチ(以上モチノキ科).
hostplant-ZUKAN4-P086155-0401,151,species-0587,イヌツゲオビギンホソガ,クロガネモチ,モチノキ科,文献,日本産蛾類標準図鑑4,,[寄主植物」ハイイヌツゲ、イヌツゲ、クロガネモチ(以上モチノキ科).
hostplant-ZUKAN4-P086155-0402,151,species-0587,イヌツゲオビギンホソガ,ハイイヌツゲ,モチノキ科,文献,日本産蛾類標準図鑑4,,[寄主植物」ハイイヌツゲ、イヌツゲ、クロガネモチ(以上モチノキ科).
hostplant-ZUKAN4-P086155-0403,152,species-0588,ハリギリオビギンホソガ,ハリギリ,ウコギ科,文献,日本産蛾類標準図鑑4,,奇主植物]ハリギリ(ウコギ科).
hostplant-ZUKAN4-P086155-0404,152,species-0589,ヒラノオビギンホソガ,エゴノキ,エゴノキ科,文献,日本産蛾類標準図鑑4,,[寄主植物]エゴノキ(エゴノキ科).
hostplant-ZUKAN4-P086155-0405,152,species-0590,ヤチダモハイオビホソガ,ネズミモチ,モクセイ科,文献,日本産蛾類標準図鑑4,,[奇主植物]マルバアオダモ、ネズミモチ(以上モクセイ科).
hostplant-ZUKAN4-P086155-0406,152,species-0590,ヤチダモハイオビホソガ,マルバアオダモ,モクセイ科,文献,日本産蛾類標準図鑑4,,[奇主植物]マルバアオダモ、ネズミモチ(以上モクセイ科).
hostplant-ZUKAN4-P086155-0407,153,species-0591,ハシドイハイオビホソガ,ハシドイ,モクセイ科,文献,日本産蛾類標準図鑑4,ページまたぎを原図で補完,
hostplant-ZUKAN4-P086155-0408,154,species-0594,ミカンコハモグリ,Citrus属,ミカン科,文献,日本産蛾類標準図鑑4,,"[寄主植物]ウンシュウミカン、ユズ、スダチ、レモンなどのCitrus属,キンカン、カラタチ(以上ミカン科)."
hostplant-ZUKAN4-P086155-0409,154,species-0594,ミカンコハモグリ,ウンシュウミカン,ミカン科,文献,日本産蛾類標準図鑑4,,"[寄主植物]ウンシュウミカン、ユズ、スダチ、レモンなどのCitrus属,キンカン、カラタチ(以上ミカン科)."
hostplant-ZUKAN4-P086155-0410,154,species-0594,ミカンコハモグリ,カラタチ,ミカン科,文献,日本産蛾類標準図鑑4,,"[寄主植物]ウンシュウミカン、ユズ、スダチ、レモンなどのCitrus属,キンカン、カラタチ(以上ミカン科)."
hostplant-ZUKAN4-P086155-0411,154,species-0594,ミカンコハモグリ,キンカン,ミカン科,文献,日本産蛾類標準図鑑4,,"[寄主植物]ウンシュウミカン、ユズ、スダチ、レモンなどのCitrus属,キンカン、カラタチ(以上ミカン科)."
hostplant-ZUKAN4-P086155-0412,154,species-0594,ミカンコハモグリ,スダチ,ミカン科,文献,日本産蛾類標準図鑑4,原図で補完,
hostplant-ZUKAN4-P086155-0413,154,species-0594,ミカンコハモグリ,ユズ,ミカン科,文献,日本産蛾類標準図鑑4,,"[寄主植物]ウンシュウミカン、ユズ、スダチ、レモンなどのCitrus属,キンカン、カラタチ(以上ミカン科)."
hostplant-ZUKAN4-P086155-0414,154,species-0594,ミカンコハモグリ,レモン,ミカン科,文献,日本産蛾類標準図鑑4,,"[寄主植物]ウンシュウミカン、ユズ、スダチ、レモンなどのCitrus属,キンカン、カラタチ(以上ミカン科)."
hostplant-ZUKAN4-P086155-0415,154,species-0595,ヤナギコハモグリ,Salix属,ヤナギ科,文献,日本産蛾類標準図鑑4,,"[寄主植物]ネコヤナギ、イヌコリヤナギ、オノエヤナギ、カワヤナギ、エゾノカワヤナギ,バッコヤナギ、ヤマヤナギ、ミヤマヤナギ、コゴメヤナギ、タチヤナギ、シダレヤナギ、アカメヤナギなどSalix属、ヤマナラシ(以上ヤナギ科)."
hostplant-ZUKAN4-P086155-0416,154,species-0595,ヤナギコハモグリ,アカメヤナギ,ヤナギ科,文献,日本産蛾類標準図鑑4,,"[寄主植物]ネコヤナギ、イヌコリヤナギ、オノエヤナギ、カワヤナギ、エゾノカワヤナギ,バッコヤナギ、ヤマヤナギ、ミヤマヤナギ、コゴメヤナギ、タチヤナギ、シダレヤナギ、アカメヤナギなどSalix属、ヤマナラシ(以上ヤナギ科)."
hostplant-ZUKAN4-P086155-0417,154,species-0595,ヤナギコハモグリ,イヌコリヤナギ,ヤナギ科,文献,日本産蛾類標準図鑑4,,"[寄主植物]ネコヤナギ、イヌコリヤナギ、オノエヤナギ、カワヤナギ、エゾノカワヤナギ,バッコヤナギ、ヤマヤナギ、ミヤマヤナギ、コゴメヤナギ、タチヤナギ、シダレヤナギ、アカメヤナギなどSalix属、ヤマナラシ(以上ヤナギ科)."
hostplant-ZUKAN4-P086155-0418,154,species-0595,ヤナギコハモグリ,エゾノカワヤナギ,ヤナギ科,文献,日本産蛾類標準図鑑4,,"[寄主植物]ネコヤナギ、イヌコリヤナギ、オノエヤナギ、カワヤナギ、エゾノカワヤナギ,バッコヤナギ、ヤマヤナギ、ミヤマヤナギ、コゴメヤナギ、タチヤナギ、シダレヤナギ、アカメヤナギなどSalix属、ヤマナラシ(以上ヤナギ科)."
hostplant-ZUKAN4-P086155-0419,154,species-0595,ヤナギコハモグリ,オノエヤナギ,ヤナギ科,文献,日本産蛾類標準図鑑4,,"[寄主植物]ネコヤナギ、イヌコリヤナギ、オノエヤナギ、カワヤナギ、エゾノカワヤナギ,バッコヤナギ、ヤマヤナギ、ミヤマヤナギ、コゴメヤナギ、タチヤナギ、シダレヤナギ、アカメヤナギなどSalix属、ヤマナラシ(以上ヤナギ科)."
hostplant-ZUKAN4-P086155-0420,154,species-0595,ヤナギコハモグリ,カワヤナギ,ヤナギ科,文献,日本産蛾類標準図鑑4,,"[寄主植物]ネコヤナギ、イヌコリヤナギ、オノエヤナギ、カワヤナギ、エゾノカワヤナギ,バッコヤナギ、ヤマヤナギ、ミヤマヤナギ、コゴメヤナギ、タチヤナギ、シダレヤナギ、アカメヤナギなどSalix属、ヤマナラシ(以上ヤナギ科)."
hostplant-ZUKAN4-P086155-0421,154,species-0595,ヤナギコハモグリ,コゴメヤナギ,ヤナギ科,文献,日本産蛾類標準図鑑4,,"[寄主植物]ネコヤナギ、イヌコリヤナギ、オノエヤナギ、カワヤナギ、エゾノカワヤナギ,バッコヤナギ、ヤマヤナギ、ミヤマヤナギ、コゴメヤナギ、タチヤナギ、シダレヤナギ、アカメヤナギなどSalix属、ヤマナラシ(以上ヤナギ科)."
hostplant-ZUKAN4-P086155-0422,154,species-0595,ヤナギコハモグリ,シダレヤナギ,ヤナギ科,文献,日本産蛾類標準図鑑4,,"[寄主植物]ネコヤナギ、イヌコリヤナギ、オノエヤナギ、カワヤナギ、エゾノカワヤナギ,バッコヤナギ、ヤマヤナギ、ミヤマヤナギ、コゴメヤナギ、タチヤナギ、シダレヤナギ、アカメヤナギなどSalix属、ヤマナラシ(以上ヤナギ科)."
hostplant-ZUKAN4-P086155-0423,154,species-0595,ヤナギコハモグリ,タチヤナギ,ヤナギ科,文献,日本産蛾類標準図鑑4,,"[寄主植物]ネコヤナギ、イヌコリヤナギ、オノエヤナギ、カワヤナギ、エゾノカワヤナギ,バッコヤナギ、ヤマヤナギ、ミヤマヤナギ、コゴメヤナギ、タチヤナギ、シダレヤナギ、アカメヤナギなどSalix属、ヤマナラシ(以上ヤナギ科)."
hostplant-ZUKAN4-P086155-0424,154,species-0595,ヤナギコハモグリ,ネコヤナギ,ヤナギ科,文献,日本産蛾類標準図鑑4,,"[寄主植物]ネコヤナギ、イヌコリヤナギ、オノエヤナギ、カワヤナギ、エゾノカワヤナギ,バッコヤナギ、ヤマヤナギ、ミヤマヤナギ、コゴメヤナギ、タチヤナギ、シダレヤナギ、アカメヤナギなどSalix属、ヤマナラシ(以上ヤナギ科)."
hostplant-ZUKAN4-P086155-0425,154,species-0595,ヤナギコハモグリ,バッコヤナギ,ヤナギ科,文献,日本産蛾類標準図鑑4,,"[寄主植物]ネコヤナギ、イヌコリヤナギ、オノエヤナギ、カワヤナギ、エゾノカワヤナギ,バッコヤナギ、ヤマヤナギ、ミヤマヤナギ、コゴメヤナギ、タチヤナギ、シダレヤナギ、アカメヤナギなどSalix属、ヤマナラシ(以上ヤナギ科)."
hostplant-ZUKAN4-P086155-0426,154,species-0595,ヤナギコハモグリ,ミヤマヤナギ,ヤナギ科,文献,日本産蛾類標準図鑑4,,"[寄主植物]ネコヤナギ、イヌコリヤナギ、オノエヤナギ、カワヤナギ、エゾノカワヤナギ,バッコヤナギ、ヤマヤナギ、ミヤマヤナギ、コゴメヤナギ、タチヤナギ、シダレヤナギ、アカメヤナギなどSalix属、ヤマナラシ(以上ヤナギ科)."
hostplant-ZUKAN4-P086155-0427,154,species-0595,ヤナギコハモグリ,ヤマナラシ,ヤナギ科,文献,日本産蛾類標準図鑑4,,"[寄主植物]ネコヤナギ、イヌコリヤナギ、オノエヤナギ、カワヤナギ、エゾノカワヤナギ,バッコヤナギ、ヤマヤナギ、ミヤマヤナギ、コゴメヤナギ、タチヤナギ、シダレヤナギ、アカメヤナギなどSalix属、ヤマナラシ(以上ヤナギ科)."
hostplant-ZUKAN4-P086155-0428,154,species-0595,ヤナギコハモグリ,ヤマヤナギ,ヤナギ科,文献,日本産蛾類標準図鑑4,,"[寄主植物]ネコヤナギ、イヌコリヤナギ、オノエヤナギ、カワヤナギ、エゾノカワヤナギ,バッコヤナギ、ヤマヤナギ、ミヤマヤナギ、コゴメヤナギ、タチヤナギ、シダレヤナギ、アカメヤナギなどSalix属、ヤマナラシ(以上ヤナギ科)."
hostplant-ZUKAN4-P086155-0429,154,species-0596,センダンコハモグリ,センダン,センダン科,文献,日本産蛾類標準図鑑4,,[寄主植物]センダン(センダン科).国外では、スリランカで同植物から記録されている。
hostplant-ZUKAN4-P086155-0430,154,species-0597,ネコヤナギコハモグリ,イヌコリヤナギ,ヤナギ科,文献,日本産蛾類標準図鑑4,,[寄主植物]ネコヤナギ、イヌコリヤナギ、カワヤナギ、コゴメヤナギ(以上ヤナギ科).
hostplant-ZUKAN4-P086155-0431,154,species-0597,ネコヤナギコハモグリ,カワヤナギ,ヤナギ科,文献,日本産蛾類標準図鑑4,,[寄主植物]ネコヤナギ、イヌコリヤナギ、カワヤナギ、コゴメヤナギ(以上ヤナギ科).
hostplant-ZUKAN4-P086155-0432,154,species-0597,ネコヤナギコハモグリ,コゴメヤナギ,ヤナギ科,文献,日本産蛾類標準図鑑4,,[寄主植物]ネコヤナギ、イヌコリヤナギ、カワヤナギ、コゴメヤナギ(以上ヤナギ科).
hostplant-ZUKAN4-P086155-0433,154,species-0597,ネコヤナギコハモグリ,ネコヤナギ,ヤナギ科,文献,日本産蛾類標準図鑑4,,[寄主植物]ネコヤナギ、イヌコリヤナギ、カワヤナギ、コゴメヤナギ(以上ヤナギ科).
hostplant-ZUKAN4-P086155-0434,155,species-0598,ポプラコハモグリ,セイヨウハコヤナギ,ヤナギ科,文献,日本産蛾類標準図鑑4,,寄主植物」国内では、セイヨウハコヤナギ(ヤナギ科)。
hostplant-ZUKAN4-P086155-0435,155,species-0599,ヒトリシズカコハモグリ,ヒトリシズカ,センリョウ科,文献,日本産蛾類標準図鑑4,,寄主植物]ヒトリシズカ(センリョウ科).
hostplant-ZUKAN4-P086155-0436,155,species-0600,フタリシズカコハモグリ,センリョウ,センリョウ科,文献,日本産蛾類標準図鑑4,,[寄主植物]フタリシズカ、センリョウ(センリョウ科).
hostplant-ZUKAN4-P086155-0437,155,species-0600,フタリシズカコハモグリ,フタリシズカ,センリョウ科,文献,日本産蛾類標準図鑑4,原図で補完,
hostplant-ZUKAN4-P086155-0438,155,species-0601,ブドウコハモグリ,Vitis属,ブドウ科,野外（国外）,日本産蛾類標準図鑑4,,寄主植物]エビツル、ノブドウ、サンカクヅル、栽培ブドウ、ナツヅタ、ヤブガラシなど(以上ブドウ科)。国外では、Vitis属(ブ
hostplant-ZUKAN4-P086155-0439,155,species-0601,ブドウコハモグリ,エビツル,ブドウ科,文献,日本産蛾類標準図鑑4,,寄主植物]エビツル、ノブドウ、サンカクヅル、栽培ブドウ、ナツヅタ、ヤブガラシなど(以上ブドウ科)。国外では、Vitis属(ブ
hostplant-ZUKAN4-P086155-0440,155,species-0601,ブドウコハモグリ,サンカクヅル,ブドウ科,文献,日本産蛾類標準図鑑4,,寄主植物]エビツル、ノブドウ、サンカクヅル、栽培ブドウ、ナツヅタ、ヤブガラシなど(以上ブドウ科)。国外では、Vitis属(ブ
hostplant-ZUKAN4-P086155-0441,155,species-0601,ブドウコハモグリ,ナツヅタ,ブドウ科,文献,日本産蛾類標準図鑑4,原図で補完,
hostplant-ZUKAN4-P086155-0442,155,species-0601,ブドウコハモグリ,ノブドウ,ブドウ科,文献,日本産蛾類標準図鑑4,,寄主植物]エビツル、ノブドウ、サンカクヅル、栽培ブドウ、ナツヅタ、ヤブガラシなど(以上ブドウ科)。国外では、Vitis属(ブ
hostplant-ZUKAN4-P086155-0443,155,species-0601,ブドウコハモグリ,ヤブガラシ,ブドウ科,文献,日本産蛾類標準図鑑4,,寄主植物]エビツル、ノブドウ、サンカクヅル、栽培ブドウ、ナツヅタ、ヤブガラシなど(以上ブドウ科)。国外では、Vitis属(ブ
hostplant-ZUKAN4-P086155-0444,155,species-0601,ブドウコハモグリ,栽培ブドウ,ブドウ科,文献,日本産蛾類標準図鑑4,,寄主植物]エビツル、ノブドウ、サンカクヅル、栽培ブドウ、ナツヅタ、ヤブガラシなど(以上ブドウ科)。国外では、Vitis属(ブ
hostplant-ZUKAN4-P086155-0445,155,species-0602,ユズリハコハモグリ,エゾユズリハ,ユズリハ科,文献,日本産蛾類標準図鑑4,,[寄主植物]エゾユズリハ(ユズリハ科).
