source_account_id,printed_page,pdf_page,source_japanese_name,source_scientific_name,mapping_status,mapping_evidence,current_insect_ids,source_food_text,accepted_host_memberships,source_emergence_text,approved_emergence_notes,source_habitat_text,source_larval_text,approved_ecology_notes,mutation_count,verification_status
H6-001,33,35,ヒメカミナリハムシ,Altica caerulescens (Baly),mapped_scientific,現行学名の属名・種小名・明示亜種の一致,species-H003,エノキグサ、アオミズ。,species-H003:エノキグサ;species-H003:アオミズ,3〜11月；年2化?；成虫越冬。,species-H003:3〜11月,低地〜丘陵地；畑地、路傍、畦畔、河川敷など。,エノキグサの葉面に10卵ほどを固めて産卵し、表面に一条の糞を塗りつける；幼虫は5〜9月にみられ、葉を食害して、3齢で老熟すれば地中で蛹化する。晩秋に多くの成虫が現れる。,species-H003:生息地：低地〜丘陵地；畑地、路傍、畦畔、河川敷など。幼生期：エノキグサの葉面に10卵ほどを固めて産卵し、表面に一条の糞を塗りつける；幼虫は5〜9月にみられ、葉を食害して、3齢で老熟すれば地中で蛹化する；晩秋に多くの成虫が現れる。,4,original_pdf_page_verified
H6-002,33,35,ミズタマソウカミナリハムシ,Altica circaeae Ohno,mapped_scientific,現行学名の属名・種小名・明示亜種の一致,species-H004,ミズタマソウ。,species-H004:ミズタマソウ,4〜10月；年1化；成虫越冬。,species-H004:4〜10月,低地〜低山地；林床、路傍、沢沿い。,ヒメカミナリハムシと同様であるが、5〜6月にみられる。,species-H004:生息地：低地〜低山地；林床、路傍、沢沿い。幼生期：葉面に卵塊を産み、表面に糞を塗る。幼虫は葉を食べ、3齢で老熟すると地中で蛹化する；5〜6月にみられる。,2,original_pdf_page_verified
H6-003,33,35,アザミカミナリハムシ,Altica cirsicola Ohno,mapped_scientific,現行学名の属名・種小名・明示亜種の一致,species-H005,アザミ類。,species-H005:アザミ,4〜10月；年1化、成虫越冬。,species-H005:4〜10月,低地〜山地；路傍、草地、湿地など。,ヒメカミナリハムシと同様であるが、4〜7月に多い。,species-H005:生息地：低地〜山地；路傍、草地、湿地など。幼生期：葉面に卵塊を産み、表面に糞を塗る。幼虫は葉を食べ、3齢で老熟すると地中で蛹化する；4〜7月に多い。,3,original_pdf_page_verified
H6-004,34,36,カタスジカミナリハムシ,Altica coerulea (Olivier),mapped_override,現行日本列島の甲虫全種目録の旧学名・異名欄,species-H002,タデ類 (台湾、スマトラ)。,species-H002:タデ,採集例は4〜5月である。,species-H002:4〜5月に採集記録,低地；草地、路傍。,不明。,species-H002:生息地：低地；草地、路傍。,3,original_pdf_page_verified
H6-005,34,36,カミナリハムシ,Altica cyanea (Weber),mapped_override,現行日本列島の甲虫全種目録の旧学名・異名欄,species-H001,チョウジタデ、オオマツヨイグサ、キカシグサなど。,species-H001:チョウジタデ;species-H001:オオマツヨイグサ;species-H001:キカシグサ,5〜11月；年1化、成虫越冬。,species-H001:5〜11月,平地〜低山地；路傍、畦畔、湿地など。,ヒメカミナリハムシと同様。,species-H001:生息地：平地〜低山地；路傍、畦畔、湿地など。幼生期：葉面に卵塊を産み、表面に糞を塗る。幼虫は葉を食べ、3齢で老熟すると地中で蛹化する。,5,original_pdf_page_verified
H6-006,34,36,イチゴカミナリハムシ,Altica fragariae (Nakane),mapped_scientific,現行学名の属名・種小名・明示亜種の一致,species-H006,オランダイチゴ、ヘビイチゴなど。,species-H006:オランダイチゴ;species-H006:ヘビイチゴ,3〜11月；多化性、四国では6〜7月に1化、8〜9月に2化、10〜11月に3化の成虫が現れる (小林、1955)；成虫越冬。,species-H006:3〜11月,低地〜丘陵地；畑地、畦畔、路傍、草地。,ヒメカミナリハムシと同様。,species-H006:生息地：低地〜丘陵地；畑地、畦畔、路傍、草地。幼生期：葉面に卵塊を産み、表面に糞を塗る。幼虫は葉を食べ、3齢で老熟すると地中で蛹化する。,4,original_pdf_page_verified
H6-007,34,36,ワレモコウカミナリハムシ,Altica sanguinosorbae Ohno,mapped_override,現行日本列島の甲虫全種目録の旧学名・異名欄,species-H015,ワレモコウ.,species-H015:ワレモコウ,7〜10月；年1化.,species-H015:7〜10月,山地；草原。,不明。,species-H015:生息地：山地；草原。,3,original_pdf_page_verified
H6-008,34,36,キタカミナリハムシ,Altica japonica Ohno,mapped_scientific,現行学名の属名・種小名・明示亜種の一致,species-H007,チョウジタデ、オオマツヨイグサ。,species-H007:チョウジタデ;species-H007:オオマツヨイグサ,4〜11月；年2化?、成虫越冬。,species-H007:4〜11月,低地〜丘陵地；畦畔、河川敷、湿地。,ヒメカミナリハムシと同様で、幼虫は6月、9月上旬にみられる。,species-H007:生息地：低地〜丘陵地；畦畔、河川敷、湿地。幼生期：葉面に卵塊を産み、表面に糞を塗る。幼虫は葉を食べ、3齢で老熟すると地中で蛹化する；幼虫は6月、9月上旬にみられる。,4,original_pdf_page_verified
H6-009,35,37,クロサワカミナリハムシ,Altica kurosawai Ohno,mapped_scientific,現行学名の属名・種小名・明示亜種の一致,species-H010,ゲンノショウコ類。,species-H010:ゲンノショウコ,4〜9月；年1化、成虫越冬。,species-H010:4〜9月,平地〜山地；路傍、畦畔、草地、河川敷など。,ヒメカミナリハムシと同様。,species-H010:生息地：平地〜山地；路傍、畦畔、草地、河川敷など。幼生期：葉面に卵塊を産み、表面に糞を塗る。幼虫は葉を食べ、3齢で老熟すると地中で蛹化する。,3,original_pdf_page_verified
H6-010,35,37,スジカミナリハムシ,Altica latericosta latericosta (Jacoby),mapped_scientific,現行学名の属名・種小名・明示亜種の一致,species-H011,ヤナギ類。,species-H011:ヤナギ,4〜9月；年1化、成虫越冬。,species-H011:4〜9月,平地；湿地、川沿い。,ヒメカミナリハムシと同様。5〜7月にみられる。,species-H011:生息地：平地；湿地、川沿い。幼生期：葉面に卵塊を産み、表面に糞を塗る。幼虫は葉を食べ、3齢で老熟すると地中で蛹化する；。5〜7月にみられる。冬季に多数の個体が集まり、集団で越冬する例がある。,3,original_pdf_page_verified
H6-011,35,37,ニホンカミナリハムシ,Altica nipponica Ohno,mapped_scientific,現行学名の属名・種小名・明示亜種の一致,species-H013,オオマツヨイグサ。,species-H013:オオマツヨイグサ,6〜8月；年1化、成虫越冬。,species-H013:6〜8月,平地〜低山地；湿地、草地など。,不明。,species-H013:生息地：平地〜低山地；湿地、草地など。,2,original_pdf_page_verified
H6-012,35,37,アカバナカミナリハムシ,Altica oleracea (Linnaeus),mapped_scientific,現行学名の属名・種小名・明示亜種の一致,species-H014,オオマツヨイグサ、アカバナ、ヤナギラン。,species-H014:オオマツヨイグサ;species-H014:アカバナ;species-H014:ヤナギラン,3〜11月；多化性；成虫越冬。,species-H014:3〜11月,平地〜山地；路傍、河川敷、草地など。,ヒメカミナリハムシと同様であるが、5〜9月にみられる。,species-H014:生息地：平地〜山地；路傍、河川敷、草地など。幼生期：葉面に卵塊を産み、表面に糞を塗る。幼虫は葉を食べ、3齢で老熟すると地中で蛹化する；5〜9月にみられる。オオマツヨイグサで普通にみられる。,5,original_pdf_page_verified
H6-013,35,37,コカミナリハムシ,Altica viridicyanea (Baly),mapped_scientific,現行学名の属名・種小名・明示亜種の一致,species-H016,ゲンノショウコ類。,species-H016:ゲンノショウコ,3〜11月；年1化、成虫越冬。,species-H016:3〜11月,平地から山地；草地、路傍、畦畔、河川敷など。,ヒメカミナリハムシと同様であるが、5〜6月に多い。,species-H016:生息地：平地から山地；草地、路傍、畦畔、河川敷など。幼生期：葉面に卵塊を産み、表面に糞を塗る。幼虫は葉を食べ、3齢で老熟すると地中で蛹化する；5〜6月に多い。,2,original_pdf_page_verified
H6-014,35,37,ムツボシトビハムシ,Amphimeloides bistripunctatus Chen,mapped_override,現行日本列島の甲虫全種目録の旧学名・異名欄,species-H096,,,,,,,,0,original_pdf_page_verified
H6-015,35,37,キイロツブノミハムシ,Aphthona abdominalis (Duftschmidt),mapped_scientific,現行学名の属名・種小名・明示亜種の一致,species-H018,コニシキソウ、ニシキソウ、ハギクソウ、コミカンソウ、ヒメミカンソウ。,species-H018:コニシキソウ;species-H018:ニシキソウ;species-H018:ハギクソウ;species-H018:コミカンソウ;species-H018:ヒメミカンソウ,5〜11月；年1化、成虫越冬と思われる。,species-H018:5〜11月,低地；耕作地、路傍、草地。,不明であるが、本属の幼虫は地中性とされる。,species-H018:生息地：低地；耕作地、路傍、草地。,7,original_pdf_page_verified
H6-016,36,38,アマミツブノミハムシ,Aphthona amamiana Ohno,mapped_scientific,現行学名の属名・種小名・明示亜種の一致,species-H020,不明。,,3〜6月；年1化と思われるが、データは不十分。,species-H020:3〜6月,丘陵；林縁。,不明。,species-H020:生息地：丘陵；林縁。,2,original_pdf_page_verified
H6-017,36,38,キタツブノミハムシ,Aphthona erichsoni Zetterstedt,mapped_scientific,現行学名の属名・種小名・明示亜種の一致,species-H021,Konstantinov (1998) は食草に Marchantia sp.、Carex irrigua をあげているが、むしろハンノキあるいはハシドイなどの可能性が高い。,,6〜9月；年1化、成虫越冬と思われる。,species-H021:6〜9月,低地；湿地。,不明。,species-H021:生息地：低地；湿地。,2,original_pdf_page_verified
H6-018,36,38,タイワンツブノミハムシ,Aphthona formosana Chen,mapped_scientific,現行学名の属名・種小名・明示亜種の一致,species-H022,アカメガシワ。,species-H022:アカメガシワ,3〜10月；年1化、成虫越冬と思われる。,species-H022:3〜10月,低地から丘陵；路傍、林縁。,不明。,species-H022:生息地：低地から丘陵；路傍、林縁。,2,original_pdf_page_verified
H6-019,36,38,オオツブノミハムシ,Aphthona hakonensis Takizawa,mapped_scientific,現行学名の属名・種小名・明示亜種の一致,species-H023,,,6〜8月；年1化と思われる。,species-H023:6〜8月,低山地から山地；草地。,,species-H023:生息地：低山地から山地；草地。,2,original_pdf_page_verified
H6-020,36,38,アヤメツブノミハムシ,Aphthona interstitialis Weise,mapped_scientific,現行学名の属名・種小名・明示亜種の一致,species-H024,ノハナショウブ、シャガ、アヤメ類。,species-H024:ノハナショウブ;species-H024:シャガ;species-H024:アヤメ,4〜9月；年2化、成虫越冬と思われる。,species-H024:4〜9月,低地〜高原；湿地、草地、宅地。,不明。,species-H024:生息地：低地〜高原；湿地、草地、宅地。アヤメ類の園芸害虫となっている。,5,original_pdf_page_verified
H6-021,36,38,クロサワツブノミハムシ,Aphthona kurosawai Ohno,mapped_scientific,現行学名の属名・種小名・明示亜種の一致,species-H025,ノウルシ。,species-H025:ノウルシ,4〜9月；年1化、成虫越冬と思われる。,species-H025:4〜9月,平地；湿地。,不明。,species-H025:生息地：平地；湿地。,2,original_pdf_page_verified
H6-022,37,39,オキナワツブノミハムシ,Aphthona okinawaensis Konstantinov et Lingafelter,mapped_scientific,現行学名の属名・種小名・明示亜種の一致,species-H806,,,,species-H806:11月に採集記録,,,,1,original_pdf_page_verified
H6-023,37,39,オキナワアシナガトビハムシ,Aphthona opaca (Allard),mapped_override,現行日本列島の甲虫全種目録の旧学名・異名欄,species-H019,シラキの可能性がある。,,7月の採集例がある。,species-H019:7月に採集記録,低地；広葉樹林林縁。,不明。,species-H019:生息地：低地；広葉樹林林縁。,2,original_pdf_page_verified
H6-024,37,39,ツブノミハムシ,Aphthona perminuta Baly,mapped_scientific,現行学名の属名・種小名・明示亜種の一致,species-H026,クリ、コナラ、ミズナラ、ケヤマハンノキ、ブナ、イヌシデ、ヤナギ類、オオハシバミ、シラカンバ、ハルニレ、ノイバラ、サクラ類、ズミ、ナナカマド、ワタゲカマツカ、ワレモコウ、キイチゴ類、フジ、ハリギリ、タラノキ、アケビ、イタヤカエデ (大野、1966)。,species-H026:クリ;species-H026:コナラ;species-H026:ミズナラ;species-H026:ケヤマハンノキ;species-H026:ブナ;species-H026:イヌシデ;species-H026:ヤナギ;species-H026:オオハシバミ;species-H026:シラカンバ;species-H026:ハルニレ;species-H026:ノイバラ;species-H026:サクラ;species-H026:ズミ;species-H026:ナナカマド;species-H026:ワタゲカマツカ;species-H026:ワレモコウ;species-H026:キイチゴ;species-H026:フジ;species-H026:ハリギリ;species-H026:タラノキ;species-H026:アケビ;species-H026:イタヤカエデ,3〜11月；年1化、成虫越冬。,species-H026:3〜11月,低地から山地；広葉樹林、林縁、路傍。,不明。,species-H026:生息地：低地から山地；広葉樹林、林縁、路傍。,6,original_pdf_page_verified
H6-025,37,39,キアシツブノミハムシ,Aphthona semiviridis Jacoby,mapped_scientific,現行学名の属名・種小名・明示亜種の一致,species-H027,ミツマタ、アカメガシワ。,species-H027:ミツマタ;species-H027:アカメガシワ,4〜10月；年1化、成虫越冬。,species-H027:4〜10月,低地から山地；広葉樹林、林縁、路傍。,不明。,species-H027:生息地：低地から山地；広葉樹林、林縁、路傍。,4,original_pdf_page_verified
H6-026,37,39,サメハダツブノミハムシ,Aphthona strigosa Baly,mapped_scientific,現行学名の属名・種小名・明示亜種の一致,species-H028,アカメガシワ。,species-H028:アカメガシワ,4〜10月；年1化、成虫越冬。,species-H028:4〜10月,低地から丘陵地；路傍、広葉樹林林縁。,不明。,species-H028:生息地：低地から丘陵地；路傍、広葉樹林林縁。,3,original_pdf_page_verified
H6-027,37,39,ホソルリトビハムシ,Aphthonaltica angustata (Baly),mapped_scientific,現行学名の属名・種小名・明示亜種の一致,species-H029,アケビ類。,species-H029:アケビ,3〜7月；年1化、成虫越冬。,species-H029:3〜7月,低地〜低山地；林縁、路傍。,不明。,species-H029:生息地：低地〜低山地；林縁、路傍。,3,original_pdf_page_verified
H6-028,38,40,トゲアシトビハムシ,Aphthonoides beccarii Jacoby,mapped_japanese,原本和名と現行和名・別名の一意一致,species-H030,コアカソ。,species-H030:コアカソ,5月；年1化、成虫越冬。,species-H030:5月,山地；草地。,不明。,species-H030:生息地：山地；草地。,3,original_pdf_page_verified
H6-029,38,40,フタイロセマルトビハムシ,Aphthonomorpha collaris (Baly),mapped_override,現行日本列島の甲虫全種目録の旧学名・異名欄,species-H044,シラキ。,species-H044:シラキ,5〜6月；年1化、成虫越冬。,species-H044:5〜6月,低山地〜山地；広葉樹林林縁。,不明。,species-H044:生息地：低山地〜山地；広葉樹林林縁。,2,original_pdf_page_verified
H6-030,38,40,テントウノミハムシ,Argopistes biplagiata Motschulsky,mapped_japanese,原本和名と現行和名・別名の一意一致,species-H031,トネリコ、イボタ、ハシドイ。,species-H031:トネリコ;species-H031:イボタ;species-H031:ハシドイ,5〜10月；年1化、成虫越冬。,species-H031:5〜10月,低地から山地。,越冬成虫は葉の表面に1卵ずつ埋め込むように産卵し、孵化幼虫は葉肉内に潜入する。幼虫は主に6〜7月にみられ、老熟すれば地中で蛹化する。,species-H031:生息地：低地から山地。幼生期：越冬成虫は葉の表面に1卵ずつ埋め込むように産卵し、孵化幼虫は葉肉内に潜入する；幼虫は主に6〜7月にみられ、老熟すれば地中で蛹化する。,5,original_pdf_page_verified
H6-031,38,40,ヘリグロテントウノミハムシ,Argopistes coccinelliformis Csiki,mapped_override,現行日本列島の甲虫全種目録の旧学名・異名欄,species-H032,ヒイラギ、ヒイラギモクセイ、ネズミモチ、キンモクセイ、ギンモクセイ。,species-H032:ヒイラギ;species-H032:ヒイラギモクセイ;species-H032:ネズミモチ;species-H032:キンモクセイ;species-H032:ギンモクセイ,4〜11月；年1〜2化、成虫越冬。,species-H032:4〜11月,低地〜丘陵地；街路、庭園。,テントウノミハムシと同様；幼虫は5〜7月にみられる。,species-H032:生息地：低地〜丘陵地；街路、庭園。幼生期：葉面に1卵ずつ埋め込むように産卵し、孵化幼虫は葉肉内に潜入する。幼虫は地中で蛹化する；幼虫は5〜7月にみられる。都会では個体数が増え、生垣や庭木などの園芸害虫となっている。,7,original_pdf_page_verified
H6-032,38,40,ヒメテントウノミハムシ,Argopistes tsekooni Chen,mapped_scientific,現行学名の属名・種小名・明示亜種の一致,species-H034,イボタ類。,species-H034:イボタ,4〜8月；年1化、成虫越冬。,species-H034:4〜8月,低地〜山地；広葉樹林、林縁など。,不明。,species-H034:生息地：低地〜山地；広葉樹林、林縁など。,3,original_pdf_page_verified
H6-033,38,40,クロテントウノミハムシ,Argopistes unicolor Jacoby,mapped_scientific,現行学名の属名・種小名・明示亜種の一致,species-H035,ヒイラギ。,species-H035:ヒイラギ,5〜7月；年1化、成虫越冬。,species-H035:5〜7月,山地；広葉樹林、林縁。,,species-H035:生息地：山地；広葉樹林、林縁。,3,original_pdf_page_verified
H6-034,38,40,オオキイロマルノミハムシ,Argopus balyi Harold,mapped_scientific,現行学名の属名・種小名・明示亜種の一致,species-H036,ボタンズル、センニンソウ。,species-H036:ボタンズル;species-H036:センニンソウ,5〜9月；年1化、成虫越冬。,species-H036:5〜9月,低地〜山地；林縁、河川敷、路傍。,不明。,species-H036:生息地：低地〜山地；林縁、河川敷、路傍。,4,original_pdf_page_verified
H6-035,39,41,クラークマルノミハムシ,Argopus clarki Jacoby,mapped_scientific,現行学名の属名・種小名・明示亜種の一致,species-H037,ボタンズル。,species-H037:ボタンズル,4〜10月；年1化、成虫越冬。,species-H037:4〜10月,低地〜低山地；林縁、路傍、草地、畑地、河川敷など。,成虫は葉面に産卵し、幼虫は4〜5月にみられ、葉肉内に潜入し、老熟すれば地中で蛹化する。,species-H037:生息地：低地〜低山地；林縁、路傍、草地、畑地、河川敷など。幼生期：成虫は葉面に産卵し、幼虫は4〜5月にみられ、葉肉内に潜入し、老熟すれば地中で蛹化する。,3,original_pdf_page_verified
H6-036,39,41,オオアカマルノミハムシ,Argopus clypeatus Baly,mapped_scientific,現行学名の属名・種小名・明示亜種の一致,species-H038,ボタンズル、センニンソウ。,species-H038:ボタンズル;species-H038:センニンソウ,3〜8月；年1化、成虫越冬。,species-H038:3〜8月,低地〜山地；路傍、林縁、河川敷、生垣など。,クラークマルノミハムシと同様、幼虫は3〜6月にみられる。,species-H038:生息地：低地〜山地；路傍、林縁、河川敷、生垣など。幼生期：葉面に産卵し、幼虫は葉肉内に潜入し、老熟すると地中で蛹化する；幼虫は3〜6月にみられる。,4,original_pdf_page_verified
H6-037,39,41,クロバネマルノミハムシ,Argopus nigripennis Jacoby,mapped_scientific,現行学名の属名・種小名・明示亜種の一致,species-H039,,,,species-H039:7月に採集記録,山地；草地。,,species-H039:生息地：山地；草地。,2,original_pdf_page_verified
H6-038,39,41,アカイロマルノミハムシ,Argopus punctipennis (Motschulsky),mapped_scientific,現行学名の属名・種小名・明示亜種の一致,species-H040,アザミ類、トリカブト類。,species-H040:アザミ;species-H040:トリカブト,4〜10月；年1化、成虫越冬。,species-H040:4〜10月,低地〜山地；広葉樹林、林床、林縁、路傍、草地。,クラークマルノミハムシと同様、幼虫は5月にみられる。,species-H040:生息地：低地〜山地；広葉樹林、林床、林縁、路傍、草地。幼生期：葉面に産卵し、幼虫は葉肉内に潜入し、老熟すると地中で蛹化する；幼虫は5月にみられる。,4,original_pdf_page_verified
H6-039,39,41,ウスイロマルノミハムシ,Argopus unicolor Motschulsky,mapped_scientific,現行学名の属名・種小名・明示亜種の一致,species-H041,,,,species-H041:5月に採集記録,山地；広葉樹林。,,species-H041:生息地：山地；広葉樹林。,2,original_pdf_page_verified
H6-040,39,41,ハネナシトビハムシ,Batophila acutangula Heikertinger,mapped_scientific,現行学名の属名・種小名・明示亜種の一致,species-H042,キイチゴ類。,species-H042:キイチゴ,5〜10月；年1化、成虫越冬。,species-H042:5〜10月,低山地〜山地；林縁、草地、林道沿い。,不明であるが、地中性と思われる。,species-H042:生息地：低山地〜山地；林縁、草地、林道沿い。,2,original_pdf_page_verified
H6-041,39,41,ハバビロハネナシトビハムシ,Batophila latissima Chujo,mapped_scientific,現行学名の属名・種小名・明示亜種の一致,species-H043,ホウロクイチゴ。,species-H043:ホウロクイチゴ,4〜5月；年1化、成虫越冬?,species-H043:4〜5月,低地〜低山地；林縁、草地、林道沿い。,不明。,species-H043:生息地：低地〜低山地；林縁、草地、林道沿い。,3,original_pdf_page_verified
H6-042,40,42,オカボトビハムシ,Chaetocnema basalis Baly,mapped_override,現行日本列島の甲虫全種目録の旧学名・異名欄,species-H048,オカボ、イネ科雑草。,species-H048:オカボ;species-H048:イネ科雑草,4〜7月；年1化、成虫越冬?,species-H048:4〜7月,平地〜丘陵地；耕作地、畦畔、草地、林縁、河川敷。,不明であるが、地中性と思われる。,species-H048:生息地：平地〜丘陵地；耕作地、畦畔、草地、林縁、河川敷。,4,original_pdf_page_verified
H6-043,40,42,フタイロヒサゴトビハムシ,Chaetocnema bicolorata Kimoto,mapped_scientific,現行学名の属名・種小名・明示亜種の一致,species-H055,ミゾソバ。,species-H055:ミゾソバ,4〜10月；年1化、成虫越冬?,species-H055:4〜10月,平地から丘陵地；耕作地、荒地、河川敷、林縁。,不明であるが、地中性と思われる。,species-H055:生息地：平地から丘陵地；耕作地、荒地、河川敷、林縁。,2,original_pdf_page_verified
H6-044,40,42,ヒメドウガネトビハムシ,Chaetocnema concinnicollis (Baly),mapped_scientific,現行学名の属名・種小名・明示亜種の一致,species-H049,ヒメシバ、エノコログサ。,species-H049:ヒメシバ;species-H049:エノコログサ,3〜11月；年1化、成虫越冬。,species-H049:3〜11月,平地から高原；耕作地、畦畔、草地、荒地、河川敷。,地中性と思われるが、不明。,species-H049:生息地：平地から高原；耕作地、畦畔、草地、荒地、河川敷。,2,original_pdf_page_verified
H6-045,40,42,ムギヒサゴトビハムシ,Chaetocnema cylindrica (Baly),mapped_scientific,現行学名の属名・種小名・明示亜種の一致,species-H051,コムギ、イネ、サンカクイ。,species-H051:コムギ;species-H051:イネ;species-H051:サンカクイ,5〜9月；年1化、成虫越冬。,species-H051:5〜9月,平地；耕作地、畦畔。,5〜6月にオカボの根際に産卵し、幼虫は若い茎に潜孔する。地中で蛹化し、新成虫は6〜7月にあらわれ、晩秋から地表で越冬する。,species-H051:生息地：平地；耕作地、畦畔。幼生期：5〜6月にオカボの根際に産卵し、幼虫は若い茎に潜孔する；地中で蛹化し、新成虫は6〜7月にあらわれ、晩秋から地表で越冬する。,5,original_pdf_page_verified
H6-046,40,42,サツマイモヒサゴトビハムシ,Chaetocnema confinis Crotch,mapped_scientific,現行学名の属名・種小名・明示亜種の一致,species-H057,サツマイモ、グンバイヒルガオ。,species-H057:サツマイモ;species-H057:グンバイヒルガオ,4〜11月；データは不十分だが、多化性と思われる。,species-H057:4〜11月,平地；耕作地、草地、海浜。,地中でサツマイモを加害する。,species-H057:生息地：平地；耕作地、草地、海浜。幼生期：地中でサツマイモを加害する。サツマイモの害虫である。,2,original_pdf_page_verified
H6-047,41,43,キイチゴトビハムシ,Chaetocnema discreta (Baly),mapped_override,現行日本列島の甲虫全種目録の旧学名・異名欄,species-H063,ホウロクイチゴ、ナワシロイチゴ、フユイチゴなど: ヘビイチゴ、イノコヅチ、ダイズ、ミズヒキ、ツルノゲイトウなどが記録されているが疑わしい。,species-H063:ホウロクイチゴ;species-H063:ナワシロイチゴ;species-H063:フユイチゴ,4〜10月；年1化、成虫越冬と思われる。,species-H063:4〜10月,平地から山地；路傍、広葉樹林林縁、荒地。,不明。,species-H063:生息地：平地から山地；路傍、広葉樹林林縁、荒地。,8,original_pdf_page_verified
H6-048,41,43,タイワンヒサゴトビハムシ,Chaetocnema formosensis Chujo,mapped_override,現行日本列島の甲虫全種目録の旧学名・異名欄,species-H064,,,,,,,,0,original_pdf_page_verified
H6-049,41,43,クサイチゴトビハムシ,Chaetocnema granulosa (Baly),mapped_scientific,現行学名の属名・種小名・明示亜種の一致,species-H058,イヌタデ、ミゾソバ；クサイチゴ、カジイチゴの記録は疑わしい。,species-H058:イヌタデ;species-H058:ミゾソバ,4〜9月；年1化、成虫越冬と思われる。,species-H058:4〜9月,平地から山地；草地、湿地、路傍、河川敷。,不明。,species-H058:生息地：平地から山地；草地、湿地、路傍、河川敷。,6,original_pdf_page_verified
H6-050,41,43,ヤマヒサゴトビハムシ,Chaetocnema hortensis (Geoffroy),mapped_scientific,現行学名の属名・種小名・明示亜種の一致,species-H052,,,,species-H052:8月に採集記録,高原；草地。,,species-H052:生息地：高原；草地。,2,original_pdf_page_verified
H6-051,41,43,ヒサゴトビハムシ,Chaetocnema ingenua (Baly),mapped_scientific,現行学名の属名・種小名・明示亜種の一致,species-H053,メヒシバ、コウボウムギ、オオクサキビ。,species-H053:メヒシバ;species-H053:コウボウムギ;species-H053:オオクサキビ,4〜10月；年1化、成虫越冬。,species-H053:4〜10月,平地から丘陵地；耕作地、荒地、草地、河川敷、砂地。,不明。,species-H053:生息地：平地から丘陵地；耕作地、荒地、草地、河川敷、砂地。,3,original_pdf_page_verified
H6-052,41,43,カンミヤヒサゴトビハムシ,Chaetocnema kanmiyai Kimoto,mapped_scientific,現行学名の属名・種小名・明示亜種の一致,species-H059,,,,species-H059:7月に採集記録,山地；湿地。,,species-H059:生息地：山地；湿地。,2,original_pdf_page_verified
H6-053,41,43,ニセテンサイトビハムシ,Chaetocnema kimotoi Gruev,mapped_scientific,現行学名の属名・種小名・明示亜種の一致,species-H060,イヌタデ、ミゾソバ、チンゲンサイ。,species-H060:イヌタデ;species-H060:ミゾソバ;species-H060:チンゲンサイ,5〜10月；年1化、成虫越冬。,species-H060:5〜10月,低地〜低山地；路傍、河川敷、畑地、草地、荒地。,不明であるが、地中性と思われる。,species-H060:生息地：低地〜低山地；路傍、河川敷、畑地、草地、荒地。,2,original_pdf_page_verified
H6-054,42,44,アオバドウガネトビハムシ,Chaetocnema koreana Chujo,mapped_scientific,現行学名の属名・種小名・明示亜種の一致,species-H061,不明。,,5〜9月；年1化、成虫越冬と思われる。,species-H061:5〜9月,低地〜山地；草地、湿地。,不明,species-H061:生息地：低地〜山地；草地、湿地。,2,original_pdf_page_verified
H6-055,42,44,オオヒサゴトビハムシ,Chaetocnema mandschurica Heikertinger,mapped_override,Konstantinov et al. 2011の独立種再確認と現行目録,species-H817,,,,,,,,0,original_pdf_page_verified
H6-056,42,44,テンサイトビハムシ,Chaetocnema picipes Stephens,mapped_override,現行日本列島の甲虫全種目録の旧学名・異名欄,species-H056,ギシギシ、イタドリ、シロザ、ホウレンソウ、フダンソウ、テンサイ、イヌタデ、タニソバ、ソバカズラ、ハコベ、ミツモトソウ、温室メロン。,species-H056:ギシギシ;species-H056:イタドリ;species-H056:シロザ;species-H056:ホウレンソウ;species-H056:フダンソウ;species-H056:テンサイ;species-H056:イヌタデ;species-H056:タニソバ;species-H056:ソバカズラ;species-H056:ハコベ;species-H056:ミツモトソウ;species-H056:メロン,5〜10月；年1化、成虫越冬。,species-H056:5〜10月,平地；路傍、畑地、草地、荒地。,北海道ではテンサイ圃場などに産卵し、幼虫は地中で根を加害し、地中で蛹化する。7月下旬には新成虫があらわれ、9月には笹地に移って、越冬にはいる。,species-H056:生息地：平地；路傍、畑地、草地、荒地。幼生期：北海道ではテンサイ圃場などに産卵し、幼虫は地中で根を加害し、地中で蛹化する；7月下旬には新成虫があらわれ、9月には笹地に移って、越冬にはいる。,14,original_pdf_page_verified
H6-057,42,44,レモントビハムシ,Clitea metallica Chen,mapped_override,現行日本列島の甲虫全種目録の旧学名・異名欄,species-H017,ヒラミレモン。,species-H017:ヒラミレモン,3〜7月；中国浙江省では年3化、成虫越冬。,species-H017:3〜7月,平地〜低山地；果樹園。,葉面に単黄色の細長い卵を産みつけ、幼虫は3月下旬に葉上にみられた。クビボソハムシ類のように背面を軟らかい糞でおおう。3齢で老熟すれば、枝や幹の割目などで蛹化する。中国では柑橘類の害虫とされるが、沖縄での害は少ないようである。,species-H017:生息地：平地〜低山地；果樹園。幼生期：葉面に単黄色の細長い卵を産みつけ、幼虫は3月下旬に葉上にみられた；クビボソハムシ類のように背面を軟らかい糞でおおう；3齢で老熟すれば、枝や幹の割目などで蛹化する。,3,original_pdf_page_verified
H6-058,42,44,ミドリトビハムシ,Crepidodera japonica Baly,mapped_scientific,現行学名の属名・種小名・明示亜種の一致,species-H069,ヤナギ類。,species-H069:ヤナギ,5〜10月；年1化、成虫越冬と思われる。,species-H069:5〜10月,低地から低山地；湿地、沢沿い。,不明。,species-H069:生息地：低地から低山地；湿地、沢沿い。,3,original_pdf_page_verified
H6-059,43,45,スズキミドリトビハムシ,Crepidodera sahalinensis Konstantinov,mapped_scientific,現行学名の属名・種小名・明示亜種の一致,species-H070,アカメヤナギ、カワヤナギ、シダレヤナギ、タチヤナギ (岩井、2005),species-H070:アカメヤナギ;species-H070:カワヤナギ;species-H070:シダレヤナギ;species-H070:タチヤナギ,4〜10月；年1化、成虫越冬と思われる。,species-H070:4〜10月,低地；河川敷。,不明。,species-H070:生息地：低地；河川敷。,2,original_pdf_page_verified
H6-060,43,45,ヤヒロミドリトビハムシ,Crepidodera yahiroi Suzuki,mapped_scientific,現行学名の属名・種小名・明示亜種の一致,species-H071,マルバヤナギ。,species-H071:マルバヤナギ,4〜8月；年1化、成虫越冬と思われる。,species-H071:4〜8月,低地；河川敷、湖岸。,不明。,species-H071:生息地：低地；河川敷、湖岸。,2,original_pdf_page_verified
H6-061,43,45,ヤハズトビハムシ,Dibolia japonica Chen,mapped_scientific,現行学名の属名・種小名・明示亜種の一致,species-H072,イヌゴマ。,species-H072:イヌゴマ,4〜10月；年1化、成虫越冬?,species-H072:4〜10月,低地〜山地；草地、河川敷、庭地。,不明であるが、潜葉性である。,species-H072:生息地：低地〜山地；草地、河川敷、庭地。幼生期：潜葉性である。河川敷や庭先などで多数みられることがある。,3,original_pdf_page_verified
H6-062,43,45,タバコノミハムシ,Epitrix hirtipennis (Melsheimar),mapped_scientific,現行学名の属名・種小名・明示亜種の一致,species-H074,ジャガイモ、ナス、ホウズキなどのナス科作物、草本。,species-H074:ジャガイモ;species-H074:ナス;species-H074:ホウズキ,5〜11月；おそらくは多化性、成虫越冬。,species-H074:5〜11月,低地〜低山地；圃場。,国外では地中性の幼虫が報告されている。,species-H074:生息地：低地〜低山地；圃場。幼生期：国外では地中性の幼虫が報告されている。北米原産のタバコの重要害虫である。,6,original_pdf_page_verified
H6-063,43,45,ニセタマトビハムシ,Euphitrea nisotroides (Chen),mapped_scientific,現行学名の属名・種小名・明示亜種の一致,species-H075,,,,,,,,0,original_pdf_page_verified
H6-064,43,45,ヨツモンミゾアシノミハムシ,Hemipyxis balyi yaeyamana Kimoto,mapped_scientific,現行学名の属名・種小名・明示亜種の一致,species-H081,ムラサキシキブ類。,species-H081:ムラサキシキブ,4〜7月；年1化、成虫越冬?,species-H081:4〜7月,低地〜低山地。,,species-H081:生息地：低地〜低山地。,2,original_pdf_page_verified
H6-065,44,46,ヒメマルノミハムシ,Hemipyxis changi Kimoto,mapped_scientific,現行学名の属名・種小名・明示亜種の一致,species-H082,,species-H082:ムラサキシキブ,,,,,,1,original_pdf_page_verified
H6-066,44,46,キベリヒラタノミハムシ,Hemipyxis cinctipennis (Weise),mapped_scientific,現行学名の属名・種小名・明示亜種の一致,species-H083;species-H084,クサギ、オオバコ、ツワブキ。,species-H083:クサギ;species-H083:オオバコ;species-H083:ツワブキ;species-H084:クサギ;species-H084:オオバコ;species-H084:ツワブキ,4〜6月；年1化、成虫越冬?,species-H083:4〜6月;species-H084:4〜6月,低地〜低山地；林縁、路傍、草地など。,葉面に卵を産みつけ、幼虫は葉を食うが、夜間活動性であるのか、地表に近いオオバコなどに多いらしく、野外で幼虫を確認できることは少ない。,species-H083:生息地：低地〜低山地；林縁、路傍、草地など。幼生期：葉面に産卵し、幼虫は葉を食べる。野外で幼虫が確認されることは少ない。;species-H084:生息地：低地〜低山地；林縁、路傍、草地など。幼生期：葉面に産卵し、幼虫は葉を食べる。野外で幼虫が確認されることは少ない。,7,original_pdf_page_verified
H6-067,44,46,キバラマルノミハムシ,Hemipyxis flaviabdominalis Chujo,mapped_scientific,現行学名の属名・種小名・明示亜種の一致,species-H085,,,,species-H085:2月に採集記録,,,,1,original_pdf_page_verified
H6-068,44,46,キバネマルノミハムシ,Hemipyxis flavipennis (Baly),mapped_scientific,現行学名の属名・種小名・明示亜種の一致,species-H086,ネズミモチ、コバノトネリコ。,species-H086:ネズミモチ;species-H086:コバノトネリコ,4〜7月；年1化、成虫越冬。,species-H086:4〜7月,低地〜低山地；広葉樹林、林縁、路傍など。,室内では5月に産卵するが、野外で幼虫を確認していない。,species-H086:生息地：低地〜低山地；広葉樹林、林縁、路傍など。幼生期：室内では5月に産卵するが、野外で幼虫を確認していない。,4,original_pdf_page_verified
H6-069,44,46,キイロミゾアシノミハムシ,Hemipyxis foveolata foveolata (Chujo),mapped_scientific,現行学名の属名・種小名・明示亜種の一致,species-H087,リュウキュウモチ、クサギ。,species-H087:リュウキュウモチ;species-H087:クサギ,4〜5月；年1化、成虫越冬?,species-H087:4〜5月,低地〜低山地；広葉樹林、林縁、路傍など。,不明。,species-H087:生息地：低地〜低山地；広葉樹林、林縁、路傍など。,4,original_pdf_page_verified
H6-070,44,46,ヒゲナガマルノミハムシ,Hemipyxis plagioderoides (Motschulsky),mapped_override,現行日本列島の甲虫全種目録の旧学名・異名欄,species-H089,オオバコ、クサギ、オドリコソウ、テンニンソウなど。,species-H089:オオバコ;species-H089:クサギ;species-H089:オドリコソウ;species-H089:テンニンソウ,4〜8月；年1化、成虫越冬。,species-H089:4〜8月,低地〜山地；広葉樹林、林縁、沢沿い、路傍。,5〜6月に葉面に産卵する。幼虫は葉を食うが、野外では見つけにくい。,species-H089:生息地：低地〜山地；広葉樹林、林縁、沢沿い、路傍。幼生期：5〜6月に葉面に産卵する；幼虫は葉を食うが、野外では見つけにくい。,9,original_pdf_page_verified
H6-071,44,46,マエモンヒラタノミハムシ,Hemipyxis shirakii Nakane et Kimoto,mapped_scientific,現行学名の属名・種小名・明示亜種の一致,species-H090,不明。,,4〜7月；年1化、成虫越冬?,species-H090:4〜7月,低地〜低山地；広葉樹林、林縁など。,不明。,species-H090:生息地：低地〜低山地；広葉樹林、林縁など。,2,original_pdf_page_verified
H6-072,44,46,タカラミゾアシノミハムシ,Hemipyxis takarai Kimoto et Gressitt,mapped_scientific,現行学名の属名・種小名・明示亜種の一致,species-H091,,,,species-H091:3月に採集記録,,,,1,original_pdf_page_verified
H6-073,45,47,シロヒゲトビハムシ,Hespera lomasa Maulik,mapped_scientific,現行学名の属名・種小名・明示亜種の一致,species-H093,不明。,,4〜5月；年1化、成虫越冬?,species-H093:4〜5月,低地〜低山地；林縁、荒地、草地。,不明。,species-H093:生息地：低地〜低山地；林縁、荒地、草地。,2,original_pdf_page_verified
H6-074,45,47,アカガネトビハムシ,Hippuriphila babai (Chujo),mapped_scientific,現行学名の属名・種小名・明示亜種の一致,species-H094,スギナと思われる。,,5〜9月；年1化、成虫越冬。,species-H094:5〜9月,低地；路傍、湿地など。,不明であるが、シベリアの modeeri (Linnaeus) はスギナの茎内に潜入する。,species-H094:生息地：低地；路傍、湿地など。,3,original_pdf_page_verified
H6-075,45,47,コブアシトビハムシ,Hyphasis inconstans Jacoby,mapped_scientific,現行学名の属名・種小名・明示亜種の一致,species-H095,,,,,,,,0,original_pdf_page_verified
H6-076,45,47,ヘリグロセダカトビハムシ,Lanka esakii (Chujo et Ohno),mapped_scientific,現行学名の属名・種小名・明示亜種の一致,species-H101,フウトウカズラ。,species-H101:フウトウカズラ,,,不明。,,,1,original_pdf_page_verified
H6-077,45,47,キイロセダカトビハムシ,Lanka fulva (Chujo),mapped_scientific,現行学名の属名・種小名・明示亜種の一致,species-H102,フウトウカズラ。,species-H102:フウトウカズラ,4月；年1化、成虫越冬?,species-H102:4月,低地〜低山地；広葉樹林、林縁。,不明。,species-H102:生息地：低地〜低山地；広葉樹林、林縁。,3,original_pdf_page_verified
H6-078,45,47,ホウノキセダカトビハムシ,Lanka magnoliae (Chujo et Ohno),mapped_scientific,現行学名の属名・種小名・明示亜種の一致,species-H103,ホウノキ。,species-H103:ホオノキ,4〜9月；年1化、成虫越冬。,species-H103:4〜9月,低地〜低山地；広葉樹林、林縁、沢筋。,室内ではホウノキの葉の葉脈沿いに産卵し、幼虫が孵化した。形態からは潜葉性あるいは地中性と思われるが、不明である。,species-H103:生息地：低地〜低山地；広葉樹林、林縁、沢筋。幼生期：室内ではホオノキの葉脈沿いに産卵し、幼虫が孵化した。,3,original_pdf_page_verified
H6-079,45,47,セスジトビハムシ,Lipromela minutissima (Pic),mapped_scientific,現行学名の属名・種小名・明示亜種の一致,species-H107,ハンノキ。,species-H107:ハンノキ,6〜7月；年1化、成虫越冬?,species-H107:6〜7月,低地〜低山地；広葉樹林、林縁、林道沿い。,不明。,species-H107:生息地：低地〜低山地；広葉樹林、林縁、林道沿い。,2,original_pdf_page_verified
H6-080,46,48,オキナワセスジトビハムシ,Lipromela okinawana Chujo,mapped_scientific,現行学名の属名・種小名・明示亜種の一致,species-H108,カエデ類。,species-H108:カエデ,4〜5月；年1化、成虫越冬?,species-H108:4〜5月,低地〜低山地；広葉樹林、林縁、林道沿い。,不明。,species-H108:生息地：低地〜低山地；広葉樹林、林縁、林道沿い。,2,original_pdf_page_verified
H6-081,46,48,サシゲトビハムシ,Lipromima minuta (Jacoby),mapped_scientific,現行学名の属名・種小名・明示亜種の一致,species-H109,ヌルデ。,species-H109:ヌルデ,4〜10月；年1化、成虫越冬?,species-H109:4〜10月,低地〜低山地；広葉樹林、林縁、林道沿い、草地。,不明。,species-H109:生息地：低地〜低山地；広葉樹林、林縁、林道沿い、草地。,3,original_pdf_page_verified
H6-082,46,48,オキノエラブクビボソトビハムシ,Lipromorpha inexpectata Komiya,mapped_scientific,現行学名の属名・種小名・明示亜種の一致,species-H110,テリハノブドウ。,species-H110:テリハノブドウ,4月；年1化、成虫越冬?,species-H110:4月,低地；草地。,不明であるが、地中性と思われる。,species-H110:生息地：低地；草地。,2,original_pdf_page_verified
H6-083,46,48,リュウキュウクビボソトビハムシ,Lipromorpha loochooana Chujo,mapped_scientific,現行学名の属名・種小名・明示亜種の一致,species-H111,テリハノブドウ。,species-H111:テリハノブドウ,4〜5月；年1化、成虫越冬?,species-H111:4〜5月,低地〜低山地；広葉樹林林縁、路傍。,不明。,species-H111:生息地：低地〜低山地；広葉樹林林縁、路傍。,2,original_pdf_page_verified
H6-084,46,48,サキシマクビボソトビハムシ,Lipromorpha sakishimana Komiya,mapped_scientific,現行学名の属名・種小名・明示亜種の一致,species-H112,テリハノブドウ。,species-H112:テリハノブドウ,3〜4月；年1化、成虫越冬?,species-H112:3〜4月,低地；林縁、路傍。,不明。,species-H112:生息地：低地；林縁、路傍。,2,original_pdf_page_verified
H6-085,46,48,ナガトビハムシ,Liprus punctatostriatus (Motschulsky),mapped_scientific,現行学名の属名・種小名・明示亜種の一致,species-H113,ギボウシ類、キチジョウソウ。,species-H113:ギボウシ;species-H113:キチジョウソウ,4〜7月；年1化、成虫越冬。,species-H113:4〜7月,低地〜低山地；広葉樹林、林床、林縁、草地、湿地、庭など。,5月にギボウシ類の根部に地中性の幼虫がみられた。,species-H113:生息地：低地〜低山地；広葉樹林、林床、林縁、草地、湿地、庭など。幼生期：5月にギボウシ類の根部に地中性の幼虫がみられた。,4,original_pdf_page_verified
H6-086,46,48,アダムスアシナガトビハムシ,Longitarsus adamsii (Baly),mapped_scientific,現行学名の属名・種小名・明示亜種の一致,species-H114,トウゲブキ、ハンゴンソウ、キオン、フキ。,species-H114:トウゲブキ;species-H114:ハンゴンソウ;species-H114:キオン;species-H114:フキ,7〜9月；年1化、成虫越冬。,species-H114:7〜9月,低地から山地；湿地、草地、広葉樹林林床。,不明であるが、地中性と思われる。,species-H114:生息地：低地から山地；湿地、草地、広葉樹林林床。,2,original_pdf_page_verified
H6-087,47,49,クロボシトビハムシ,Longitarsus bimaculatus (Baly),mapped_scientific,現行学名の属名・種小名・明示亜種の一致,species-H115,ネズミモチ類、イボタ。,species-H115:ネズミモチ;species-H115:イボタ,4〜11月；年1化、成虫越冬。,species-H115:4〜11月,低地から低山地；路傍、生垣、広葉樹林、河川敷。,,species-H115:生息地：低地から低山地；路傍、生垣、広葉樹林、河川敷。市街地の植込みなどにも多くみられる。,4,original_pdf_page_verified
H6-088,47,49,ミスジアシナガトビハムシ,Longitarsus boharti Kimoto,mapped_scientific,現行学名の属名・種小名・明示亜種の一致,species-H116,,,,species-H116:5月に採集記録,,,,1,original_pdf_page_verified
H6-089,47,49,ムラサキアシナガトビハムシ,Longitarsus boraginicolus Ohno,mapped_scientific,現行学名の属名・種小名・明示亜種の一致,species-H117,ハナイバナ、オニルリソウ、オオルリソウ、ヤマルリソウ、ホタルカズラ、ハマベンケイソウ、スナビキソウ、ミズタビラコ、ツルカメバソウ、キュウリグサ、ヒレハリソウ。,species-H117:ハナイバナ;species-H117:オニルリソウ;species-H117:オオルリソウ;species-H117:ヤマルリソウ;species-H117:ホタルカズラ;species-H117:ハマベンケイソウ;species-H117:スナビキソウ;species-H117:ミズタビラコ;species-H117:ツルカメバソウ;species-H117:キュウリグサ;species-H117:ヒレハリソウ,3〜11月；年1化?、成虫越冬。,species-H117:3〜11月,低地〜低山地；路傍、草地、河川敷、畑地、庭など。,不明であるが、地中性と思われる。,species-H117:生息地：低地〜低山地；路傍、草地、河川敷、畑地、庭など。,2,original_pdf_page_verified
H6-090,47,49,アカアシナガトビハムシ,Longitarsus cervinus (Baly),mapped_scientific,現行学名の属名・種小名・明示亜種の一致,species-H118,フキ。,species-H118:フキ,4〜6月；年1化、成虫越冬?,species-H118:4〜6月,低地〜低山地；草地。,不明であるが、地中性と思われる。,species-H118:生息地：低地〜低山地；草地。,2,original_pdf_page_verified
H6-091,47,49,セアカアシナガトビハムシ,Longitarsus dorsopictus Chen,mapped_scientific,現行学名の属名・種小名・明示亜種の一致,species-H119,中国ではイボタ類 (Ligustrum sinense),species-H119:イボタ,,,,,,1,original_pdf_page_verified
H6-092,47,49,タイワンアシナガトビハムシ,Longitarsus formosanus Chujo,mapped_scientific,現行学名の属名・種小名・明示亜種の一致,species-H120,オオキバムカシヨモギ。,species-H120:オオキバムカシヨモギ,,,不明。,,,2,original_pdf_page_verified
H6-093,47,49,イヌノフグリトビハムシ,Longitarsus holsaticus (Linnaeus),mapped_scientific,現行学名の属名・種小名・明示亜種の一致,species-H121,イヌノフグリ類、タチイヌノフグリ。,species-H121:イヌノフグリ;species-H121:タチイヌノフグリ,3〜11月；年1化、成虫越冬。,species-H121:3〜11月,低地〜低山地；草地、畦畔、河川敷、畑地、路傍。,不明であるが、地中性と思われる。,species-H121:生息地：低地〜低山地；草地、畦畔、河川敷、畑地、路傍。,3,original_pdf_page_verified
H6-094,48,50,イシガキアシナガトビハムシ,Longitarsus ishigakiensis Kimoto,mapped_scientific,現行学名の属名・種小名・明示亜種の一致,species-H122,,,,,,,,0,original_pdf_page_verified
H6-095,48,50,コミヤアシナガトビハムシ,Longitarsus komiyai Ohno,mapped_scientific,現行学名の属名・種小名・明示亜種の一致,species-H123,イヌゴマ、ヤマハッカ、アキノタムラソウ、メハジキ。,species-H123:イヌゴマ;species-H123:ヤマハッカ;species-H123:アキノタムラソウ;species-H123:メハジキ,5〜9月；年1化、成虫越冬?,species-H123:5〜9月,低地〜丘陵地；草地。,不明であるが、地中性と思われる。,species-H123:生息地：低地〜丘陵地；草地。,2,original_pdf_page_verified
H6-096,48,50,クガイソウアシナガトビハムシ,Longitarsus longiseta Weise,mapped_scientific,現行学名の属名・種小名・明示亜種の一致,species-H125,クガイソウ、オオバコ類。,species-H125:クガイソウ;species-H125:オオバコ,4〜9月；年1化、成虫越冬?,species-H125:4〜9月,低地〜山地；草地、湿地。,不明であるが、地中性と思われる。,species-H125:生息地：低地〜山地；草地、湿地。,2,original_pdf_page_verified
H6-097,48,50,コクロアシナガトビハムシ,Longitarsus morrisonus Chujo,mapped_scientific,現行学名の属名・種小名・明示亜種の一致,species-H126,キュウリグサ、ハナイバナ。,species-H126:キュウリグサ;species-H126:ハナイバナ,3〜11月；年1化、成虫越冬?,species-H126:3〜11月,低地〜山地；草地、畑地、河川敷、路傍。,,species-H126:生息地：低地〜山地；草地、畑地、河川敷、路傍。,2,original_pdf_page_verified
H6-098,48,50,ハッカアシナガトビハムシ,Longitarsus nipponensis Csiki,mapped_scientific,現行学名の属名・種小名・明示亜種の一致,species-H127,ハッカ、ヤマハッカ、ヒキオコシ、メハジキ、ウツボグサ。,species-H127:ハッカ;species-H127:ヤマハッカ;species-H127:ヒキオコシ;species-H127:メハジキ;species-H127:ウツボグサ,3〜10月；年1化、成虫越冬?,species-H127:3〜10月,低地〜山地；草地、湿地、河川敷。,不明であるが、地中性と思われる。,species-H127:生息地：低地〜山地；草地、湿地、河川敷。,2,original_pdf_page_verified
H6-099,48,50,ヒヨドリバナアシナガトビハムシ,Longitarsus nitidiamiculus Kimoto,mapped_scientific,現行学名の属名・種小名・明示亜種の一致,species-H128,ヒヨドリバナ、ヤマヒヨドリ、ヨツバヒヨドリ。,species-H128:ヒヨドリバナ;species-H128:ヤマヒヨドリ;species-H128:ヨツバヒヨドリ,6〜9月；年1化、成虫越冬?,species-H128:6〜9月,低地〜山地；草地、林縁、河川敷。,不明であるが、地中性と思われる。,species-H128:生息地：低地〜山地；草地、林縁、河川敷。,2,original_pdf_page_verified
H6-100,48,50,オオアシナガトビハムシ,Longitarsus nitidus Jacoby,mapped_scientific,現行学名の属名・種小名・明示亜種の一致,species-H129,ヒルガオ、ハマヒルガオ。,species-H129:ヒルガオ;species-H129:ハマヒルガオ,6〜9月；年1化、成虫越冬?,species-H129:6〜9月,低地から低山地；林縁、路傍、草地、畑地、河川敷。,不明であるが、地中性と思われる。,species-H129:生息地：低地から低山地；林縁、路傍、草地、畑地、河川敷。,2,original_pdf_page_verified
H6-101,49,51,チュウジョウアシナガトビハムシ,Longitarsus ohnoi Gruev,mapped_scientific,現行学名の属名・種小名・明示亜種の一致,species-H130,ヒルガオ。,species-H130:ヒルガオ,7〜8月。,species-H130:7〜8月,,,,2,original_pdf_page_verified
H6-102,49,51,ヒナノウスツボアシナガトビハムシ,Longitarsus okushirensis Gruev,mapped_japanese,原本和名と現行和名・別名の一意一致,species-H131,エゾヒナノウスツボ。,species-H131:エゾヒナノウスツボ,7〜8月。,species-H131:7〜8月,,,,2,original_pdf_page_verified
H6-103,49,51,トウヨウアシナガトビハムシ,Longitarsus orientalis Jacoby,mapped_scientific,現行学名の属名・種小名・明示亜種の一致,species-H132,ニガクサ。,species-H132:ニガクサ,6〜10月；年1化、成虫越冬?,species-H132:6〜10月,低地；河川敷、湿地。,不明であるが、地中性と思われる。,species-H132:生息地：低地；河川敷、湿地。,2,original_pdf_page_verified
H6-104,49,51,カクムネアシナガトビハムシ,Longitarsus quadraticollis Jacoby,mapped_scientific,現行学名の属名・種小名・明示亜種の一致,species-H134,ムラサキシキブ、オオムラサキシキブ。,species-H134:ムラサキシキブ;species-H134:オオムラサキシキブ,5〜8月；年1化、成虫越冬?,species-H134:5〜8月,低地〜低山地；広葉樹林、林縁。,不明であるが、地中性と思われる。,species-H134:生息地：低地〜低山地；広葉樹林、林縁。成虫はムラサキシキブ類の花によく集まる。,2,original_pdf_page_verified
H6-105,49,51,タツナミソウアシナガトビハムシ,Longitarsus scutellariae Ohno,mapped_scientific,現行学名の属名・種小名・明示亜種の一致,species-H135,タツナミソウ、ヤマタツナミソウ、シソバタツナミソウ。,species-H135:タツナミソウ;species-H135:ヤマタツナミソウ;species-H135:シソバタツナミソウ,5〜9月。,species-H135:5〜9月,低地〜低山地。,,species-H135:生息地：低地〜低山地。,2,original_pdf_page_verified
H6-106,49,51,オオバコトビハムシ,Longitarsus scutellaris (Rey),mapped_scientific,現行学名の属名・種小名・明示亜種の一致,species-H136,オオバコ、エゾオオバコ。,species-H136:オオバコ;species-H136:エゾオオバコ,4〜11月；多化性?、成虫越冬。,species-H136:4〜11月,低地〜山地；路傍、草地、荒地、畑地、河川敷。,8月に室内で産卵し、孵化幼虫はオオバコの根部を加害した。,species-H136:生息地：低地〜山地；路傍、草地、荒地、畑地、河川敷。幼生期：8月に室内で産卵し、孵化幼虫はオオバコの根部を加害した。,4,original_pdf_page_verified
H6-107,50,52,ヨモギアシナガトビハムシ,Longitarsus succineus (Foudras),mapped_override,現行日本列島の甲虫全種目録の旧学名・異名欄,species-H137,イワヨモギ、オトコヨモギ、ヨモギ、ヤマヨモギ、ツワブキ。,species-H137:イワヨモギ;species-H137:オトコヨモギ;species-H137:ヨモギ;species-H137:ヤマヨモギ;species-H137:ツワブキ,4〜10月；年1化、成虫越冬?,species-H137:4〜10月,低地〜山地；草地、河川敷、林縁、林道沿い。,不明であるが、地中性と思われる。,species-H137:生息地：低地〜山地；草地、河川敷、林縁、林道沿い。,6,original_pdf_page_verified
H6-108,50,52,ハンゴンソウアシナガトビハムシ,Longitarsus suturellus (Duftschmid),mapped_scientific,現行学名の属名・種小名・明示亜種の一致,species-H138,ハンゴンソウ。,species-H138:ハンゴンソウ,5〜10月；年1化、成虫越冬。,species-H138:5〜10月,低地〜山地；草地、沢沿い、湿地。,不明であるが、地中性と思われる。,species-H138:生息地：低地〜山地；草地、沢沿い、湿地。,2,original_pdf_page_verified
H6-109,50,52,スズキアシナガトビハムシ,Longitarsus suzukii Ohno,mapped_scientific,現行学名の属名・種小名・明示亜種の一致,species-H139,不明。,,6〜9月；年1化、成虫越冬?,species-H139:6〜9月,低地〜山地；草地、湿地。,不明であるが、地中性と思われる。,species-H139:生息地：低地〜山地；草地、湿地。青森県車力村では海岸付近のヨシ湿地で晩秋に多数の未熟個体がみられた。,2,original_pdf_page_verified
H6-110,50,52,マルアシナガトビハムシ,Longitarsus tabidus (Fabricius),mapped_override,Takizawa 2015原記載・現行目録・Sergeev 2024再検討,species-H133,不明。,,8月。,species-H133:8月,低地。,,species-H133:生息地：低地。,2,original_pdf_page_verified
H6-111,50,52,トカラアシナガトビハムシ,Longitarsus tokaranus Nakane et Kimoto,mapped_scientific,現行学名の属名・種小名・明示亜種の一致,species-H140,,,,species-H140:4月に採集記録,,,,1,original_pdf_page_verified
H6-112,50,52,カクバネアシナガトビハムシ,Longitarsus yoshiakii Ohno,mapped_scientific,現行学名の属名・種小名・明示亜種の一致,species-H141,ヒメジオン、オグルマ。,species-H141:ヒメジョオン;species-H141:オグルマ,3、7、9月。,species-H141:3、7、9月,不明。,,,3,original_pdf_page_verified
