audit_id,entity,action,record_ids,insect_id,note_type,match_content,field,expected_value,approved_value,plant_name,plant_family,observation_type,plant_part,life_stage,reference,notes,source_pdf_file,source_pdf_sha256,pdf_page,printed_page,evidence,decision,reviewed_on,note_page,note_year
H1-001,hostplant,add_host_relation,hostplant-hamakiga1-foreign-20260712-004-01,species-2154,,,,,,カバノキ属,カバノキ科,野外（国外）,,幼虫,日本のハマキガ1,,"日本のハマキガ 1　モグリヒメハマキガ族（鱗翅目,ハマキガ科,ヒメハマキガ亜科）.pdf",78f75fd532ace774cff181d573c96c04052e1c65dd77a352ec520d7cd33de646,18,17,原PDF画像の寄主植物欄で国外寄主「カバノキ属」を確認。ヨーロッパでの記録（Betula spp.）,国内寄主と混同しないよう野外（国外）として追加。,2026-07-12,,
H1-002,hostplant,add_host_relation,hostplant-hamakiga1-foreign-20260712-005-01,species-2156,,,,,,ヨーロッパヤマナラシ,ヤナギ科,野外（国外）,,幼虫,日本のハマキガ1,,"日本のハマキガ 1　モグリヒメハマキガ族（鱗翅目,ハマキガ科,ヒメハマキガ亜科）.pdf",78f75fd532ace774cff181d573c96c04052e1c65dd77a352ec520d7cd33de646,18,17,原PDF画像の寄主植物欄で国外寄主「ヨーロッパヤマナラシ」を確認。ヨーロッパでの記録（Populus nigra）,国内寄主と混同しないよう野外（国外）として追加。,2026-07-12,,
H1-003,hostplant,add_host_relation,hostplant-hamakiga1-foreign-20260712-011-01,species-2163,,,,,,カエデ属,ムクロジ科,野外（国外）,,幼虫,日本のハマキガ1,,"日本のハマキガ 1　モグリヒメハマキガ族（鱗翅目,ハマキガ科,ヒメハマキガ亜科）.pdf",78f75fd532ace774cff181d573c96c04052e1c65dd77a352ec520d7cd33de646,20,19,原PDF画像の寄主植物欄で国外寄主「カエデ属」を確認。ロシアでの記録（Acer）,国内寄主と混同しないよう野外（国外）として追加。,2026-07-12,,
H1-004,hostplant,add_host_relation,hostplant-hamakiga1-foreign-20260712-017-01,species-2170,,,,,,オヒョウ,ニレ科,野外（国外）,,幼虫,日本のハマキガ1,,"日本のハマキガ 1　モグリヒメハマキガ族（鱗翅目,ハマキガ科,ヒメハマキガ亜科）.pdf",78f75fd532ace774cff181d573c96c04052e1c65dd77a352ec520d7cd33de646,21,20,原PDF画像の寄主植物欄で国外寄主「オヒョウ」を確認。ロシアでの記録（Ulmus laciniata）,国内寄主と混同しないよう野外（国外）として追加。,2026-07-12,,
H1-005,hostplant,add_host_relation,hostplant-hamakiga1-foreign-20260712-020-01,species-2173,,,,,,ヨーロッパモミ,マツ科,野外（国外）,,幼虫,日本のハマキガ1,,"日本のハマキガ 1　モグリヒメハマキガ族（鱗翅目,ハマキガ科,ヒメハマキガ亜科）.pdf",78f75fd532ace774cff181d573c96c04052e1c65dd77a352ec520d7cd33de646,22,21,原PDF画像の寄主植物欄で国外寄主「ヨーロッパモミ」を確認。ヨーロッパでの記録（Abies alba）,国内寄主と混同しないよう野外（国外）として追加。,2026-07-12,,
H1-006,hostplant,add_host_relation,hostplant-hamakiga1-foreign-20260712-020-02,species-2173,,,,,,ドイツトウヒ,マツ科,野外（国外）,,幼虫,日本のハマキガ1,,"日本のハマキガ 1　モグリヒメハマキガ族（鱗翅目,ハマキガ科,ヒメハマキガ亜科）.pdf",78f75fd532ace774cff181d573c96c04052e1c65dd77a352ec520d7cd33de646,22,21,原PDF画像の寄主植物欄で国外寄主「ドイツトウヒ」を確認。ヨーロッパでの記録（Picea abies）,国内寄主と混同しないよう野外（国外）として追加。,2026-07-12,,
H1-007,hostplant,add_host_relation,hostplant-hamakiga1-foreign-20260712-024-01,species-2164,,,,,,カバノキ属,カバノキ科,野外（国外）,,幼虫,日本のハマキガ1,,"日本のハマキガ 1　モグリヒメハマキガ族（鱗翅目,ハマキガ科,ヒメハマキガ亜科）.pdf",78f75fd532ace774cff181d573c96c04052e1c65dd77a352ec520d7cd33de646,23,22,原PDF画像の寄主植物欄で国外寄主「カバノキ属」を確認。ヨーロッパでの記録（Betula）,国内寄主と混同しないよう野外（国外）として追加。,2026-07-12,,
H1-008,hostplant,add_host_relation,hostplant-hamakiga1-foreign-20260712-024-02,species-2164,,,,,,ハンノキ属,カバノキ科,野外（国外）,,幼虫,日本のハマキガ1,,"日本のハマキガ 1　モグリヒメハマキガ族（鱗翅目,ハマキガ科,ヒメハマキガ亜科）.pdf",78f75fd532ace774cff181d573c96c04052e1c65dd77a352ec520d7cd33de646,23,22,原PDF画像の寄主植物欄で国外寄主「ハンノキ属」を確認。ヨーロッパでの記録（Alnus）,国内寄主と混同しないよう野外（国外）として追加。,2026-07-12,,
H1-009,hostplant,add_host_relation,hostplant-hamakiga1-foreign-20260712-027-01,species-2181,,,,,,オオハシバミ,カバノキ科,野外（国外）,,幼虫,日本のハマキガ1,,"日本のハマキガ 1　モグリヒメハマキガ族（鱗翅目,ハマキガ科,ヒメハマキガ亜科）.pdf",78f75fd532ace774cff181d573c96c04052e1c65dd77a352ec520d7cd33de646,24,23,原PDF画像の寄主植物欄で国外寄主「オオハシバミ」を確認。ロシアでの記録（Corylus heterophylla var. heterophylla）,国内寄主と混同しないよう野外（国外）として追加。,2026-07-12,,
H1-010,hostplant,add_host_relation,hostplant-hamakiga1-foreign-20260712-028-01,species-2184,,,,,,ヤナギ類,ヤナギ科,野外（国外）,,幼虫,日本のハマキガ1,,"日本のハマキガ 1　モグリヒメハマキガ族（鱗翅目,ハマキガ科,ヒメハマキガ亜科）.pdf",78f75fd532ace774cff181d573c96c04052e1c65dd77a352ec520d7cd33de646,24,23,原PDF画像の寄主植物欄で国外寄主「ヤナギ類」を確認。ヨーロッパでの記録（Salix）,国内寄主と混同しないよう野外（国外）として追加。,2026-07-12,,
H1-011,hostplant,add_host_relation,hostplant-hamakiga1-foreign-20260712-028-02,species-2184,,,,,,ヨーロッパヤマナラシ,ヤナギ科,野外（国外）,,幼虫,日本のハマキガ1,,"日本のハマキガ 1　モグリヒメハマキガ族（鱗翅目,ハマキガ科,ヒメハマキガ亜科）.pdf",78f75fd532ace774cff181d573c96c04052e1c65dd77a352ec520d7cd33de646,24,23,原PDF画像の寄主植物欄で国外寄主「ヨーロッパヤマナラシ」を確認。ヨーロッパでの記録（Populus tremula var. tremula）,国内寄主と混同しないよう野外（国外）として追加。,2026-07-12,,
H1-012,hostplant,add_host_relation,hostplant-hamakiga1-foreign-20260712-029-01,species-2185,,,,,,チョウセンヤマナラシ,ヤナギ科,野外（国外）,,幼虫,日本のハマキガ1,,"日本のハマキガ 1　モグリヒメハマキガ族（鱗翅目,ハマキガ科,ヒメハマキガ亜科）.pdf",78f75fd532ace774cff181d573c96c04052e1c65dd77a352ec520d7cd33de646,24,23,原PDF画像の寄主植物欄で国外寄主「チョウセンヤマナラシ」を確認。ロシアでの記録（Populus davidiana f. laticuneata）,国内寄主と混同しないよう野外（国外）として追加。,2026-07-12,,
H1-013,hostplant,add_host_relation,hostplant-hamakiga1-foreign-20260712-030-01,species-2171,,,,,,シラカンバ,カバノキ科,野外（国外）,,幼虫,日本のハマキガ1,,"日本のハマキガ 1　モグリヒメハマキガ族（鱗翅目,ハマキガ科,ヒメハマキガ亜科）.pdf",78f75fd532ace774cff181d573c96c04052e1c65dd77a352ec520d7cd33de646,25,24,原PDF画像の寄主植物欄で国外寄主「シラカンバ」を確認。ロシアでの記録（Betula platyphylla）,国内寄主と混同しないよう野外（国外）として追加。,2026-07-12,,
H1-014,hostplant,add_host_relation,hostplant-hamakiga1-foreign-20260712-030-02,species-2171,,,,,,ハンノキ属,カバノキ科,野外（国外）,,幼虫,日本のハマキガ1,,"日本のハマキガ 1　モグリヒメハマキガ族（鱗翅目,ハマキガ科,ヒメハマキガ亜科）.pdf",78f75fd532ace774cff181d573c96c04052e1c65dd77a352ec520d7cd33de646,25,24,原PDF画像の寄主植物欄で国外寄主「ハンノキ属」を確認。ロシアでの記録（Alnus）,国内寄主と混同しないよう野外（国外）として追加。,2026-07-12,,
H1-015,hostplant,delete_host_records,hostplant-000530; hostplant-000531,species-2188,,,,,,,,,,,日本のハマキガ1,,"日本のハマキガ 1　モグリヒメハマキガ族（鱗翅目,ハマキガ科,ヒメハマキガ亜科）.pdf",78f75fd532ace774cff181d573c96c04052e1c65dd77a352ec520d7cd33de646,26,25,原PDFは「モミ属 Abies，トウヒ属 Picea」と属レベルで記載。,同じ出典の属レベル行が存在するため、意味重複する種名風の2行を削除。,2026-07-12,,
H1-016,hostplant,add_host_relation,hostplant-hamakiga1-foreign-20260712-034-01,species-2195,,,,,,カバノキ属,カバノキ科,野外（国外）,,幼虫,日本のハマキガ1,,"日本のハマキガ 1　モグリヒメハマキガ族（鱗翅目,ハマキガ科,ヒメハマキガ亜科）.pdf",78f75fd532ace774cff181d573c96c04052e1c65dd77a352ec520d7cd33de646,26,25,原PDF画像の寄主植物欄で国外寄主「カバノキ属」を確認。イギリスでの記録（Betula）,国内寄主と混同しないよう野外（国外）として追加。,2026-07-12,,
H1-017,hostplant,add_host_relation,hostplant-hamakiga1-foreign-20260712-037-01,species-2182,,,,,,チョウセンモミ,マツ科,野外（国外）,,幼虫,日本のハマキガ1,,"日本のハマキガ 1　モグリヒメハマキガ族（鱗翅目,ハマキガ科,ヒメハマキガ亜科）.pdf",78f75fd532ace774cff181d573c96c04052e1c65dd77a352ec520d7cd33de646,27,26,原PDF画像の寄主植物欄で国外寄主「チョウセンモミ」を確認。ロシアでの記録（Abies holophylla）,国内寄主と混同しないよう野外（国外）として追加。,2026-07-12,,
H1-018,hostplant,add_host_relation,hostplant-hamakiga1-foreign-20260712-037-02,species-2182,,,,,,アカトドマツ,マツ科,野外（国外）,,幼虫,日本のハマキガ1,,"日本のハマキガ 1　モグリヒメハマキガ族（鱗翅目,ハマキガ科,ヒメハマキガ亜科）.pdf",78f75fd532ace774cff181d573c96c04052e1c65dd77a352ec520d7cd33de646,27,26,原PDF画像の寄主植物欄で国外寄主「アカトドマツ」を確認。ロシアでの記録（Abies sachalinensis var. sachalinensis）,国内寄主と混同しないよう野外（国外）として追加。,2026-07-12,,
H1-019,hostplant,add_host_relation,hostplant-hamakiga1-foreign-20260712-042-01,species-2191,,,,,,トウヒ属,マツ科,野外（国外）,,幼虫,日本のハマキガ1,,"日本のハマキガ 1　モグリヒメハマキガ族（鱗翅目,ハマキガ科,ヒメハマキガ亜科）.pdf",78f75fd532ace774cff181d573c96c04052e1c65dd77a352ec520d7cd33de646,28,27,原PDF画像の寄主植物欄で国外寄主「トウヒ属」を確認。ヨーロッパでの記録（Picea spp.）,国内寄主と混同しないよう野外（国外）として追加。,2026-07-12,,
H1-020,hostplant,add_host_relation,hostplant-hamakiga1-foreign-20260712-047-01,species-2315,,,,,,ワタ,アオイ科,野外（国外）,,幼虫,日本のハマキガ1,,"日本のハマキガ 1　モグリヒメハマキガ族（鱗翅目,ハマキガ科,ヒメハマキガ亜科）.pdf",78f75fd532ace774cff181d573c96c04052e1c65dd77a352ec520d7cd33de646,30,29,原PDF画像の寄主植物欄で国外寄主「ワタ」を確認。海外での記録（Gossypium arboreum var. obtusifolium）,国内寄主と混同しないよう野外（国外）として追加。,2026-07-12,,
H1-021,hostplant,add_host_relation,hostplant-hamakiga1-foreign-20260712-047-02,species-2315,,,,,,ハイビスカス,アオイ科,野外（国外）,,幼虫,日本のハマキガ1,,"日本のハマキガ 1　モグリヒメハマキガ族（鱗翅目,ハマキガ科,ヒメハマキガ亜科）.pdf",78f75fd532ace774cff181d573c96c04052e1c65dd77a352ec520d7cd33de646,30,29,原PDF画像の寄主植物欄で国外寄主「ハイビスカス」を確認。海外での記録（Hibiscus spp.）,国内寄主と混同しないよう野外（国外）として追加。,2026-07-12,,
H1-022,hostplant,add_host_relation,hostplant-hamakiga1-foreign-20260712-047-03,species-2315,,,,,,アオイ科,アオイ科,野外（国外）,,幼虫,日本のハマキガ1,,"日本のハマキガ 1　モグリヒメハマキガ族（鱗翅目,ハマキガ科,ヒメハマキガ亜科）.pdf",78f75fd532ace774cff181d573c96c04052e1c65dd77a352ec520d7cd33de646,30,29,原PDF画像の寄主植物欄で国外寄主「アオイ科」を確認。海外での科レベルの記録,国内寄主と混同しないよう野外（国外）として追加。,2026-07-12,,
H1-023,hostplant,add_host_relation,hostplant-hamakiga1-foreign-20260712-047-04,species-2315,,,,,,ペポカボチャ,ウリ科,野外（国外）,,幼虫,日本のハマキガ1,,"日本のハマキガ 1　モグリヒメハマキガ族（鱗翅目,ハマキガ科,ヒメハマキガ亜科）.pdf",78f75fd532ace774cff181d573c96c04052e1c65dd77a352ec520d7cd33de646,30,29,原PDF画像の寄主植物欄で国外寄主「ペポカボチャ」を確認。海外での記録（Cucurbita pepo）,国内寄主と混同しないよう野外（国外）として追加。,2026-07-12,,
H1-024,hostplant,add_host_relation,hostplant-hamakiga1-foreign-20260712-047-05,species-2315,,,,,,フトモモ科,フトモモ科,野外（国外）,,幼虫,日本のハマキガ1,,"日本のハマキガ 1　モグリヒメハマキガ族（鱗翅目,ハマキガ科,ヒメハマキガ亜科）.pdf",78f75fd532ace774cff181d573c96c04052e1c65dd77a352ec520d7cd33de646,30,29,原PDF画像の寄主植物欄で国外寄主「フトモモ科」を確認。海外での科レベルの記録,国内寄主と混同しないよう野外（国外）として追加。,2026-07-12,,
H1-025,hostplant,add_host_relation,hostplant-hamakiga1-foreign-20260712-047-06,species-2315,,,,,,バラ科,バラ科,野外（国外）,,幼虫,日本のハマキガ1,,"日本のハマキガ 1　モグリヒメハマキガ族（鱗翅目,ハマキガ科,ヒメハマキガ亜科）.pdf",78f75fd532ace774cff181d573c96c04052e1c65dd77a352ec520d7cd33de646,30,29,原PDF画像の寄主植物欄で国外寄主「バラ科」を確認。海外での科レベルの記録,国内寄主と混同しないよう野外（国外）として追加。,2026-07-12,,
H1-026,hostplant,add_host_relation,hostplant-hamakiga1-foreign-20260712-048-01,species-2147,,,,,,ヤナギ類,ヤナギ科,野外（国外）,,幼虫,日本のハマキガ1,,"日本のハマキガ 1　モグリヒメハマキガ族（鱗翅目,ハマキガ科,ヒメハマキガ亜科）.pdf",78f75fd532ace774cff181d573c96c04052e1c65dd77a352ec520d7cd33de646,30,29,原PDF画像の寄主植物欄で国外寄主「ヤナギ類」を確認。ヨーロッパでの記録（Salix）,国内寄主と混同しないよう野外（国外）として追加。,2026-07-12,,
H1-027,hostplant,add_host_relation,hostplant-hamakiga1-foreign-20260712-050-01,species-2196,,,,,,カバノキ属,カバノキ科,野外（国外）,,幼虫,日本のハマキガ1,,"日本のハマキガ 1　モグリヒメハマキガ族（鱗翅目,ハマキガ科,ヒメハマキガ亜科）.pdf",78f75fd532ace774cff181d573c96c04052e1c65dd77a352ec520d7cd33de646,31,30,原PDF画像の寄主植物欄で国外寄主「カバノキ属」を確認。ロシアでの記録（Betula）,国内寄主と混同しないよう野外（国外）として追加。,2026-07-12,,
H1-028,hostplant,add_host_relation,hostplant-hamakiga1-foreign-20260712-051-01,species-2197,,,,,,マンシュウハシドイ,モクセイ科,野外（国外）,,幼虫,日本のハマキガ1,,"日本のハマキガ 1　モグリヒメハマキガ族（鱗翅目,ハマキガ科,ヒメハマキガ亜科）.pdf",78f75fd532ace774cff181d573c96c04052e1c65dd77a352ec520d7cd33de646,31,30,原PDF画像の寄主植物欄で国外寄主「マンシュウハシドイ」を確認。ロシアでの記録（Syringa reticulata var. amurensis）,国内寄主と混同しないよう野外（国外）として追加。,2026-07-12,,
H1-029,hostplant,add_host_relation,hostplant-hamakiga1-foreign-20260712-054-01,species-2200,,,plant_family,レンプクソウ科,ガマズミ科,カンボク,ガマズミ科,野外（国外）,,幼虫,日本のハマキガ1,,"日本のハマキガ 1　モグリヒメハマキガ族（鱗翅目,ハマキガ科,ヒメハマキガ亜科）.pdf",78f75fd532ace774cff181d573c96c04052e1c65dd77a352ec520d7cd33de646,32,31,原PDF画像の国外寄主「カンボク Viburnum opulus var. sargentii」を確認。原典の科名「レンプクソウ科」はサイトのYList正準科名「ガマズミ科」へ正規化。,国内寄主と混同せず野外（国外）として追加し、科名は現行正準値へ統一。,2026-07-12,,
H1-030,general_note,replace_note_content,,species-2213,生態情報,本州では高山帯に分布．成虫発生時期は6 ～7 月,,,本州では高山帯に分布,,,,,,日本のハマキガ1,,"日本のハマキガ 1　モグリヒメハマキガ族（鱗翅目,ハマキガ科,ヒメハマキガ亜科）.pdf",78f75fd532ace774cff181d573c96c04052e1c65dd77a352ec520d7cd33de646,34,33,原PDF画像で分布文と成虫発生時期が別文であることを確認。,生態情報から時期を分離。,2026-07-12,,
H1-031,general_note,add_note,note-hamakiga1-2213-emergence-92f255988d36,species-2213,出現時期,,,,6-7月,,,,,,日本のハマキガ1,,"日本のハマキガ 1　モグリヒメハマキガ族（鱗翅目,ハマキガ科,ヒメハマキガ亜科）.pdf",78f75fd532ace774cff181d573c96c04052e1c65dd77a352ec520d7cd33de646,34,33,原PDF画像に「成虫発生時期は6〜7月」と明記。,出現時期として独立追加。,2026-07-12,,
H1-032,hostplant,add_host_relation,hostplant-hamakiga1-foreign-20260712-070-01,species-2219,,,,,,ヤナギ属,ヤナギ科,野外（国外）,,幼虫,日本のハマキガ1,,"日本のハマキガ 1　モグリヒメハマキガ族（鱗翅目,ハマキガ科,ヒメハマキガ亜科）.pdf",78f75fd532ace774cff181d573c96c04052e1c65dd77a352ec520d7cd33de646,36,35,原PDF画像の寄主植物欄で国外寄主「ヤナギ属」を確認。国外での記録（Salix）,国内寄主と混同しないよう野外（国外）として追加。,2026-07-12,,
H1-033,hostplant,add_host_relation,hostplant-hamakiga1-foreign-20260712-077-01,species-2227,,,,,,タイワンアカマツ,マツ科,野外（国外）,,幼虫,日本のハマキガ1,,"日本のハマキガ 1　モグリヒメハマキガ族（鱗翅目,ハマキガ科,ヒメハマキガ亜科）.pdf",78f75fd532ace774cff181d573c96c04052e1c65dd77a352ec520d7cd33de646,38,37,原PDF画像の寄主植物欄で国外寄主「タイワンアカマツ」を確認。中国での記録（Pinus massoniana）,国内寄主と混同しないよう野外（国外）として追加。,2026-07-12,,
H1-034,hostplant,add_host_relation,hostplant-hamakiga1-foreign-20260712-079-01,species-2229,,,,,,ヨーロッパアカマツ,マツ科,野外（国外）,,幼虫,日本のハマキガ1,,"日本のハマキガ 1　モグリヒメハマキガ族（鱗翅目,ハマキガ科,ヒメハマキガ亜科）.pdf",78f75fd532ace774cff181d573c96c04052e1c65dd77a352ec520d7cd33de646,38,37,原PDF画像の寄主植物欄で国外寄主「ヨーロッパアカマツ」を確認。ヨーロッパでの記録（Pinus sylvestris）,国内寄主と混同しないよう野外（国外）として追加。,2026-07-12,,
H1-035,hostplant,add_host_relation,hostplant-hamakiga1-foreign-20260712-087-01,species-2261,,,,,,コウゾリナ,キク科,野外（国外）,,幼虫,日本のハマキガ1,,"日本のハマキガ 1　モグリヒメハマキガ族（鱗翅目,ハマキガ科,ヒメハマキガ亜科）.pdf",78f75fd532ace774cff181d573c96c04052e1c65dd77a352ec520d7cd33de646,41,40,原PDF画像の寄主植物欄で国外寄主「コウゾリナ」を確認。ヨーロッパでの記録（Picris hieracioides）,国内寄主と混同しないよう野外（国外）として追加。,2026-07-12,,
H1-036,hostplant,add_host_relation,hostplant-hamakiga1-foreign-20260712-087-02,species-2261,,,,,,ヤグルマギク,キク科,野外（国外）,,幼虫,日本のハマキガ1,,"日本のハマキガ 1　モグリヒメハマキガ族（鱗翅目,ハマキガ科,ヒメハマキガ亜科）.pdf",78f75fd532ace774cff181d573c96c04052e1c65dd77a352ec520d7cd33de646,41,40,原PDF画像の寄主植物欄で国外寄主「ヤグルマギク」を確認。ヨーロッパでの記録（Cyanus segetum）,国内寄主と混同しないよう野外（国外）として追加。,2026-07-12,,
H1-037,hostplant,add_host_relation,hostplant-hamakiga1-foreign-20260712-087-03,species-2261,,,,,,ノゲシ類,キク科,野外（国外）,,幼虫,日本のハマキガ1,,"日本のハマキガ 1　モグリヒメハマキガ族（鱗翅目,ハマキガ科,ヒメハマキガ亜科）.pdf",78f75fd532ace774cff181d573c96c04052e1c65dd77a352ec520d7cd33de646,41,40,原PDF画像の寄主植物欄で国外寄主「ノゲシ類」を確認。ヨーロッパでの記録（Lactucaの仲間）,国内寄主と混同しないよう野外（国外）として追加。,2026-07-12,,
H1-038,hostplant,add_host_relation,hostplant-hamakiga1-foreign-20260712-088-01,species-2262,,,,,,アメリカオニアザミ,キク科,野外（国外）,,幼虫,日本のハマキガ1,,"日本のハマキガ 1　モグリヒメハマキガ族（鱗翅目,ハマキガ科,ヒメハマキガ亜科）.pdf",78f75fd532ace774cff181d573c96c04052e1c65dd77a352ec520d7cd33de646,41,40,原PDF画像の寄主植物欄で国外寄主「アメリカオニアザミ」を確認。ヨーロッパでの記録（Cirsium vulgare）,国内寄主と混同しないよう野外（国外）として追加。,2026-07-12,,
H1-039,hostplant,add_host_relation,hostplant-hamakiga1-foreign-20260712-088-02,species-2262,,,,,,ヤグルマギク,キク科,野外（国外）,,幼虫,日本のハマキガ1,,"日本のハマキガ 1　モグリヒメハマキガ族（鱗翅目,ハマキガ科,ヒメハマキガ亜科）.pdf",78f75fd532ace774cff181d573c96c04052e1c65dd77a352ec520d7cd33de646,41,40,原PDF画像の寄主植物欄で国外寄主「ヤグルマギク」を確認。ヨーロッパでの記録（Cyanus segetum）,国内寄主と混同しないよう野外（国外）として追加。,2026-07-12,,
H1-040,hostplant,add_host_relation,hostplant-hamakiga1-foreign-20260712-088-03,species-2262,,,,,,ヒレアザミ属,キク科,野外（国外）,,幼虫,日本のハマキガ1,,"日本のハマキガ 1　モグリヒメハマキガ族（鱗翅目,ハマキガ科,ヒメハマキガ亜科）.pdf",78f75fd532ace774cff181d573c96c04052e1c65dd77a352ec520d7cd33de646,41,40,原PDF画像の寄主植物欄で国外寄主「ヒレアザミ属」を確認。ヨーロッパでの記録（Carduusの仲間）,国内寄主と混同しないよう野外（国外）として追加。,2026-07-12,,
H1-041,hostplant,add_host_relation,hostplant-hamakiga1-foreign-20260712-095-01,species-2269,,,,,,キオン属,キク科,野外（国外）,,幼虫,日本のハマキガ1,,"日本のハマキガ 1　モグリヒメハマキガ族（鱗翅目,ハマキガ科,ヒメハマキガ亜科）.pdf",78f75fd532ace774cff181d573c96c04052e1c65dd77a352ec520d7cd33de646,43,42,原PDF画像の寄主植物欄で国外寄主「キオン属」を確認。ヨーロッパでの記録（Senecio）,国内寄主と混同しないよう野外（国外）として追加。,2026-07-12,,
H1-042,hostplant,add_host_relation,hostplant-hamakiga1-foreign-20260712-100-01,species-2274,,,,,,アキノキリンソウ,キク科,野外（国外）,,幼虫,日本のハマキガ1,,"日本のハマキガ 1　モグリヒメハマキガ族（鱗翅目,ハマキガ科,ヒメハマキガ亜科）.pdf",78f75fd532ace774cff181d573c96c04052e1c65dd77a352ec520d7cd33de646,44,43,原PDF画像の寄主植物欄で国外寄主「アキノキリンソウ」を確認。ヨーロッパでの記録（Solidago virgaurea）,国内寄主と混同しないよう野外（国外）として追加。,2026-07-12,,
H1-043,hostplant,add_host_relation,hostplant-hamakiga1-foreign-20260712-101-01,species-2275,,,,,,アキノキリンソウ,キク科,野外（国外）,,幼虫,日本のハマキガ1,,"日本のハマキガ 1　モグリヒメハマキガ族（鱗翅目,ハマキガ科,ヒメハマキガ亜科）.pdf",78f75fd532ace774cff181d573c96c04052e1c65dd77a352ec520d7cd33de646,45,44,原PDF画像の寄主植物欄で国外寄主「アキノキリンソウ」を確認。ヨーロッパでの記録（Solidago virgaurea）,国内寄主と混同しないよう野外（国外）として追加。,2026-07-12,,
H1-044,hostplant,add_host_relation,hostplant-hamakiga1-foreign-20260712-101-02,species-2275,,,,,,シオン属,キク科,野外（国外）,,幼虫,日本のハマキガ1,,"日本のハマキガ 1　モグリヒメハマキガ族（鱗翅目,ハマキガ科,ヒメハマキガ亜科）.pdf",78f75fd532ace774cff181d573c96c04052e1c65dd77a352ec520d7cd33de646,45,44,原PDF画像の寄主植物欄で国外寄主「シオン属」を確認。ヨーロッパでの記録（Aster）,国内寄主と混同しないよう野外（国外）として追加。,2026-07-12,,
H1-045,hostplant,delete_host_records,hostplant-908387,species-2276,,,,,,,,,,,日本のハマキガ1,,"日本のハマキガ 1　モグリヒメハマキガ族（鱗翅目,ハマキガ科,ヒメハマキガ亜科）.pdf",78f75fd532ace774cff181d573c96c04052e1c65dd77a352ec520d7cd33de646,45,44,栽培キクの関係が同一出典で2行存在。原PDF画像では1関係。,hostplant-000597へ統合し、重複行を削除。,2026-07-12,,
H1-046,hostplant,update_host_field,hostplant-000594,species-2276,,,plant_part,葉,茎,,,,,,日本のハマキガ1,,"日本のハマキガ 1　モグリヒメハマキガ族（鱗翅目,ハマキガ科,ヒメハマキガ亜科）.pdf",78f75fd532ace774cff181d573c96c04052e1c65dd77a352ec520d7cd33de646,45,44,原PDF画像に幼虫は茎の先端へ食入して虫こぶをつくると明記。,同じ寄主列の4行を原文の利用部位「茎」に修正。,2026-07-12,,
H1-047,hostplant,update_host_field,hostplant-000595,species-2276,,,plant_part,葉,茎,,,,,,日本のハマキガ1,,"日本のハマキガ 1　モグリヒメハマキガ族（鱗翅目,ハマキガ科,ヒメハマキガ亜科）.pdf",78f75fd532ace774cff181d573c96c04052e1c65dd77a352ec520d7cd33de646,45,44,原PDF画像に幼虫は茎の先端へ食入して虫こぶをつくると明記。,同じ寄主列の4行を原文の利用部位「茎」に修正。,2026-07-12,,
H1-048,hostplant,update_host_field,hostplant-000596,species-2276,,,plant_part,葉,茎,,,,,,日本のハマキガ1,,"日本のハマキガ 1　モグリヒメハマキガ族（鱗翅目,ハマキガ科,ヒメハマキガ亜科）.pdf",78f75fd532ace774cff181d573c96c04052e1c65dd77a352ec520d7cd33de646,45,44,原PDF画像に幼虫は茎の先端へ食入して虫こぶをつくると明記。,同じ寄主列の4行を原文の利用部位「茎」に修正。,2026-07-12,,
H1-049,hostplant,update_host_field,hostplant-000597,species-2276,,,plant_part,葉,茎,,,,,,日本のハマキガ1,,"日本のハマキガ 1　モグリヒメハマキガ族（鱗翅目,ハマキガ科,ヒメハマキガ亜科）.pdf",78f75fd532ace774cff181d573c96c04052e1c65dd77a352ec520d7cd33de646,45,44,原PDF画像に幼虫は茎の先端へ食入して虫こぶをつくると明記。,同じ寄主列の4行を原文の利用部位「茎」に修正。,2026-07-12,,
H1-050,hostplant,add_host_relation,hostplant-hamakiga1-foreign-20260712-107-01,species-2281,,,,,,ヨモギ属,キク科,野外（国外）,,幼虫,日本のハマキガ1,,"日本のハマキガ 1　モグリヒメハマキガ族（鱗翅目,ハマキガ科,ヒメハマキガ亜科）.pdf",78f75fd532ace774cff181d573c96c04052e1c65dd77a352ec520d7cd33de646,46,45,原PDF画像の寄主植物欄で国外寄主「ヨモギ属」を確認。ヨーロッパでの記録（Artemisia）,国内寄主と混同しないよう野外（国外）として追加。,2026-07-12,,
H1-051,general_note,replace_note_content,,species-2096,生態情報,幼虫は，はじめ針葉に潜るが，その後枝の分岐部，主枝基部と順次移動していく．穿孔場所を頻繁に変えながら，葉の内部組織や樹皮下の木化程度の低いところを摂食する．このような特異な習性は，寄,,,幼虫は，はじめ針葉に潜るが，その後枝の分岐部，主枝基部と順次移動していく．穿孔場所を頻繁に変えながら，葉の内部組織や樹皮下の木化程度の低いところを摂食する,,,,,,日本のハマキガ1,,"日本のハマキガ 1　モグリヒメハマキガ族（鱗翅目,ハマキガ科,ヒメハマキガ亜科）.pdf",78f75fd532ace774cff181d573c96c04052e1c65dd77a352ec520d7cd33de646,55,54,原PDF次ページ画像で「寄」以降に樹脂回避の仮説文が続くことを確認。,途中切れを解消し、客観的な摂食記述までを公開。仮説文は公開から除外。,2026-07-12,,
H1-052,hostplant,add_host_relation,hostplant-hamakiga1-foreign-20260712-137-01,species-2289,,,,,,アキノキリンソウ属,キク科,野外（国外）,,幼虫,日本のハマキガ1,,"日本のハマキガ 1　モグリヒメハマキガ族（鱗翅目,ハマキガ科,ヒメハマキガ亜科）.pdf",78f75fd532ace774cff181d573c96c04052e1c65dd77a352ec520d7cd33de646,56,55,原PDF画像の寄主植物欄で国外寄主「アキノキリンソウ属」を確認。国外での記録（Solidago）,国内寄主と混同しないよう野外（国外）として追加。,2026-07-12,,
H1-053,hostplant,add_host_relation,hostplant-hamakiga1-foreign-20260712-138-01,species-2232,,,,,,タイワンアカマツ,マツ科,野外（国外）,,幼虫,日本のハマキガ1,,"日本のハマキガ 1　モグリヒメハマキガ族（鱗翅目,ハマキガ科,ヒメハマキガ亜科）.pdf",78f75fd532ace774cff181d573c96c04052e1c65dd77a352ec520d7cd33de646,56,55,原PDF画像の寄主植物欄で国外寄主「タイワンアカマツ」を確認。国外での記録（Pinus massoniana）,国内寄主と混同しないよう野外（国外）として追加。,2026-07-12,,
H1-054,hostplant,add_host_relation,hostplant-hamakiga1-foreign-20260712-142-01,species-2236,,,,,,オウシュウカラマツ,マツ科,野外（国外）,,幼虫,日本のハマキガ1,,"日本のハマキガ 1　モグリヒメハマキガ族（鱗翅目,ハマキガ科,ヒメハマキガ亜科）.pdf",78f75fd532ace774cff181d573c96c04052e1c65dd77a352ec520d7cd33de646,57,56,原PDF画像の寄主植物欄で国外寄主「オウシュウカラマツ」を確認。国外での記録（Larix decidua）,国内寄主と混同しないよう野外（国外）として追加。,2026-07-12,,
H1-055,hostplant,add_host_relation,hostplant-hamakiga1-foreign-20260712-142-02,species-2236,,,,,,カラマツ類,マツ科,野外（国外）,,幼虫,日本のハマキガ1,,"日本のハマキガ 1　モグリヒメハマキガ族（鱗翅目,ハマキガ科,ヒメハマキガ亜科）.pdf",78f75fd532ace774cff181d573c96c04052e1c65dd77a352ec520d7cd33de646,57,56,原PDF画像の寄主植物欄で国外寄主「カラマツ類」を確認。国外での記録,国内寄主と混同しないよう野外（国外）として追加。,2026-07-12,,
H1-056,hostplant,add_host_relation,hostplant-hamakiga1-foreign-20260712-143-01,species-2237,,,,,,エゾマツ,マツ科,野外（国外）,,幼虫,日本のハマキガ1,,"日本のハマキガ 1　モグリヒメハマキガ族（鱗翅目,ハマキガ科,ヒメハマキガ亜科）.pdf",78f75fd532ace774cff181d573c96c04052e1c65dd77a352ec520d7cd33de646,57,56,原PDF画像の寄主植物欄で国外寄主「エゾマツ」を確認。ロシアでの記録（Picea jezoensis）,国内寄主と混同しないよう野外（国外）として追加。,2026-07-12,,
H1-057,hostplant,add_host_relation,hostplant-hamakiga1-foreign-20260712-143-02,species-2237,,,,,,チョウセンハリモミ,マツ科,野外（国外）,,幼虫,日本のハマキガ1,,"日本のハマキガ 1　モグリヒメハマキガ族（鱗翅目,ハマキガ科,ヒメハマキガ亜科）.pdf",78f75fd532ace774cff181d573c96c04052e1c65dd77a352ec520d7cd33de646,57,56,原PDF画像の寄主植物欄で国外寄主「チョウセンハリモミ」を確認。ロシアでの記録（Picea koraiensis）,国内寄主と混同しないよう野外（国外）として追加。,2026-07-12,,
H1-058,hostplant,add_host_relation,hostplant-hamakiga1-foreign-20260712-143-03,species-2237,,,,,,チョウセンモミ,マツ科,野外（国外）,,幼虫,日本のハマキガ1,,"日本のハマキガ 1　モグリヒメハマキガ族（鱗翅目,ハマキガ科,ヒメハマキガ亜科）.pdf",78f75fd532ace774cff181d573c96c04052e1c65dd77a352ec520d7cd33de646,57,56,原PDF画像の寄主植物欄で国外寄主「チョウセンモミ」を確認。ロシアでの記録（Abies holophylla）,国内寄主と混同しないよう野外（国外）として追加。,2026-07-12,,
H1-059,hostplant,add_host_relation,hostplant-hamakiga1-foreign-20260712-145-01,species-2290,,,,,,アキノキリンソウ,キク科,野外（国外）,,幼虫,日本のハマキガ1,,"日本のハマキガ 1　モグリヒメハマキガ族（鱗翅目,ハマキガ科,ヒメハマキガ亜科）.pdf",78f75fd532ace774cff181d573c96c04052e1c65dd77a352ec520d7cd33de646,58,57,原PDF画像の寄主植物欄で国外寄主「アキノキリンソウ」を確認。ヨーロッパでの記録（Solidago virgaurea）,国内寄主と混同しないよう野外（国外）として追加。,2026-07-12,,
H1-060,hostplant,update_host_field,hostplant-908434,species-2284,,,observation_type,野外（国内）,野外（国外）,,,,,,日本のハマキガ1,,"日本のハマキガ 1　モグリヒメハマキガ族（鱗翅目,ハマキガ科,ヒメハマキガ亜科）.pdf",78f75fd532ace774cff181d573c96c04052e1c65dd77a352ec520d7cd33de646,61,60,原PDF画像はヌルデを「インドでは」と明記。,国内記録から国外記録へ修正。,2026-07-12,,
H1-061,hostplant,add_host_relation,hostplant-hamakiga1-audit-20260712-206-01,species-2144,,,,,,ツブラジイ,ブナ科,野外（国内）,,幼虫,日本のハマキガ1,,"日本のハマキガ 1　モグリヒメハマキガ族（鱗翅目,ハマキガ科,ヒメハマキガ亜科）.pdf",78f75fd532ace774cff181d573c96c04052e1c65dd77a352ec520d7cd33de646,79,78,原PDF画像の寄主植物欄にツブラジイ Castanopsis cuspidata と明記。,既存のスダジイ・イスノキに加え、欠落していた国内寄主を追加。,2026-07-12,,
H1-062,hostplant,add_host_relation,hostplant-hamakiga1-foreign-20260712-215-01,species-23154,,,,,,Glochidion ferdinandi,ミカンソウ科,野外（国外）,,幼虫,日本のハマキガ1,,"日本のハマキガ 1　モグリヒメハマキガ族（鱗翅目,ハマキガ科,ヒメハマキガ亜科）.pdf",78f75fd532ace774cff181d573c96c04052e1c65dd77a352ec520d7cd33de646,83,82,原PDF画像の寄主植物欄で国外寄主「Glochidion ferdinandi」を確認。オーストラリアでの記録,国内寄主と混同しないよう野外（国外）として追加。,2026-07-12,,
H1-063,general_note,replace_note_content,,species-2094,生態情報,幼虫は葉に食入して中空にし，近くの葉1 ～2 枚を同様に食し，それらを綴り合わせる．年1 化．老熟幼虫で越冬,,,幼虫は葉に食入して中空にし，近くの葉1〜2枚を同様に食し，それらを綴り合わせる．年1化．老熟幼虫で越冬,,,,,,日本のハマキガ1,,"日本のハマキガ 1　モグリヒメハマキガ族（鱗翅目,ハマキガ科,ヒメハマキガ亜科）.pdf",78f75fd532ace774cff181d573c96c04052e1c65dd77a352ec520d7cd33de646,54,53,原PDF 54ページ（冊子53ページ）の300 dpi画像で生態欄を確認。,OCR段組み由来の不自然な空白を除去。,2026-07-12,,
H1-064,general_note,replace_note_content,,species-2115,生態情報,幼虫は葉の縁を折り返すか，2 枚の葉を合わせる,,,幼虫は葉の縁を折り返すか，2枚の葉を合わせる,,,,,,日本のハマキガ1,,"日本のハマキガ 1　モグリヒメハマキガ族（鱗翅目,ハマキガ科,ヒメハマキガ亜科）.pdf",78f75fd532ace774cff181d573c96c04052e1c65dd77a352ec520d7cd33de646,71,70,原PDF 71ページ（冊子70ページ）の300 dpi画像で生態欄を確認。,OCR段組み由来の不自然な空白を除去。,2026-07-12,,
H1-065,general_note,replace_note_content,,species-2126,生態情報,近畿地方では年3 ～4 化する．幼虫はモッコクの新芽や新葉を綴ったり，合わせたりする．加害を受けた葉は褐変し，後に黒く枯れ，庭木であるモッコクの美観を大いに損ねる．幼生期については，駒井ら(2011)に詳しい,,,近畿地方では年3〜4化する．幼虫はモッコクの新芽や新葉を綴ったり，合わせたりする．加害を受けた葉は褐変し，後に黒く枯れる．幼生期については，駒井ら(2011)に詳しい,,,,,,日本のハマキガ1,,"日本のハマキガ 1　モグリヒメハマキガ族（鱗翅目,ハマキガ科,ヒメハマキガ亜科）.pdf",78f75fd532ace774cff181d573c96c04052e1c65dd77a352ec520d7cd33de646,68,67,原PDF 68ページ（冊子67ページ）の300 dpi画像で生態欄を確認。,OCR段組み由来の空白を除去し、客観的な褐変・枯死記録は保持、主観的な美観評価は公開対象外とした。,2026-07-12,,
H1-066,general_note,replace_note_content,,species-2131,生態情報,我が国では，屋久島で成虫が10 月に採集されただけである,,,我が国では，屋久島で成虫が10月に採集されただけである,,,,,,日本のハマキガ1,,"日本のハマキガ 1　モグリヒメハマキガ族（鱗翅目,ハマキガ科,ヒメハマキガ亜科）.pdf",78f75fd532ace774cff181d573c96c04052e1c65dd77a352ec520d7cd33de646,69,68,原PDF 69ページ（冊子68ページ）の300 dpi画像で生態欄を確認。,OCR段組み由来の不自然な空白を除去。,2026-07-12,,
H1-067,general_note,replace_note_content,,species-2132,生態情報,年2 化．幼虫ははじめカラマツ針葉に潜り，後に葉を束ねて食害し，若齢幼虫で越冬．幼生期については，駒井ら(2011)に詳しい,,,年2化．幼虫ははじめカラマツ針葉に潜り，後に葉を束ねて食害し，若齢幼虫で越冬．幼生期については，駒井ら(2011)に詳しい,,,,,,日本のハマキガ1,,"日本のハマキガ 1　モグリヒメハマキガ族（鱗翅目,ハマキガ科,ヒメハマキガ亜科）.pdf",78f75fd532ace774cff181d573c96c04052e1c65dd77a352ec520d7cd33de646,75,74,原PDF 75ページ（冊子74ページ）の300 dpi画像で生態欄を確認。,OCR段組み由来の不自然な空白を除去。,2026-07-12,,
H1-068,general_note,replace_note_content,,species-2141,生態情報,幼虫はイスノキの葉を綴る．年1 化．幼虫越冬．幼生期については，駒井ら(2011)に詳しい,,,幼虫はイスノキの葉を綴る．年1化．幼虫越冬．幼生期については，駒井ら(2011)に詳しい,,,,,,日本のハマキガ1,,"日本のハマキガ 1　モグリヒメハマキガ族（鱗翅目,ハマキガ科,ヒメハマキガ亜科）.pdf",78f75fd532ace774cff181d573c96c04052e1c65dd77a352ec520d7cd33de646,78,77,原PDF 78ページ（冊子77ページ）の300 dpi画像で生態欄を確認。,OCR段組み由来の不自然な空白を除去。,2026-07-12,,
H1-069,general_note,replace_note_content,,species-2147,生態情報,幼虫はヤマナラシの葉を重ねて綴り，中齢期までは1 葉に複数個体が共存する(奥，2003),,,幼虫はヤマナラシの葉を重ねて綴り，中齢期までは1葉に複数個体が共存する(奥，2003),,,,,,日本のハマキガ1,,"日本のハマキガ 1　モグリヒメハマキガ族（鱗翅目,ハマキガ科,ヒメハマキガ亜科）.pdf",78f75fd532ace774cff181d573c96c04052e1c65dd77a352ec520d7cd33de646,30,29,原PDF 30ページ（冊子29ページ）の300 dpi画像で生態欄を確認。,OCR段組み由来の不自然な空白を除去。,2026-07-12,,
H1-070,general_note,replace_note_content,,species-2166,生態情報,幼虫は最初，芽に潜るが，中齢以降は2 ～3 本の葉を綴って筒をつくる．幼生期については，駒井ら(2011)に詳しい,,,幼虫は最初，芽に潜るが，中齢以降は2〜3本の葉を綴って筒をつくる．幼生期については，駒井ら(2011)に詳しい,,,,,,日本のハマキガ1,,"日本のハマキガ 1　モグリヒメハマキガ族（鱗翅目,ハマキガ科,ヒメハマキガ亜科）.pdf",78f75fd532ace774cff181d573c96c04052e1c65dd77a352ec520d7cd33de646,20,19,原PDF 20ページ（冊子19ページ）の300 dpi画像で生態欄を確認。,OCR段組み由来の不自然な空白を除去。,2026-07-12,,
H1-071,general_note,replace_note_content,,species-2212,生態情報,幼虫は，シマサルスベリの葉を2 ～3 枚綴るか折りたたみ，中に潜みながら摂食し，葉の表面に多数の小孔を開ける,,,幼虫は，シマサルスベリの葉を2〜3枚綴るか折りたたみ，中に潜みながら摂食し，葉の表面に多数の小孔を開ける,,,,,,日本のハマキガ1,,"日本のハマキガ 1　モグリヒメハマキガ族（鱗翅目,ハマキガ科,ヒメハマキガ亜科）.pdf",78f75fd532ace774cff181d573c96c04052e1c65dd77a352ec520d7cd33de646,40,39,原PDF 40ページ（冊子39ページ）の300 dpi画像で生態欄を確認。,OCR段組み由来の不自然な空白を除去。,2026-07-12,,
H1-072,general_note,replace_note_content,,species-2258,生態情報,幼虫はエゴノキでは数枚の葉を，ハクウンボクでは1 枚の葉を葉巻状に巻く．幼生期については，駒井ら(2011)に詳しい,,,幼虫はエゴノキでは数枚の葉を，ハクウンボクでは1枚の葉を葉巻状に巻く．幼生期については，駒井ら(2011)に詳しい,,,,,,日本のハマキガ1,,"日本のハマキガ 1　モグリヒメハマキガ族（鱗翅目,ハマキガ科,ヒメハマキガ亜科）.pdf",78f75fd532ace774cff181d573c96c04052e1c65dd77a352ec520d7cd33de646,47,46,原PDF 47ページ（冊子46ページ）の300 dpi画像で生態欄を確認。,OCR段組み由来の不自然な空白を除去。,2026-07-12,,
H1-073,general_note,replace_note_content,,species-23153,生態情報,石垣島でアデクの葉に実を付着させ，実に潜っている幼虫が3 月に発見されている,,,石垣島でアデクの葉に実を付着させ，実に潜っている幼虫が3月に発見されている,,,,,,日本のハマキガ1,,"日本のハマキガ 1　モグリヒメハマキガ族（鱗翅目,ハマキガ科,ヒメハマキガ亜科）.pdf",78f75fd532ace774cff181d573c96c04052e1c65dd77a352ec520d7cd33de646,80,79,原PDF 80ページ（冊子79ページ）の300 dpi画像で生態欄を確認。,OCR段組み由来の不自然な空白を除去。,2026-07-12,,
H1-074,general_note,replace_note_content,,species-2316,生態情報,年2 ～3 化．幼虫は，イヌマキなどの種子に食入する．ナギでの発生は少ない．幼生期については，駒井ら(2011)に詳しい,,,年2〜3化．幼虫は，イヌマキなどの種子に食入する．ナギでの発生は少ない．幼生期については，駒井ら(2011)に詳しい,,,,,,日本のハマキガ1,,"日本のハマキガ 1　モグリヒメハマキガ族（鱗翅目,ハマキガ科,ヒメハマキガ亜科）.pdf",78f75fd532ace774cff181d573c96c04052e1c65dd77a352ec520d7cd33de646,60,59,原PDF 60ページ（冊子59ページ）の300 dpi画像で生態欄を確認。,OCR段組み由来の不自然な空白を除去。,2026-07-12,,
H1-075,general_note,replace_note_content,,species-2321,生態情報,年2 ～3 化すると思われる．幼虫はハマゴウの当年枝に潜り，幼虫越冬．幼生期については，駒井ら(2011)に詳しい,,,幼虫はハマゴウの当年枝に潜り，幼虫越冬．幼生期については，駒井ら(2011)に詳しい,,,,,,日本のハマキガ1,,"日本のハマキガ 1　モグリヒメハマキガ族（鱗翅目,ハマキガ科,ヒメハマキガ亜科）.pdf",78f75fd532ace774cff181d573c96c04052e1c65dd77a352ec520d7cd33de646,73,72,原PDF 73ページ（冊子72ページ）の300 dpi画像で生態欄を確認。,原PDFで確認した推測表現「年2〜3化すると思われる」は公開対象外とし、客観的な摂食・越冬記録のみ保持。,2026-07-12,,
H1-076,general_note,delete_note,note-1000758,species-2124,生態情報,成虫越冬の可能性がある(川辺，1982),,,,,,,,,日本のハマキガ1,,"日本のハマキガ 1　モグリヒメハマキガ族（鱗翅目,ハマキガ科,ヒメハマキガ亜科）.pdf",78f75fd532ace774cff181d573c96c04052e1c65dd77a352ec520d7cd33de646,70,69,原PDF 70ページ（冊子69ページ）の300 dpi画像で対象種の生態・寄主欄を確認。,全文が推論表現のため公開から削除。客観的な成虫発生時期は既存の出現時期行で保持。,2026-07-12,,
H1-077,general_note,replace_note_content,note-1000749,species-2128,生態情報,沖縄ではおそらく年数化すると思われる．幼虫はさまざまな広葉樹の新芽や新葉を綴る．幼生期については，駒井ら(2011)に詳しい,,,幼虫はさまざまな広葉樹の新芽や新葉を綴る．幼生期については，駒井ら(2011)に詳しい,,,,,,日本のハマキガ1,,"日本のハマキガ 1　モグリヒメハマキガ族（鱗翅目,ハマキガ科,ヒメハマキガ亜科）.pdf",78f75fd532ace774cff181d573c96c04052e1c65dd77a352ec520d7cd33de646,68,67,原PDF 68ページ（冊子67ページ）の300 dpi画像で対象種の生態・寄主欄を確認。,推論による化性記述を文単位で除外し、観察された幼虫の造巣行動だけを保持。,2026-07-12,,
H1-078,general_note,replace_note_content,note-1000585,species-2227,生態情報,奄美大島ではリュウキュウマツP. luchuensis を摂食している可能性がある．中国ではタイワンアカマツP. massoniana が記録されている,,,中国ではタイワンアカマツP. massoniana が記録されている,,,,,,日本のハマキガ1,,"日本のハマキガ 1　モグリヒメハマキガ族（鱗翅目,ハマキガ科,ヒメハマキガ亜科）.pdf",78f75fd532ace774cff181d573c96c04052e1c65dd77a352ec520d7cd33de646,38,37,原PDF 38ページ（冊子37ページ）の300 dpi画像で対象種の生態・寄主欄を確認。,推測された国内寄主を文単位で除外し、原典が記録として明記する中国の国外寄主だけを保持。,2026-07-12,,
H1-079,general_note,replace_note_content,note-1000594,species-2231,生態情報,"北海道では，成虫が日中にオニグルミJuglans mandshurica var. sachalinensis (クルミ科)の枝に静止していたり，多数の成虫が枝上を飛翔したりしているのが観察されているため，オニグルミが寄主の可能性がある(Nasu and Kawahara, 2004)",,,"北海道では，成虫が日中にオニグルミJuglans mandshurica var. sachalinensis (クルミ科)の枝に静止していたり，多数の成虫が枝上を飛翔したりしているのが観察されている(Nasu and Kawahara, 2004)",,,,,,日本のハマキガ1,,"日本のハマキガ 1　モグリヒメハマキガ族（鱗翅目,ハマキガ科,ヒメハマキガ亜科）.pdf",78f75fd532ace774cff181d573c96c04052e1c65dd77a352ec520d7cd33de646,39,38,原PDF 39ページ（冊子38ページ）の300 dpi画像で対象種の生態・寄主欄を確認。,枝上での静止・飛翔という観察事実を保持し、そこから導いた寄主推定だけを除外。,2026-07-12,,
H1-080,general_note,replace_note_content,note-1000779,species-2317,生態情報,成虫は周年発生し，多化性と考えられる．幼虫はフクギの新芽や葉を綴ったり，潜ったりする．幼生期については，駒井ら(2011)に詳しい,,,成虫は周年発生する．幼虫はフクギの新芽や葉を綴ったり，潜ったりする．幼生期については，駒井ら(2011)に詳しい,,,,,,日本のハマキガ1,,"日本のハマキガ 1　モグリヒメハマキガ族（鱗翅目,ハマキガ科,ヒメハマキガ亜科）.pdf",78f75fd532ace774cff181d573c96c04052e1c65dd77a352ec520d7cd33de646,74,73,原PDF 74ページ（冊子73ページ）の300 dpi画像で対象種の生態・寄主欄を確認。,周年発生と幼虫の造巣・潜葉行動を保持し、推論による多化性判断だけを除外。,2026-07-12,,
