record_id,insect_id,japanese_name,current_plant_name,pdf_page,printed_page_spread,source_host_summary,finding,recommendation
hostplant-909159,species-10007,タマムシ,サクラ類,56,110-111,エノキ; リュウキュウエノキ; ケヤキ; サクラ類; カシ類; カキ; クワ; ハリエンジュ,OCR再抽出時のフォールバック誤集約。既存hostplant-004450〜004457が原典8項目を概ね保持。,このrecord_idを削除
hostplant-909160,species-10007,タマムシ,カシ類,56,110-111,エノキ; リュウキュウエノキ; ケヤキ; サクラ類; カシ類; カキ; クワ; ハリエンジュ,OCR再抽出時のフォールバック誤集約。既存hostplant-004450〜004457が原典8項目を概ね保持。,このrecord_idを削除
hostplant-909161,species-10007,タマムシ,スダジイ,56,110-111,エノキ; リュウキュウエノキ; ケヤキ; サクラ類; カシ類; カキ; クワ; ハリエンジュ,OCR再抽出時のフォールバック誤集約。既存hostplant-004450〜004457が原典8項目を概ね保持。,このrecord_idを削除
hostplant-909162,species-10007,タマムシ,マテバシイ,56,110-111,エノキ; リュウキュウエノキ; ケヤキ; サクラ類; カシ類; カキ; クワ; ハリエンジュ,OCR再抽出時のフォールバック誤集約。既存hostplant-004450〜004457が原典8項目を概ね保持。,このrecord_idを削除
hostplant-909163,species-10007,タマムシ,ウバメガシ,56,110-111,エノキ; リュウキュウエノキ; ケヤキ; サクラ類; カシ類; カキ; クワ; ハリエンジュ,OCR再抽出時のフォールバック誤集約。既存hostplant-004450〜004457が原典8項目を概ね保持。,このrecord_idを削除
hostplant-909169,species-10007,タマムシ,ツブラジイ,56,110-111,エノキ; リュウキュウエノキ; ケヤキ; サクラ類; カシ類; カキ; クワ; ハリエンジュ,OCR再抽出時のフォールバック誤集約。既存hostplant-004450〜004457が原典8項目を概ね保持。,このrecord_idを削除
hostplant-909170,species-10007,タマムシ,ミカン類,56,110-111,エノキ; リュウキュウエノキ; ケヤキ; サクラ類; カシ類; カキ; クワ; ハリエンジュ,OCR再抽出時のフォールバック誤集約。既存hostplant-004450〜004457が原典8項目を概ね保持。,このrecord_idを削除
hostplant-909171,species-10007,タマムシ,マツ類,56,110-111,エノキ; リュウキュウエノキ; ケヤキ; サクラ類; カシ類; カキ; クワ; ハリエンジュ,OCR再抽出時のフォールバック誤集約。既存hostplant-004450〜004457が原典8項目を概ね保持。,このrecord_idを削除
hostplant-909172,species-10007,タマムシ,トウヒ,56,110-111,エノキ; リュウキュウエノキ; ケヤキ; サクラ類; カシ類; カキ; クワ; ハリエンジュ,OCR再抽出時のフォールバック誤集約。既存hostplant-004450〜004457が原典8項目を概ね保持。,このrecord_idを削除
hostplant-909173,species-10007,タマムシ,アオトド,56,110-111,エノキ; リュウキュウエノキ; ケヤキ; サクラ類; カシ類; カキ; クワ; ハリエンジュ,OCR再抽出時のフォールバック誤集約。既存hostplant-004450〜004457が原典8項目を概ね保持。,このrecord_idを削除
hostplant-909177,species-10007,タマムシ,シイ類,56,110-111,エノキ; リュウキュウエノキ; ケヤキ; サクラ類; カシ類; カキ; クワ; ハリエンジュ,OCR再抽出時のフォールバック誤集約。既存hostplant-004450〜004457が原典8項目を概ね保持。,このrecord_idを削除
hostplant-909182,species-10007,タマムシ,ヤマボウシ,56,110-111,エノキ; リュウキュウエノキ; ケヤキ; サクラ類; カシ類; カキ; クワ; ハリエンジュ,OCR再抽出時のフォールバック誤集約。既存hostplant-004450〜004457が原典8項目を概ね保持。,このrecord_idを削除
hostplant-909184,species-10007,タマムシ,オオイタビ,56,110-111,エノキ; リュウキュウエノキ; ケヤキ; サクラ類; カシ類; カキ; クワ; ハリエンジュ,OCR再抽出時のフォールバック誤集約。既存hostplant-004450〜004457が原典8項目を概ね保持。,このrecord_idを削除
hostplant-909185,species-10007,タマムシ,イチジク,56,110-111,エノキ; リュウキュウエノキ; ケヤキ; サクラ類; カシ類; カキ; クワ; ハリエンジュ,OCR再抽出時のフォールバック誤集約。既存hostplant-004450〜004457が原典8項目を概ね保持。,このrecord_idを削除
hostplant-909186,species-10007,タマムシ,イヌビワ,56,110-111,エノキ; リュウキュウエノキ; ケヤキ; サクラ類; カシ類; カキ; クワ; ハリエンジュ,OCR再抽出時のフォールバック誤集約。既存hostplant-004450〜004457が原典8項目を概ね保持。,このrecord_idを削除
hostplant-909187,species-10007,タマムシ,イタビカズラ,56,110-111,エノキ; リュウキュウエノキ; ケヤキ; サクラ類; カシ類; カキ; クワ; ハリエンジュ,OCR再抽出時のフォールバック誤集約。既存hostplant-004450〜004457が原典8項目を概ね保持。,このrecord_idを削除
hostplant-909190,species-10007,タマムシ,カラスザンショウ,56,110-111,エノキ; リュウキュウエノキ; ケヤキ; サクラ類; カシ類; カキ; クワ; ハリエンジュ,OCR再抽出時のフォールバック誤集約。既存hostplant-004450〜004457が原典8項目を概ね保持。,このrecord_idを削除
hostplant-909191,species-10007,タマムシ,イヌザンショウ,56,110-111,エノキ; リュウキュウエノキ; ケヤキ; サクラ類; カシ類; カキ; クワ; ハリエンジュ,OCR再抽出時のフォールバック誤集約。既存hostplant-004450〜004457が原典8項目を概ね保持。,このrecord_idを削除
hostplant-909268,species-10007,タマムシ,ウツギ,56,110-111,エノキ; リュウキュウエノキ; ケヤキ; サクラ類; カシ類; カキ; クワ; ハリエンジュ,OCR再抽出時のフォールバック誤集約。既存hostplant-004450〜004457が原典8項目を概ね保持。,このrecord_idを削除
hostplant-909269,species-10007,タマムシ,ヒメウツギ,56,110-111,エノキ; リュウキュウエノキ; ケヤキ; サクラ類; カシ類; カキ; クワ; ハリエンジュ,OCR再抽出時のフォールバック誤集約。既存hostplant-004450〜004457が原典8項目を概ね保持。,このrecord_idを削除
hostplant-909273,species-10007,タマムシ,ホウロクイチゴ,56,110-111,エノキ; リュウキュウエノキ; ケヤキ; サクラ類; カシ類; カキ; クワ; ハリエンジュ,OCR再抽出時のフォールバック誤集約。既存hostplant-004450〜004457が原典8項目を概ね保持。,このrecord_idを削除
hostplant-909276,species-10007,タマムシ,ハゼノキ,56,110-111,エノキ; リュウキュウエノキ; ケヤキ; サクラ類; カシ類; カキ; クワ; ハリエンジュ,OCR再抽出時のフォールバック誤集約。既存hostplant-004450〜004457が原典8項目を概ね保持。,このrecord_idを削除
hostplant-909277,species-10007,タマムシ,ウルシ類,56,110-111,エノキ; リュウキュウエノキ; ケヤキ; サクラ類; カシ類; カキ; クワ; ハリエンジュ,OCR再抽出時のフォールバック誤集約。既存hostplant-004450〜004457が原典8項目を概ね保持。,このrecord_idを削除
hostplant-909278,species-10007,タマムシ,ヌルデ,56,110-111,エノキ; リュウキュウエノキ; ケヤキ; サクラ類; カシ類; カキ; クワ; ハリエンジュ,OCR再抽出時のフォールバック誤集約。既存hostplant-004450〜004457が原典8項目を概ね保持。,このrecord_idを削除
hostplant-909279,species-10007,タマムシ,ツタウルシ,56,110-111,エノキ; リュウキュウエノキ; ケヤキ; サクラ類; カシ類; カキ; クワ; ハリエンジュ,OCR再抽出時のフォールバック誤集約。既存hostplant-004450〜004457が原典8項目を概ね保持。,このrecord_idを削除
hostplant-909280,species-10007,タマムシ,ハリエンジュ,56,110-111,エノキ; リュウキュウエノキ; ケヤキ; サクラ類; カシ類; カキ; クワ; ハリエンジュ,OCR再抽出時のフォールバック誤集約。既存hostplant-004450〜004457が原典8項目を概ね保持。,このrecord_idを削除
hostplant-909282,species-10007,タマムシ,アコウ,56,110-111,エノキ; リュウキュウエノキ; ケヤキ; サクラ類; カシ類; カキ; クワ; ハリエンジュ,OCR再抽出時のフォールバック誤集約。既存hostplant-004450〜004457が原典8項目を概ね保持。,このrecord_idを削除
hostplant-909283,species-10007,タマムシ,クワ類,56,110-111,エノキ; リュウキュウエノキ; ケヤキ; サクラ類; カシ類; カキ; クワ; ハリエンジュ,OCR再抽出時のフォールバック誤集約。既存hostplant-004450〜004457が原典8項目を概ね保持。,このrecord_idを削除
hostplant-909284,species-10007,タマムシ,カラマツ,56,110-111,エノキ; リュウキュウエノキ; ケヤキ; サクラ類; カシ類; カキ; クワ; ハリエンジュ,OCR再抽出時のフォールバック誤集約。既存hostplant-004450〜004457が原典8項目を概ね保持。,このrecord_idを削除
hostplant-909285,species-10007,タマムシ,エゾマツ,56,110-111,エノキ; リュウキュウエノキ; ケヤキ; サクラ類; カシ類; カキ; クワ; ハリエンジュ,OCR再抽出時のフォールバック誤集約。既存hostplant-004450〜004457が原典8項目を概ね保持。,このrecord_idを削除
hostplant-909286,species-10007,タマムシ,アカエゾマツ,56,110-111,エノキ; リュウキュウエノキ; ケヤキ; サクラ類; カシ類; カキ; クワ; ハリエンジュ,OCR再抽出時のフォールバック誤集約。既存hostplant-004450〜004457が原典8項目を概ね保持。,このrecord_idを削除
hostplant-909287,species-10007,タマムシ,アカマツ,56,110-111,エノキ; リュウキュウエノキ; ケヤキ; サクラ類; カシ類; カキ; クワ; ハリエンジュ,OCR再抽出時のフォールバック誤集約。既存hostplant-004450〜004457が原典8項目を概ね保持。,このrecord_idを削除
hostplant-909288,species-10007,タマムシ,クロマツ,56,110-111,エノキ; リュウキュウエノキ; ケヤキ; サクラ類; カシ類; カキ; クワ; ハリエンジュ,OCR再抽出時のフォールバック誤集約。既存hostplant-004450〜004457が原典8項目を概ね保持。,このrecord_idを削除
hostplant-909289,species-10007,タマムシ,モミ類,56,110-111,エノキ; リュウキュウエノキ; ケヤキ; サクラ類; カシ類; カキ; クワ; ハリエンジュ,OCR再抽出時のフォールバック誤集約。既存hostplant-004450〜004457が原典8項目を概ね保持。,このrecord_idを削除
hostplant-909290,species-10007,タマムシ,コナラ,56,110-111,エノキ; リュウキュウエノキ; ケヤキ; サクラ類; カシ類; カキ; クワ; ハリエンジュ,OCR再抽出時のフォールバック誤集約。既存hostplant-004450〜004457が原典8項目を概ね保持。,このrecord_idを削除
hostplant-909291,species-10007,タマムシ,ミズナラ,56,110-111,エノキ; リュウキュウエノキ; ケヤキ; サクラ類; カシ類; カキ; クワ; ハリエンジュ,OCR再抽出時のフォールバック誤集約。既存hostplant-004450〜004457が原典8項目を概ね保持。,このrecord_idを削除
hostplant-909292,species-10007,タマムシ,クヌギ,56,110-111,エノキ; リュウキュウエノキ; ケヤキ; サクラ類; カシ類; カキ; クワ; ハリエンジュ,OCR再抽出時のフォールバック誤集約。既存hostplant-004450〜004457が原典8項目を概ね保持。,このrecord_idを削除
hostplant-909293,species-10007,タマムシ,ナラ類,56,110-111,エノキ; リュウキュウエノキ; ケヤキ; サクラ類; カシ類; カキ; クワ; ハリエンジュ,OCR再抽出時のフォールバック誤集約。既存hostplant-004450〜004457が原典8項目を概ね保持。,このrecord_idを削除
hostplant-909294,species-10007,タマムシ,バラ類,56,110-111,エノキ; リュウキュウエノキ; ケヤキ; サクラ類; カシ類; カキ; クワ; ハリエンジュ,OCR再抽出時のフォールバック誤集約。既存hostplant-004450〜004457が原典8項目を概ね保持。,このrecord_idを削除
hostplant-909295,species-10007,タマムシ,ノイバラ,56,110-111,エノキ; リュウキュウエノキ; ケヤキ; サクラ類; カシ類; カキ; クワ; ハリエンジュ,OCR再抽出時のフォールバック誤集約。既存hostplant-004450〜004457が原典8項目を概ね保持。,このrecord_idを削除
hostplant-909296,species-10007,タマムシ,ナシ,56,110-111,エノキ; リュウキュウエノキ; ケヤキ; サクラ類; カシ類; カキ; クワ; ハリエンジュ,OCR再抽出時のフォールバック誤集約。既存hostplant-004450〜004457が原典8項目を概ね保持。,このrecord_idを削除
hostplant-909297,species-10007,タマムシ,リンゴ,56,110-111,エノキ; リュウキュウエノキ; ケヤキ; サクラ類; カシ類; カキ; クワ; ハリエンジュ,OCR再抽出時のフォールバック誤集約。既存hostplant-004450〜004457が原典8項目を概ね保持。,このrecord_idを削除
hostplant-909298,species-10007,タマムシ,ウメ,56,110-111,エノキ; リュウキュウエノキ; ケヤキ; サクラ類; カシ類; カキ; クワ; ハリエンジュ,OCR再抽出時のフォールバック誤集約。既存hostplant-004450〜004457が原典8項目を概ね保持。,このrecord_idを削除
hostplant-909299,species-10007,タマムシ,ハンノキ,56,110-111,エノキ; リュウキュウエノキ; ケヤキ; サクラ類; カシ類; カキ; クワ; ハリエンジュ,OCR再抽出時のフォールバック誤集約。既存hostplant-004450〜004457が原典8項目を概ね保持。,このrecord_idを削除
hostplant-909300,species-10007,タマムシ,ヤシャブシ,56,110-111,エノキ; リュウキュウエノキ; ケヤキ; サクラ類; カシ類; カキ; クワ; ハリエンジュ,OCR再抽出時のフォールバック誤集約。既存hostplant-004450〜004457が原典8項目を概ね保持。,このrecord_idを削除
hostplant-909301,species-10007,タマムシ,ハンノキ類,56,110-111,エノキ; リュウキュウエノキ; ケヤキ; サクラ類; カシ類; カキ; クワ; ハリエンジュ,OCR再抽出時のフォールバック誤集約。既存hostplant-004450〜004457が原典8項目を概ね保持。,このrecord_idを削除
hostplant-909302,species-10007,タマムシ,イヌシデ,56,110-111,エノキ; リュウキュウエノキ; ケヤキ; サクラ類; カシ類; カキ; クワ; ハリエンジュ,OCR再抽出時のフォールバック誤集約。既存hostplant-004450〜004457が原典8項目を概ね保持。,このrecord_idを削除
hostplant-909303,species-10007,タマムシ,クマシデ,56,110-111,エノキ; リュウキュウエノキ; ケヤキ; サクラ類; カシ類; カキ; クワ; ハリエンジュ,OCR再抽出時のフォールバック誤集約。既存hostplant-004450〜004457が原典8項目を概ね保持。,このrecord_idを削除
hostplant-909304,species-10007,タマムシ,カバノキ類,56,110-111,エノキ; リュウキュウエノキ; ケヤキ; サクラ類; カシ類; カキ; クワ; ハリエンジュ,OCR再抽出時のフォールバック誤集約。既存hostplant-004450〜004457が原典8項目を概ね保持。,このrecord_idを削除
hostplant-909305,species-10007,タマムシ,カエデ類,56,110-111,エノキ; リュウキュウエノキ; ケヤキ; サクラ類; カシ類; カキ; クワ; ハリエンジュ,OCR再抽出時のフォールバック誤集約。既存hostplant-004450〜004457が原典8項目を概ね保持。,このrecord_idを削除
hostplant-909306,species-10007,タマムシ,ヤナギ類,56,110-111,エノキ; リュウキュウエノキ; ケヤキ; サクラ類; カシ類; カキ; クワ; ハリエンジュ,OCR再抽出時のフォールバック誤集約。既存hostplant-004450〜004457が原典8項目を概ね保持。,このrecord_idを削除
hostplant-909307,species-10007,タマムシ,シラカバ,56,110-111,エノキ; リュウキュウエノキ; ケヤキ; サクラ類; カシ類; カキ; クワ; ハリエンジュ,OCR再抽出時のフォールバック誤集約。既存hostplant-004450〜004457が原典8項目を概ね保持。,このrecord_idを削除
hostplant-909308,species-10007,タマムシ,ブドウ,56,110-111,エノキ; リュウキュウエノキ; ケヤキ; サクラ類; カシ類; カキ; クワ; ハリエンジュ,OCR再抽出時のフォールバック誤集約。既存hostplant-004450〜004457が原典8項目を概ね保持。,このrecord_idを削除
hostplant-909309,species-10007,タマムシ,ノブドウ,56,110-111,エノキ; リュウキュウエノキ; ケヤキ; サクラ類; カシ類; カキ; クワ; ハリエンジュ,OCR再抽出時のフォールバック誤集約。既存hostplant-004450〜004457が原典8項目を概ね保持。,このrecord_idを削除
hostplant-909310,species-10007,タマムシ,ヤマブドウ,56,110-111,エノキ; リュウキュウエノキ; ケヤキ; サクラ類; カシ類; カキ; クワ; ハリエンジュ,OCR再抽出時のフォールバック誤集約。既存hostplant-004450〜004457が原典8項目を概ね保持。,このrecord_idを削除
hostplant-909311,species-10007,タマムシ,シデ類,56,110-111,エノキ; リュウキュウエノキ; ケヤキ; サクラ類; カシ類; カキ; クワ; ハリエンジュ,OCR再抽出時のフォールバック誤集約。既存hostplant-004450〜004457が原典8項目を概ね保持。,このrecord_idを削除
hostplant-909312,species-10007,タマムシ,アカメガシワ,56,110-111,エノキ; リュウキュウエノキ; ケヤキ; サクラ類; カシ類; カキ; クワ; ハリエンジュ,OCR再抽出時のフォールバック誤集約。既存hostplant-004450〜004457が原典8項目を概ね保持。,このrecord_idを削除
hostplant-909313,species-10007,タマムシ,クスノキ,56,110-111,エノキ; リュウキュウエノキ; ケヤキ; サクラ類; カシ類; カキ; クワ; ハリエンジュ,OCR再抽出時のフォールバック誤集約。既存hostplant-004450〜004457が原典8項目を概ね保持。,このrecord_idを削除
hostplant-909314,species-10007,タマムシ,チャ,56,110-111,エノキ; リュウキュウエノキ; ケヤキ; サクラ類; カシ類; カキ; クワ; ハリエンジュ,OCR再抽出時のフォールバック誤集約。既存hostplant-004450〜004457が原典8項目を概ね保持。,このrecord_idを削除
hostplant-909315,species-10007,タマムシ,ハルニレ,56,110-111,エノキ; リュウキュウエノキ; ケヤキ; サクラ類; カシ類; カキ; クワ; ハリエンジュ,OCR再抽出時のフォールバック誤集約。既存hostplant-004450〜004457が原典8項目を概ね保持。,このrecord_idを削除
hostplant-909316,species-10007,タマムシ,オヒョウ,56,110-111,エノキ; リュウキュウエノキ; ケヤキ; サクラ類; カシ類; カキ; クワ; ハリエンジュ,OCR再抽出時のフォールバック誤集約。既存hostplant-004450〜004457が原典8項目を概ね保持。,このrecord_idを削除
hostplant-909317,species-10007,タマムシ,ネムノキ,56,110-111,エノキ; リュウキュウエノキ; ケヤキ; サクラ類; カシ類; カキ; クワ; ハリエンジュ,OCR再抽出時のフォールバック誤集約。既存hostplant-004450〜004457が原典8項目を概ね保持。,このrecord_idを削除
hostplant-909318,species-10007,タマムシ,ヤチダモ,56,110-111,エノキ; リュウキュウエノキ; ケヤキ; サクラ類; カシ類; カキ; クワ; ハリエンジュ,OCR再抽出時のフォールバック誤集約。既存hostplant-004450〜004457が原典8項目を概ね保持。,このrecord_idを削除
hostplant-909319,species-10007,タマムシ,トネリコ類,56,110-111,エノキ; リュウキュウエノキ; ケヤキ; サクラ類; カシ類; カキ; クワ; ハリエンジュ,OCR再抽出時のフォールバック誤集約。既存hostplant-004450〜004457が原典8項目を概ね保持。,このrecord_idを削除
hostplant-909320,species-10007,タマムシ,クリ,56,110-111,エノキ; リュウキュウエノキ; ケヤキ; サクラ類; カシ類; カキ; クワ; ハリエンジュ,OCR再抽出時のフォールバック誤集約。既存hostplant-004450〜004457が原典8項目を概ね保持。,このrecord_idを削除
hostplant-909321,species-10007,タマムシ,スギ,56,110-111,エノキ; リュウキュウエノキ; ケヤキ; サクラ類; カシ類; カキ; クワ; ハリエンジュ,OCR再抽出時のフォールバック誤集約。既存hostplant-004450〜004457が原典8項目を概ね保持。,このrecord_idを削除
hostplant-909322,species-10007,タマムシ,ヒノキ,56,110-111,エノキ; リュウキュウエノキ; ケヤキ; サクラ類; カシ類; カキ; クワ; ハリエンジュ,OCR再抽出時のフォールバック誤集約。既存hostplant-004450〜004457が原典8項目を概ね保持。,このrecord_idを削除
hostplant-909323,species-10007,タマムシ,ウツギ類,56,110-111,エノキ; リュウキュウエノキ; ケヤキ; サクラ類; カシ類; カキ; クワ; ハリエンジュ,OCR再抽出時のフォールバック誤集約。既存hostplant-004450〜004457が原典8項目を概ね保持。,このrecord_idを削除
hostplant-909324,species-10007,タマムシ,ヨモギ,56,110-111,エノキ; リュウキュウエノキ; ケヤキ; サクラ類; カシ類; カキ; クワ; ハリエンジュ,OCR再抽出時のフォールバック誤集約。既存hostplant-004450〜004457が原典8項目を概ね保持。,このrecord_idを削除

