和名,学名,成虫出現期,生態備考,寄主植物
ツマアカシャチホコ,Clostera anachoreta,5-6月初旬・8月中旬,年2化。蛹越冬。,ヤマナラシ属, ヤナギ属 (以上ヤナギ科)
ニセツマアカシャチホコ,Clostera albosigma,5-6月・8月,年2化。蛹越冬。,ヤマナラシ属, ヤナギ属 (以上ヤナギ科)
セグロシャチホコ,Clostera anastomosis,6月・8月,北海道では年2化。暖地では多化する。幼虫越冬。,ヤマナラシ属, ヤナギ属 (以上ヤナギ科)
ヒナシャチホコ,Micromelalopha troglodyta,6月中旬-7月中旬,寒地では年1化。本州では年3化。蛹越冬。,ヤマナラシ, セイヨウハコヤナギ (以上ヤナギ科)
クワゴモドキシャチホコ,Gonoclostera timoniorum,6-8月,北海道では年2化。暖地では年3化。蛹越冬。,ヤナギ類, ヤマナラシ類 (以上ヤナギ科)
ホシナカグロモクメシャチホコ,Furcula bicuspis,6-7月・8-9月,年2化。蛹越冬。,シラカンバ, ヤマハンノキ, ヤシャブシ (以上カバノキ科)
ナカグロモクメシャチホコ,Furcula furcula,6-8月,北海道では年2化。暖地では年3化。蛹越冬。,ヤナギ, セイヨウハコヤナギ (以上ヤナギ科)
モクメシャチホコ,Cerura felina,5-6月中旬,年1化。蛹越冬。,ヤマナラシ, ドロヤナギ, 各種ヤナギ属 (以上ヤナギ科)
オオモクメシャチホコ,Cerura erminea,5月・7月,北海道では年2化。本州では年1化。蛹越冬。,ヤナギ科
タッタカモクメシャチホコ,Kamalia tattakana,5月・8月,年2化。蛹越冬。,ヤマナラシ (ヤナギ科)
ギンシャチホコ,Harpyia umbrosa,5月・7-8月,年2化。蛹越冬。,ミズナラ, コナラ, クリ (以上ブナ科)
ツシマクロモンシャチホコ,Harpyia tokui,3-4月,年1化。蛹越冬。,クスギ, アベマキ (以上ブナ科)
コフタオビシャチホコ,Gluphisia crenata,5月・8月,年2化。,ヤマナラシ (ヤナギ科)
エグリシャチホコ,Ptilodon robusta,6月・8月,年2化。卵越冬。,ヤシャブシ, ヒメヤシャブシ (以上カバノキ科), ヤナギ類 (ヤナギ科), カツラ (カツラ科)
エゾエグリシャチホコ,Ptilodon jezoensis,5-6月・8月,年2化。卵越冬。,アズキナシ, ナナカマド (以上バラ科), トチノキ (ムクロジ科), ミズナラ, ブナ (以上ブナ科), シナノキ (アオイ科)
クワヤマエグリシャチホコ,Ptilodon kuwayamae,5-8月,年2化。,ハルニレ (ニレ科)
スジエグリシャチホコ,Ptilodon hoegei,6月初旬-8月中旬,年2化。蛹越冬。,カエデ属 (ムクロジ科)
クロエグリシャチホコ,Ptilodon okanoi,6月・8月,年2化。蛹越冬。,カエデ属, トチノキ (以上ムクロジ科)
ウスヅマシャチホコ,Lophontosia cucullus,5-8月,年2化。,ハルニレ (ニレ科)
プライヤエグリシャチホコ,Lophontosia pryeri,4月・6月・8月,年2化 (北は1化)。蛹越冬。,ケヤキ (ニレ科)
クロスジシャチホコ,Lophocosma sarantuja,5-7月・8-9月,年2化。蛹越冬。,ヤシャブシ, ヒメヤシャブシ, オオバヤシャブシ, ツノハシバミ, アサダ, サワシバ, クマシデ, イヌシデ, アカシデ (以上カバノキ科)
アカシャチホコ,Gangaridopsis citrina,5月・8月,年2化。蛹越冬。,マンサク (マンサク科)
シーベルスシャチホコ,Odontosia sieversii,4-5月,年1化。蛹越冬。,ダケカンバ, シラカンバ, ウダイカンバ, ヤシャブシ (以上カバノキ科)
ホッカイエグリシャチホコ,Odontosia walakui,6月上旬・7月,年1化。,カバノキ科
コクシエグリシャチホコ,Odontosia marumoi,5月下旬・7月下旬,年1化。蛹越冬。,ミヤマハンノキ, ダケカンバ (以上カバノキ科)
モンキシロシャチホコ,Leucodonta bicoloria,6月初旬・7月,年1化。蛹越冬。,ダケカンバ, シラカンバ, ミズメ (以上カバノキ科), アズキナシ, ナナカマド (以上バラ科)
キエグリシャチホコ,Himeropteryx miraculosa,9月下旬-11月,年1化。卵越冬。,トチノキ, カエデ類 (以上ムクロジ科), クマシデ, サワシバ (以上カバノキ科)
エゾクシヒゲシャチホコ,Ptilophora jezoensis,10月上旬-11月上旬,年1化。卵越冬。,カエデ類 (ムクロジ科)
クシヒゲシャチホコ,Ptilophora nohirae,10月下旬-12月上旬,年1化。卵越冬。,カエデ類 (ムクロジ科)
アオバシャチホコ,Zaranga permagna,4-5月・8-9月,年2化。蛹越冬。,ヤマボウシ, ミズキ, クマノミズキ (以上ミズキ科)
オオトビモンシャチホコ,Phalerodonta manleyi,10月初め・11月,年1化。卵越冬。,ミズナラ, コナラ, クヌギ, カシ類 (以上ブナ科)
エゾギンモンシャチホコ,Spatalia jezoensis,6月・8-9月,年2化。蛹越冬。,ブナ, イヌブナ (以上ブナ科)
ギンモンシャチホコ,Spatalia dives,5-6月・7-8月,年2化。,ハルニレ, ケヤキ (以上ニレ科)
ウスイロギンモンシャチホコ,Spatalia doerriesi,5-9月,年2化。蛹越冬。,ミズナラ, コナラ, クヌギ (以上ブナ科)
シロスジエグリシャチホコ,Fusapteryx ladislai,3月下旬-4月,年1化。蛹越冬。,クマシデ, オニグルミ, カバノキ科, ブナ科, ニレ科, クルミ科, マンサク科
ハガタエグリシャチホコ,Hagapteryx admirabilis,6月・8月,年2化。,カエデ属 (ムクロジ科)
ゲンカイハガタシャチホコ,Hagapteryx kishidai,7月,年1化。蛹越冬。,ヤシャブシ, ハンノキ, ヤマハンノキ, クマシデ, サワシバ, ミズメ, ハシバミ, ツノハシバミ, アサダ (以上カバノキ科), シナノキ (アオイ科)
ネウスシャチホコ,Chadisra bipartita,8月,台湾では通年。蛹越冬。,ウラジロエノキ (アサ科)
ユミモンシャチホコ,Ellida arcuata,4月下旬-6月初旬,年1化。蛹越冬。,ハルニレ, ケヤキ (以上ニレ科)
クロテンシャチホコ,Ellida branickii,4-6月・7-8月,年2化。蛹越冬。,ミズナラ, コナラ (以上ブナ科)
シロテンシャチホコ,Ellida viridimixta,6月・8月,年2化。蛹越冬。,シナノキ, オオバボダイジュ (以上アオイ科)
カバイロモクメシャチホコ,Hupodonta corticalis,6月下旬-8月,年1化。卵越冬。,サクラ類, ズミ (以上バラ科)
スジモクメシャチホコ,Hupodonta lignea,8月,年1化。卵越冬。,ハルニレ, オヒョウ (以上ニレ科)
ナカスジシャチホコ,Nerice bipartita,5-6月・7-8月,年2化。,ナナカマド, マメザクラ (以上バラ科)
シロスジシャチホコ,Nerice shigerosugii,6-7月,年1化。,ハルニレ (ニレ科)
マエジロシャチホコ,Notodonta albicosta,6月・7-8月,年2化。,ミズナラ (ブナ科)
トビスジシャチホコ,Notodonta stigmatica,5月・6-7月,年2化。蛹越冬。,シラカンバ, ダケカンバ, ヤマハンノキ, ヤシャブシ (以上カバノキ科)
ウチキシャチホコ,Notodonta dembowskii,5-6月・8月,年2化。,ダケカンバ, シラカンバ (以上カバノキ科)
トビマダラシャチホコ,Notodonta torva,6月初旬-8月中旬,年1化。蛹越冬。,ドロヤナギ, ヤナギ類 (以上ヤナギ科), セイヨウハコヤナギ (以上ヤナギ科)
シロジマシャチホコ,Pheosia rimosa,5月下旬-6月上旬・7-8月,年2化。蛹越冬。,ヤマナラシ (ヤナギ科), シラカンバ, ダケカンバ (以上カバノキ科)
ムラサキシャチホコ,Uropyia meticulodina,4-6月・8-9月,年2化。蛹越冬。,オニグルミ (クルミ科)
ニッコウシャチホコ,Shachia circumscripta,5月・7月,年2化。,オニグルミ, サワグルミ (以上クルミ科)
バイバラシロシャチホコ,Cnethodonta grisescens,5-6月・8-9月,年2化。蛹越冬。,クリ, コナラ (以上ブナ科)
シロシャチホコ,Cnethodonta japonica,5-6月・8-9月,年2化。,カバノキ科, ブナ科, ニレ科, クルミ科, マンサク科, バラ科
シャチホコガ,Stauropus fagi,5月前後・8月前後,年2化。蛹越冬。,クルミ科, ヤナギ科, カバノキ科, ブナ科, ニレ科, バラ科, マメ科, ムクロジ科, アオイ科, ミズキ科
テイキチシャチホコ,Stauropus teikichiana,3-10月,蛹越冬。,クスギ (ブナ科)
ナントシャチホコ,Stauropus alternus,5-12月,約2か月で1世代。,アカメガシワ (トウダイグサ科), バラ科, マメ科, ミカン科, ツバキ科, リュウガン, レイシ (ムクロジ科), チャノキ (ツバキ科)
ヒメシャチホコ,Stauropus basalis,5-6月・8月,年2化。,ハリエンジュ (以上マメ科), ナワシロイチゴ (バラ科), ハシバミ (カバノキ科)
ゴマダラシャチホコ,Palaeostauropus obliteratus,5月・7-8月,年2化。,モミ (マツ科)
フサオシャチホコ,Dudusa sphingiformis,7月下旬-8月上旬,年1化。蛹越冬。,オニイタヤ (ムクロジ科), カエデ類 (ムクロジ科)
ギンモンスズメモドキ,Tarsolepis japonica,7-8月,年1化。蛹越冬。,カエデ類 (ムクロジ科)
トガリバシャチホコ,Phycidopsis albovittata,3月・9月,,ヤマヒハツ (コミカンソウ科)
ツマキシャチホコ,Phalera assimilis,6-8月,年1化。,ミズナラ, コナラ, クスギ, カシワ, アベマキ, クリ (以上ブナ科)
クロツマキシャチホコ,Phalera minor,6-8月,年1化。蛹越冬。,コナラ, クスギ, アラカシ, ウバメガシ (以上ブナ科)
モンクロシャチホコ,Phalera flavescens,6-8月,年1化。蛹越冬。,サクラ類, ズミ, ナシ (以上バラ科)
フタジマネグロシャチホコ,Neodrymonia delia,6月・8月,年2化。蛹越冬。,サワフタギ, タンナサワフタギ (以上ハイノキ科)
チョウセンネグロシャチホコ,Neodrymonia coreana,7月下旬-8月上旬,年1化。,サワフタギ (ハイノキ科)
ヤクシマネグロシャチホコ,Neodrymonia acuminata,3-8月,,クロバイ (ハイノキ科)
ハイイロネグロシャチホコ,Neodrymonia marginalis,4-5月・7-9月,年2化。,サワフタギ (ハイノキ科)
オオネグロシャチホコ,Eufentonia nihonica,5-6月・8-9月,年2化。,ヒメシャラ, ナツツバキ (以上ツバキ科)
ホソバネグロシャチホコ,Disparia diluta,5-8月,通年(沖縄)。,ヒサカキ (サカキ科)
ワイルマンネグロシャチホコ,Disparia nigrofasciata,3月から,,ヒサカキ (サカキ科)
クロシタシャチホコ,Mesophalera sigmata,6-9月,年2化。蛹越冬。,ヤブツバキ (ツバキ科)
ホソバシャチホコ,Fentonia ocypete,5月・8月,年2化。,ミズナラ, コナラ, クスギ, カシ類 (以上ブナ科)
ヘリスジシャチホコ,Neopheosia fasciata,5-8月,年2化。蛹越冬。,サクラ類 (バラ科), クリ (ブナ科), アセビ (ツツジ科)
モンクロギンシャチホコ,Wilemanus bidentatus,6-8月,年2化。,ナシ, ザイフリボク (以上バラ科)
キシャチホコ,Cutuza straminea,5月・8月,年2化。蛹越冬。,メダケ, アズマザサ (以上イネ科)
ウスキシャチホコ,Mimopydna pallida,5-8月,年2化。,ススキ (イネ科)
トリゲキシャチホコ,Torigea plumosa,4-7月,年2化。,クマザサ (イネ科)
カバイロシャチホコ,Ramesa tosta,2月・5月・8月,年2化。,メヒシバ (イネ科)
トビモンシャチホコ,Drymonia dodonides,5-6月初旬,年1化。蛹越冬。,ミズナラ (ブナ科)
コトビモンシャチホコ,Drymonia japonica,6月・8月,年2化。蛹越冬。,ミズナラ, コナラ, クスギ (以上ブナ科)
ノヒラトビモンシャチホコ,Drymonia basalis,4月から,暖地では4月から。,クスギ (ブナ科)
ツマジロシャチホコ,Hexafrenum leucodera,5-6月・8月,年2化。蛹越冬。,クリ, コナラ (以上ブナ科), クマシデ, サワシバ, イヌシデ, シラカンバ, ミズメ, ツノハシバミ (以上カバノキ科)
タカムクシャチホコ,Takadonta takamukui,8月,年1化。,ブナ, イヌブナ (ブナ科)
ウスグロシャチホコ,Epinotodonta fumosa,6月・9月,年2化 (北は1化)。蛹越冬。,ダケカンバ, ウダイカンバ, ヤシャブシ (以上カバノキ科), シナノキ (アオイ科)
タカオシャチホコ,Hiradonta takaonis,5-6月・8月,年2化。蛹越冬。,エノキ (アサ科)
ミナミノクロシャチホコ,Hiradonta ohashii,3月下旬-4月,年1化。蛹越冬。,エノキ, クワノハエノキ (以上アサ科)
スズキシャチホコ,Pheosiopsis cinerea,5-6月・8月,年2化。蛹越冬。,ススキ (イネ科)
ウグイスシャチホコ,Pheosiopsis olivacea,5-6月・8月,年2化。蛹越冬。,ブナ, イヌブナ (以上ブナ科)
ヤスジシャチホコ,Epodonta lineata,5-6月・8-9月,年2化。,ハリギリ (ウコギ科)
クビワシャチホコ,Shaka atrovittatus,4月から,年2化。蛹越冬。,カエデ属 (ムクロジ科)
カエデシャチホコ,Semidonta biloba,4-9月,年2化。蛹越冬。,カエデ属, トチノキ (ムクロジ科)
オオエグリシャチホコ,Pterostoma gigantinum,5-8月,年2化。蛹越冬。,フジ, イヌエンジュ, ハリエンジュ, エニシダ (以上マメ科)
チョウセンエグリシャチホコ,Pterostoma griseum,6月下旬-7月,年1化。,イスエンジュ (マメ科), チョウセンヤマナラシ (ヤナギ科)
タテスジシャチホコ,Togepteryx velutina,4月下旬-8月,年2化。,カエデ属 (ムクロジ科)
ナカキシャチホコ,Peridea gigantea,6-8月,年2化。,ミズナラ, コナラ, クスギ, クリ (以上ブナ科)
ルリモンシャチホコ,Peridea oberthueri,6月初旬-8月,年2化。,ハンノキ, ヤマハンノキ, ヤシャブシ (以上カバノキ科)
マルモンシャチホコ,Peridea rotundata,6-8月,年2化。,ブナ, イヌブナ (以上ブナ科)
ニトベシャチホコ,Peridea aliena,6月上旬-8月,年2化。,カマツカ, ズミ (以上バラ科)
シノノメシャチホコ,Peridea elzet,8-9月,年1化。,クスギ (ブナ科)
イシダシャチホコ,Peridea graeseri,6-9月,年2化。,ハルニレ, ケヤキ (ニレ科)
アカネシャチホコ,Peridea lativitta,5-6月・8月,年2化。,ミズナラ (ブナ科)
ネスジシャチホコ,Fusadonta basilinea,5月初旬から,年2化。,クスギ (ブナ科)
トビネシャチホコ,Nephodonta tsushimensis,2月下旬-3月初旬,年1化。,クスギ, カシワ, アラカシ, アベマキ, コナラ (以上ブナ科)
アマギシャチホコ,Eriodonta amagisana,4-5月,年1化。蛹越冬。,ブナ (ブナ科)
ハイイロシャチホコ,Microphalera grisea,4月から,年2化。,カエデ属 (ムクロジ科)
セダカシャチホコ,Euhampsonia cristata,5-8月,年2化。,ミズナラ, コナラ, クスギ, カシ類 (以上ブナ科)
アオセダカシャチホコ,Euhampsonia splendida,5月・8月,年2化。蛹越冬。,ミズナラ, コナラ, クスギ, カシ類 (以上ブナ科)
ブナアオシャチホコ,Syntypistis punctatella,5-6月・8-9月,年2化。,ブナ, イヌブナ (以上ブナ科)
プライヤアオシャチホコ,Syntypistis pryeri,5-6月・8月,年2化。蛹越冬。,クスギ, ウバメガシ (以上ブナ科)
アオシャチホコ,Syntypistis japonica,4月-9月上旬,年2化。蛹越冬。,エゴノキ (エゴノキ科)
ホリシャシャチホコ,Syntypistis subgeneris,3-9月,,エゴノキ
オオアオシャチホコ,Syntypistis cyanea,4-6月・7-9月,年2化。卵越冬。,エゴノキ, ハクウンボク (エゴノキ科)
ナチアオシャチホコ,Syntypistis nachiensis,3-5月・7-8月,,未知
アマミアオシャチホコ,Syntypistis amamiensis,3月・7-8月,年2化。,イスノキ (マンサク科)
イリオモテアオシャチホコ,Vaneckeia pallidifascia,3-10月,多化。,イジュ (ヒメツバキ科)
ギンボシシャチホコ,Rosama cinnamomea,6-7月・8-9月,年2化。蛹越冬。,ヌスビトハギ (マメ科)
トビギンボシシャチホコ,Rosama ornata,5月・7-8月,年2化。蛹越冬。,ヤマハギ (マメ科)
ハネブサシャチホコ,Platychasma virgo,6月・8月,年2化。,カジカエデ (ムクロジ科)
スギドクガ,Calliteara argentata,5月・7-8月,年2化。幼虫越冬。,スギ, ヒノキ, コナラ, クヌギ, ヒマラヤスギ
リンゴドクガ,Calliteara pseudabietis,4-5月・7-8月,年2化。蛹越冬。,リンゴ, ナシ, サクラ類, ヤナギ類, クヌギ, アベマキ, コナラ, イタドリ, カキノキ, サンゴジュ, ハリエンジュ, オニグルミ
アカヒゲドクガ,Calliteara lunulata,4-6月・7-8月,年2化。,クリ, カシワ (以上ブナ科)
ウスジロドクガ,Calliteara virginea,5-6月,年1化。,ハギ類 (マメ科)
スズキドクガ,Calliteara conjuncta,5-6月・8月,年2化。蛹越冬。,クスギ, コナラ (以上ブナ科)
シタキドクガ,Calliteara taiwana,5-6月・8-10月,年2化。,クヌギ, アベマキ, アカガシ (以上ブナ科)
ブドウドクガ,Ilema eurydice,7-9月,年2化。,ブドウ, ノブドウ, ツタ (以上ブドウ科), タマアジサイ (アジサイ科), ウラジロマタタビ (マタタビ科)
ナチキシタドクガ,Ilema nachiensis,7-8月,年1化。,コナラ, アラカシ (以上ブナ科), オオバヤシャブシ (カバノキ科), ミズキ (ミズキ科), アカメガシワ (トウダイグサ科), チシャノキ (ムラサキ科)
マメドクガ,Cifuna locuples,6-9月,年3回程度。幼虫越冬。,ダイズ, フジ (以上マメ科), ミカイドウ, バラ (以上バラ科), エノキ (アサ科), クズ, コナラ (以上ブナ科), ウツギ (アジサイ科)
ダイセツドクガ,Gynaephora rossii,7月,卵から成虫まで3年。,クロマメノキ, エゾツツジ, キバナシャクナゲ, ウラシマツツジ, コバノツガザクラ, チシマツガザクラ, イワヒゲ, ガンコウラン (以上ツツジ科), エゾノタカネヤナギ, ミヤマヤナギ (以上ヤナギ科), ダイセツイワスゲ (カヤツリグサ科)
アカモンドクガ,Telochurus recens,6月・8月,年2化。,コナラ, クスギ (以上ブナ科), リンゴ, ウメ, サクラ類 (以上バラ科), ダイズ (マメ科)
ヒメシロモンドクガ,Orgyia thyellina,6-8月・10-11月,年2-3化。幼虫越冬。,バラ科, クワ科, ブナ科, ヤナギ科, カバノキ科, マメ科, アサ科, アオイ科
コシロモンドクガ,Orgyia postica,3・6・7・11月など,イジュ (ツバキ科), マルヤマカンコノキ (コミカンソウ科), トウゴマ (トウダイグサ科), イヌノキ (マンサク科), ハマセンダン (ミカン科), サイハイデイゴ, ギンネム (以上マメ科), アコウ (クワ科), ヤマモモ (ヤマモモ科), バラ (バラ科)
ヤクシマドクガ,Orgyia triangularis,3・6・7・8・9・12月など,イジュ (ツバキ科), スダジイ (ブナ科), ヤマモモ (ヤマモモ科), イスノキ (マンサク科), バラ (バラ科), サルスベリ (ミソハギ科)
スゲドクガ,Laelia coenosa,5-6月・8-9月,年2化。,スゲの一種, マツカサススキ, ヒメガマ, ヨシ (イネ科)
クニガミスゲドクガ,Laelia kunigamiensis,4-5月・11月,未知。,イネ科植物
スゲオオドクガ,Laelia gigantea,5-6月・8-9月,年2化。,ササ類などのイネ科
ミヤノスゲドクガ,Laelia miyanoi,6-7月,未知。,未知
エルモンドクガ,Arctornis l-nigrum,6-8月,年2化。,ケヤキ, ハルニレ (以上ニレ科)
スカシドクガ,Arctornis kumatai,5-6月・8-9月,年2化。,アワブキ (アワブキ科)
ヒメシロドクガ,Arctornis chichibense,5-6月・7-8月,年2化。,ブナ, イヌブナ (以上ブナ科)
ツシマシロドクガ,Arctornis album,7-8月,未知。,モクレン科
ヒメスカシドクガ,Arctornis kanazawai,3-7月・12月,未知。,未知
ニワトコドクガ,Topomesoides jonasii,6-9月,年2化。,カマツカ, ズミ (以上バラ科), ブナ (ブナ科), ニワトコ (レンプクソウ科)
ヤナギドクガ,Leucoma salicis,7-8月,年1化。幼虫越冬。,セイヨウハコヤナギ, ドロヤナギ, ミヤマヤナギ (以上ヤナギ科)
ブチヒゲヤナギドクガ,Leucoma candida,7-8月,年1化。,ポプラ, ドロノキ, ミネヤナギ (以上ヤナギ科)
キアシドクガ,Ivela auripes,6月,年1化。卵越冬。,ミズキ, クマノミズキ (以上ミズキ科)
ヒメキアシドクガ,Ivela ochropoda,6-8月,年1化。,ハルニレ (ニレ科)
コシロオビドクガ,Numenes disparilis,6-7月・8-9月,年2化。,アカシデ (カバノキ科), オシダ (オシダ科), アサダ (カバノキ科)
シロオビドクガ,Numenes albofascia,6-7月・8-9月,年2化。,イヌシデ (カバノキ科)
クロモンドクガ,Kuromondokuga niphonis,6-7月・8-9月,年2化。,ハシバミ, アサダ (以上カバノキ科), サクラ類 (バラ科)
ウチジロママイマイ,Parocneria furva,6-7月・8-9月,年2化。卵または若齢幼虫越冬。,ヒノキ, ビャクシン, ハイビャクシン (以上ヒノキ科)
マイマイガ,Lymantria dispar,7-8月,年1化。卵越冬。,リンゴ, ナシ, モモ, ウメ, ソメイヨシノ, ヤナギ類, セイヨウハコヤナギ, クヌギ, ミズナラ, カシワ, アラカシ, ハルニレ, ケヤキ, ヌルデ, ウルシ, ミヤマキリシマ, ツタ, シナノキ, ハンノキ, カキノキ
シロシタマイマイ,Lymantria albescens,6-7月,年1化。卵越冬。,オオバギ, トウゴマ (以上トウダイグサ科)
ノンネマイマイ,Lymantria monacha,7-8月,年1化。卵越冬。,クヌギ, ブナ (以上ブナ科), シラカンバ (カバノキ科), マツ類, カラマツ (以上マツ科)
ミノオマイマイ,Lymantria minomonis,4月下旬から5月上旬,年1化。,アラカシ (ブナ科)
オオヤママイマイ,Lymantria lucescens,8-9月,年1化。,クヌギ (ブナ科)
マエグロマイマイ,Lymantria xylina,6-7月,年1化。,イスノキ (マンサク科), アカギ, オオシマコバンノキ (以上コミカンソウ科), モクマオウ (モクマオウ科), サカキ (サカキ科), ホルトノキ (ホルトノキ科)
バンタイマイマイ,Lymantria bantaizana,7-8月,年1化。卵越冬。,サワグルミ, オニグルミ, カシグルミ (以上クルミ科)
ハラアカマイマイ,Lymantria fumida,7-8月,年1化。卵越冬。,モミ, カラマツ (以上マツ科)
カシワマイマイ,Lymantria mathura,7-9月,年1化。卵越冬。,カシワ, クヌギ, コナラ, クリ (以上ブナ科), サクラ, リンゴ, ナシ (以上バラ科), ハゼノキ (ウルシ科), ケヤキ (ニレ科), イスノキ (マンサク科), モクマオウ (モクマオウ科)
スキバドクガ,Perina nuda,3-8月,イチジク, オオイタビ, ガジュマル (以上クワ科)
フタホシドクガ,Nygmia staudingeri,7-8月・9-10月,年2化。,未知
マガリキドクガ,Nygmia curvata,7-8月・10月,年2化。,未知
ドクガ,Artaxa subflava,6-8月,年1化。若齢幼虫越冬。,サクラ, ウメ, バラ, ズミ (以上バラ科), クヌギ, コナラ, クリ (以上ブナ科), イタドリ (タデ科), アカメガシワ (トウダイグサ科), カキノキ (カキノキ科), グラジオラス (アヤメ科), ヤブマオ (イラクサ科)
サカグチキドクガ,Artaxa sakaguchii,6-8月・10月,スダジイ (ブナ科), ホウロクイチゴ (バラ科)
カンシキドクガ,Artaxa kanshireia,9月上旬,未知。,未知
キドクガ,Kidokuga piperita,6-8月,年1化。,ヤシャブシ (カバノキ科), ヤマナラシ (ヤナギ科), マンサク (マンサク科), リョウブ (リョウブ科), ハクウンボク (エゴノキ科), ツツジ, タニウツギ (スイカズラ科), クスギ (ブナ科), カジカエデ (ムクロジ科)
トラサンドウクガ,Kidokuga torasan,5月・7-8月,年2化。,クスギ (ブナ科)
モンシロドクガ,Sphrageidus similis,5-6月・8-9月,年2化。幼虫越冬。,サクラ, リンゴ, ウメ, ソメイヨシノ (以上バラ科), クワ類 (クワ科), カキノキ (カキノキ科), クリ, コナラ, クヌギ (以上ブナ科), フジ, ネムノキ (以上マメ科), イヌザンショウ (ミカン科), ジャガイモ (ナス科), クチナシ (アカネ科), イタドリ (タデ科), オニグルミ (クルミ科)
タイワンキドクガ,Orvasca taiwana,5-6月,ダイコン (アブラナ科), ゴボウ (キク科), バラ (バラ科), トウマ (トウダイグサ科)
ゴマフリドクガ,Somena pulverea,5月・7-8月,年2化。,ヒサカキ (サカキ科), サクラ類, バラ (バラ科), ハリエンジュ, ニセアカシア (マメ科), ケタデ (タデ科), マルヤマカンコノキ (コミカンソウ科), シマザサ (キネ科), リュウキュウボタンヅル (キンポウゲ科), イジュ (ツバキ科)
チャドクガ,Arna pseudoconspersa,6-7月・10月,年2化。卵越冬。,チャノキ, ツバキ, サザンカ (以上ツバキ科)
クロミャクホソバ,Pelosia ramosula,7-8月,年1化。,地衣類
クロスジホソバ,Pelosia noctis,5-6月・8-9月,年2化。,地衣類
ネズミホソバ,Pelosia angusta,7-8月,年1化。,地衣類
ホシホソバ,Pelosia muscerda,6-8月,年1化。,苔類
トカラホソバ,Pelosia tokaraensis,6・7・10月,地衣類
ヒメクロスジホソバ,Pelosia obtusa,6月・8月,年2化。,未知
キシタホソバ,Eilema vetusta,5-9月,年1-3化。幼虫越冬。,地衣類
ウスキシタホソバ,Eilema griseola,8月,地衣類
ミヤマキベリホソバ,Eilema okanoi,8月,未知。,未知
ムジホソバ,Eilema deplana,6-9月,年1化または2化。,地衣類
シタグロホソバ,Eilema flavociliata,8月,未知。,未知
ツマキホソバ,Eilema laevis,5-8月,年2化。,地衣類
キマエホソバ,Eilema japonica,5-9月,年2化。,地衣類, アラカシ (ブナ科)
ヒメキマエホソバ,Eilema gina,6-9月,未知。,未知
シロホソバ,Eilema degenerella,5-8月,年2化。,地衣類
ヤネホソバ,Eilema fuscodorsalis,4-9月,年3-4化。,地衣類, 苔類
ニセキマエホソバ,Eilema nankingica,6-8月,年2化。,未知
オキナワキホソバ,Eilema hiroshiinouei,7月・9月,未知。,未知
ヒメツマキホソバ,Eilema minor,6-8月,年2化。,未知
キムジホソバ,Eilema affineola,7-8月,未知。,未知
ヒメキホソバ,Dolgoma cribrata,5-6月・8-9月,年2化。,地衣類, 苔類
アマミキホソバ,Brunia antica,2-9月,多化。,未知
リュウキュウムジホソバ,Tigrioides pallens,3-10月,未知。,未知
ナガサキムジホソバ,Tigrioides immaculatus,3-11月,未知。,未知
ルリモンホソバ,Chrysaeglia magnifica,6月頃,年3回。,地衣類
モンシロホソバ,Vamuna albolutea,5月・7月,未知。,未知
ゴマフオオホソバ,Agrisius fuliginosus,6-8月,年1化。,地衣類
クビワウスグロホソバ,Macrobrochis staudingeri,6-7月,年1化。,クスギ, アラカシ (以上ブナ科), ツバキ (ツバキ科), タブノキ (クスノキ科)
キマエクロホソバ,Ghoria collitoides,6-8月,年1化。,未知
キベリネズミホソバ,Ghoria gigantea,6-7月,年1化。,タニウツギ (スイカズラ科), 苔類
ヨツボシホソバ,Lithosia quadra,6-9月,年1化または2化。幼虫越冬。,地衣類, アラカシ (ブナ科)
マエグロホソバ,Conilepia nigricosta,6-7月・9月,年2化。,未知
アカスジシロコケガ,Cyana hamata,6-9月,年2化。,地衣類
ヒトテンアカスジコケガ,Cyana unipunctata,7・8・11月,未知。,未知
キスジシロコケガ,Cyana harterti,ほぼ1年中,未知。,未知
ウスクロスジチビコケガ,Stictane obscura,5-6月・8月,未知。,未知
クロスジチビコケガ,Stictane rectilinea,3-11月,未知。,未知
ウスグロコケガ,Siccia obscura,6-8月,地衣類
シロオビクロコケガ,Siccia minuta,6-8月,地衣類
シカタコケガ,Siccia shikatai,6-7月,未知。,未知
キムラコケガ,Siccia kimurai,4月・9月,未知。,未知
クロモンエグリコケガ,Garudinia bimaculata,3-9月,未知。,未知
バイバラホシコケガ,Aemene sordida,5月,未知。,未知
クロテンシロコケガ,Aemene fukudai,7-8月,未知。,未知
ホシオビコケガ,Aemene altaica,5-6月・7-10月,年2化。幼虫越冬。,地衣類
オオベニヘリコケガ,Melanaema venata,6月・8-9月,年2-3化。,未知
クシヒゲコケガ,Thumatha ochracea,7-8月,未知。,未知
クロスジコケガ,Creatonotos gangis,5月・7月,未知。,未知
クロスジコケガ,Thumatha musculosa,7-8月,未知。,未知
ハイイロヒトリ,Creatonotos transiens,5-6月・8-9月,年2化。,クワ, イチジク, ギシギシ, イタドリ, クズ, シロツメクサ, オオバコ, ヨモギ, タンポポ類, ノゲシ, キャベツ
ムモンウスキコケガ,Neasura melanopyga,ほぼ1年中,未知。,苔類
マエベニコケガ,Nipponasura sanguinea,ほぼ1年中,未知。,未知
チビコケガ,Mithuna fuscivena,ほぼ1年中,未知。,未知
チャオビチビコケガ,Philenora latifasciata,6-10月,未知。,未知
キベリチビコケガ,Diduga flavicostata,3-9月,苔類
クロテンハイイロコケガ,Eugoa grisea,6月・8-9月,年2化。,地衣類
フタオビコケガ,Eugoa basipuncta,3・5・7・8月,未知。,未知
ウスバフタホシコケガ,Schistophleps bipuncta,5月・7-8月,未知。,未知
ウスカバフコケガ,Nudaria unifascia,ほぼ1年中,未知。,未知
スカシコケガ,Nudaria ranruna,7-10月,アラカシ (ブナ科), ミミズバイ (ハイノキ科), ヒサカキ, サカキ (以上サカキ科)
ゴマダラキコケガ,Stigmatophora leacrita,6-7月・8-9月,年2化。,地衣類, 苔類
モンクロベニコケガ,Stigmatophora rhodophila,6-7月・8月,年2化。,地衣類, 苔類
フタホシコケガ,Nudina artaxidia,6-7月,未知。,未知
ゴマダラベニコケガ,Barsine pulchra,5-9月,数回発生。,未知
スジベニコケガ,Barsine striata,5-9月,数回発生。,地衣類, 苔類
ハガタベニコケガ,Barsine aberrans,5-9月,年3回。,地衣類
サキシマベニコケガ,Barsine expressa,3・7・10月,ほぼ1年中。,未知
アマミハガタベニコケガ,Miltochrista ziczac,4月・8月,未知。,未知
ハガタキコケガ,Miltochrista calamina,5-9月,フジ (マメ科), 地衣類
ベニヘリコケガ,Miltochrista miniata,5-9月,年2-3化。,地衣類
スジマガリベニコケガ,Asuridia carnipicta,7-8月,未知。,未知
ヒメホシキコケガ,Lyclene dharma,3-9月,カナメモチ (バラ科)
ヤクシマキコケガ,Lyclene alikangiae,3・5・6・7・8月,未知。,未知
トラガモドキ,Nikaea matsumurai,10-11月・3-4月,未知。,未知
トラフヒトリ,Aglaomorpha histrio,5-6月・7-9月,年2化。,ウメ (バラ科), イタドリ (タデ科), ツバキ類 (ツバキ科)
モンシロモドキ,Nyctemera adversata,3-10月,ヒメジョオン, タケニグサ, サワオグルマ, コウゾリナ, スイゼンジナ (以上キク科)
ツマキモンシロモドキ,Nyctemera lacticinia,5・6・10月,ヨブスマソウ (キク科)
ネッタイモンシロモドキ,Nyctemera coleta,1年中,未知。,未知
デバリモンシロモドキ,Nyctemera carissima,5-10月,数回発生。,ネギ (ネギ科), ダイズ (マメ科), トウモロコシ (イネ科), ミソハギ (ミソハギ科)
キハラモンシロモドキ,Nyctemera cenis,6・7・8月,未知。,未知
オキナワモンシロモドキ,Pitasila okinawensis,2-10月,モンパノキ (ムラサキ科)
アケボノマダラヒトリ,Mangina argus,6世代,タヌキマメ属 (マメ科)
キゴマダラヒトリ,Argina astrea,7月,未知。,未知
ベニゴマダラヒトリ,Utetheisa pulchelloides,5-9月,モンパノキ, ハナイバナ (以上ムラサキ科)
タイワンベニゴマダラヒトリ,Utetheisa lotrix,5-10月,タヌキマメ (マメ科)
キバラヒトリ,Epatolmis caesarea,5月,年1化。,ヤナギ類 (ヤナギ科), オオバコ, クガイソウ (以上オオバコ科), タンポポ類 (キク科), ハコベ (ナデシコ科), ミヤマコウゾリナ (キク科)
アマヒトリ,Phragmatobia amurensis,7-8月,年1化。幼虫越冬。,アマ (アマ科), タンポポ属, アキノキリンソウ (以上キク科), スイバ (タデ科), シロツメクサ (マメ科)
リシリヒトリ,Hyphoraia aulica,6月,年1化。,オオバコ (オオバコ科), タンポポ類 (キク科)
ダイセツヒトリ,Grammia quenseli,7月,年1化。,キバナシャクナゲの花, チシマザクラ (以上ツツジ科)
モンヘリアカヒトリ,Diacrisia irene,6-7月,年1化。卵越冬。,オオバコ (オオバコ科), タンポポ類 (キク科)
ヒメキシタヒトリ,Parasemia plantaginis,7月,年1化。卵越冬。,オオバコ (オオバコ科), ギシギシ, イタドリ (以上タデ科), タンポポ類, クワ (クワ科)
ヒトリガ,Arctia caja,8-9月,年1化。幼虫越冬。,クワ (クワ科), スグリ (スグリ科), アサ (アサ科), ニワトコ (レンプクソウ科), オオバコ (オオバコ科), タンポポ類 (キク科), ギシギシ, イタドリ (以上タデ科), キャベツ (アブラナ科)
ゴマベニシタヒトリ,Rhyparia purpurata,7月,年1化。,キンポウゲ (スイカズラ科), オオバコ (オオバコ科), ヤブムラ (アカネ科), ノコギリソウ (キク科)
ヒメベニシタヒトリ,Rhyparioides subvaria,5月・7-8月,年2化。,未知
ホシベニシタヒトリ,Rhyparioides amurensis,7月,年1化。,スイバ, ギシギシ (以上タデ科)
ベニシタヒトリ,Rhyparioides nebulosa,6-7月・8-9月,年2化。,オオバコ (オオバコ科), タンポポ類 (キク科)
コベニシタヒトリ,Rhyparioides metelkana,6-7月・8-9月,年2化。,アヤメ (アヤメ科), オニシモツケ (バラ科), シャクヤク (ボタン科), ノリウツギ (アジサイ科), クサソテツ (コウヤワラビ科)
クロスジヒトリ,Creatonotos gangis,5月・7月,未知。,未知
マエアカヒトリ,Aloa lactinea,5-10月,数回発生。,ネギ (ネギ科), ダイズ (マメ科), トウモロコシ (イネ科), ミソハギ (ミソハギ科)
アメリカシロヒトリ,Hyphantria cunea,6-6月上旬・8-9月,年2化・3化。蛹越冬。,クワ (クワ科), カキノキ (カキノキ科), ヤナギ類 (ヤナギ科), サクラ類, リンゴ (以上バラ科), クリ, コナラ (以上ブナ科), スズカケノキ (スズカケノキ科), ユリノキ (モクレン科)
シロヒトリ,Chionarctia nivea,7-9月,年1化。幼虫越冬。,スイバ, イタドリ, ギシギシ (以上タデ科), タンポポ類 (キク科)
アカハラゴマダラヒトリ,Spilosoma punctarium,4-9月,年2-3化。,クワ (クワ科), ミズキ (ミズキ科)
キハラゴマダラヒトリ,Spilosoma lubricipedum,4-9月,年2-3化。,クワ (クワ科), サクラ類 (バラ科)
スジモンヒトリ,Spilarctia seriatopunctata,4-6月・7-9月,年2化。,クワ (クワ科), ケヤキ (ニレ科), サクラ類 (バラ科)
アトラカヒトリ,Spilarctia postrubida,3・7・8月,ホウビカンジュ (ツルシダ科)
キバネモンヒトリ,Spilarctia lutea,7-8月,年1化。,スイバ, ギシギシ (以上タデ科), オオバコ (オオバコ科), ハッカ (シソ科)
フトスジモンヒトリ,Spilarctia obliquizonata,4-6月・7-9月,年2化。,クワ (クワ科)
フタスジヒトリ,Spilarctia bifasciata,6-7月,年1化。,クワ (クワ科)
オビヒトリ,Spilarctia subcarnea,4-6月・7-9月,年2化。,クワ (クワ科)
セスジヒトリ,Spilarctia howqua,4-5月・8-9月,年2化。,クワ, イチジク (以上クワ科), ギシギシ, イタドリ (以上タデ科), クズ, シロツメクサ (以上マメ科), オオバコ (オオバコ科), ヨモギ, タンポポ類, ノゲシ (以上キク科), キャベツ (アブラナ科)
クロフシロヒトリ,Eospilarctia lewisii,5-7月,年1化。,未知
カクモンヒトリ,Lemyra inaequalis,6月・7-8月,年2化。幼虫越冬。,クスギ, アベマキ, コナラ, アラカシ (以上ブナ科), クワ (クワ科)
アカヒトリ,Lemyra flammeola,6-7月・8-9月,年2化。幼虫越冬。,シャシャンボ (ツツジ科), ニワウルシ (ニガキ科), アベマキ, アラカシ (以上ブナ科), ミカン属 (ミカン科), イタドリ (タデ科), トウグミ (グミ科), サクラ類 (バラ科), シソ, モチノキ科, カエデ類 (ムクロジ科)
クロバネヒトリ,Lemyra infernalis,7-8月,年1化。,サクラ類, モモ (以上バラ科), クワ (クワ科), クスギ (ブナ科)
クワゴマダラヒトリ,Lemyra imparilis,7-9月,年1化。,ヤナギ類 (ヤナギ科), ウツギ (アジサイ科), サンゴジュ, ガマズミ (以上レンプクソウ科), クワ (クワ科), クリ, コナラ, アラカシ (以上ブナ科)
カノコガ,Amata fortunei,6月・8-9月,年2化。幼虫越冬。,タンポポ類 (キク科), シロツメクサ (マメ科), スイバ, ギシギシ (以上タデ科), スギナ (トクサ科), シロツメクサ, スギナ
ツマキカノコ,Amata flava,5月・10月,未知。,未知
キハダカノコ,Amata germana,6-7月,ウワバミソウ (イラクサ科), 柑橘類 (ミカン科), カシューナッツ類 (ウルシ科)
シロスジヒトリモドキ,Asota heliconia,ほぼ1年中,オオバイヌビワ, コウトウイヌビワ (以上クワ科), パパイヤ
ホシヒトリモドキ,Asota plana,ほぼ1年中,ガジュマル, アコウ
キイロヒトリモドキ,Asota egens,ほぼ1年中,ガジュマル, イヌビワ, ホソバムクイヌビワ, オオイタビ (以上クワ科)
イチジクヒトリモドキ,Asota ficus,ほぼ1年中,イチジク, ガジュマル, イヌビワ (以上クワ科)
キシタヒトリモドキ,Asota caricae,ほぼ1年中,ガジュマル, オオバイヌビワ (以上クワ科)
ミナミヒトリモドキ,Euplocia membliaria,8月,未知。,未知
ヤエヤマキテンアツバモドキ,Parachrostia sugii,3・5・8月,年複数回。,未知
アマミキテンアツバモドキ,Parachrostia kishidai,6・8・10月,年複数回。,未知
オキナワキテンアツバモドキ,Parachrostia owadai,5-7月・9-11月,年複数回。,未知
ヒメキテンアツバモドキ,Anellus edai,3・5・8月,年複数回。,未知
ウスオビアツバモドキ,Mimachrostia fasciata,5-9月,未知。,未知
ヘリグロアツバモドキ,Micronoctua occi,6月から10月,未知。,未知
コマバシロコブガ,Nolathripa lactaria,5-7月・8-9月,オニグルミ (クルミ科)
モモタマナコブガ,Sarbena ustipennis,1・5・8・9・11・12月,モモタマナ, シクンシ (以上シクンシ科), オオバナサルスベリ (ミソハギ科)
マルバコブガ,Nola thyrophora,5-6月・8-9月・11-12月,未知。,未知
ツマグロコブガ,Nola chlamitulalis,5-6月・8月,年2化。,ニガクサ属 (シソ科), マツムシソウ属 (スイカズラ科)
クロスジシロコブガ,Nola taeniata,5-6月・8-10月・12-3月,年2化。,ヒデリコ (カヤツリグサ科)
ミヤノシロコブガ,Nola miyanoi,6-7月・9月,年2化。,未知
マエモンコブガ,Nola japonibia,5-8月,年2化。,未知
クロフマエモンコブガ,Nola innocua,5-6月・10月・12-3月,イスノキ (マンサク科)
ツマカバコブガ,Nola emi,5-6月,未知。,未知
カバイロコブガ,Nola aerugula,6-9月,年2化。,ミズナラ (ブナ科), カバノキ属 (カバノキ科), キイチゴ属 (バラ科)
ナミグルマアツバ,Anatatha lignea,5-8月,未知。,未知
ヒメナミグルマアツバ,Anatatha misae,6-8月,未知。,未知
クロオビアツバ,Anatatha wilemani,5-8月,エノコログサ, メヒシバ (以上イネ科)
ムラサキアツバ,Diomea cremata,5-9月,カワラタケ (サルノコシカケ科), シイタケ (キシメジ科)
ヨツモンムラサキアツバ,Diomea discisigna,5-8月,未知。,未知
ナカオビムラサキアツバ,Diomea yanagitai,8月,未知。,未知
マエヘリモンアツバ,Diomea jankowskii,5-9月,未知。,未知
ミナミマエヘリモンアツバ,Diomea insulana,3-8月,未知。,未知
マエジロアツバ,Hypostrotia cinerea,5-6月・8-10月,年2化。,カワラタケ (サルノコシカケ科) などの菌類
ヒメエビイロアツバ,Maguda suffusa,6-9月,未知。,未知
オオトウアツバ,Panilla petrina,5-10月,未知。,未知
マエクロモンアツバ,Panilla costipunctata,3-10月,未知。,未知
アトホシボシアツバ,Caduca albopunctata,10月,未知。,未知
ミミモンクチバ,Anticarsia irrorata,8-10月,ハマアズキ (マメ科)
オビマダラアツバ,Raparna roseata,5月・8-9月,未知。,未知
ソトキイロアツバ,Oglasa bifidalis,7-9月,ブナ, イヌブナ (以上ブナ科)
マエテンアツバ,Rhesala imparata,6-11月,ネムノキ (マメ科)
アトヘリヒトホシアツバ,Gesonia fallax,4-10月,クズ, フジ (以上マメ科)
コハイイロアツバ,Gesonia obeditalis,7・8月,未知。,未知
シロズアツバ,Ectogonia butleri,5-8月,年2化。,マルバウツギ (アジサイ科), シイ類 (ブナ科)
アトエグリアツバ,Arsacia rectalis,6月,未知。,未知
マノアツバ,Goniocraspedon manoi,3・5・11月,未知。,未知
シマアツバ,Hepatica linealis,4-5月・7-8月,年2化。,アラカシ (ブナ科), ナンゴクカモメヅル (キョウチクトウ科)
ナンキンシマアツバ,Hepatica nakatanii,4-5月・7-8月,年2化。,未知
ヤエヤマシマアツバ,Hepatica seinoi,3・11月,未知。,未知
ムスジアツバ,Loxioda parva,7・9月,未知。,未知
シロテンアツバ,Stenbergmania albomaculalis,6-9月,クヌギ (ブナ科)
アヤナミアツバ,Zekelita plusioides,6-7月,地衣類
ハスオビアヤナミアツバ,Zekelita satoi,5・8月,未知。,未知
チビクロアツバ,Chibidokuga hypenodes,6-8月,地衣類
ヒロバチビトガリアツバ,Hypenomorpha calamina,8月,ナラガシワ (ブナ科)
チビトガリアツバ,Hypenomorpha falcipennis,7月,未知。,未知
マエフタモンアツバ,Protophota trigonifera,3-11月,未知。,未知
ウラモンチビアツバ,Micreremites pyraloides,5-7月,未知。,未知
ウスクモチビアツバ,Micreremites japonica,7・8月,未知。,未知
コウスクモチビアツバ,Micreremites azumai,8月,未知。,未知
クロテンカバアツバ,Anachrostis nigripunctalis,6-10月,ズミ (バラ科)
ホソバカバアツバ,Anachrostis minutissima,5・10月,未知。,未知
アマミカバアツバ,Anachrostis amamiana,4・8月,未知。,未知
フタテンチビアツバ,Neachrostia bipuncta,3・11月,未知。,未知
キイロチビアツバ,Neachrostia purpureoflava,3・10月,未知。,未知
フタキボシアツバ,Gynaephila maculifera,6-7月・8-9月,年2化。,コケ植物
ミナミフタキボシアツバ,Gynaephila punctirenaz,11月,未知。,未知
エダヒゲキボシアツバ,Naarda pectinata,3・11月,未知。,未知
クロスジヒメアツバ,Schrankia costaestrigalis,4-10月,イブキジャコウソウ, ハッカ (以上シソ科)
アマミヒメアツバ,Schrankia seinoi,7-8月,未知。,未知
ハスオビヒメアツバ,Schrankia separatalis,4-5月・7-9月,年2化。,未知
ウスオビヒメアツバ,Schrankia masuii,6-7月,未知。,未知
マルモンヒメアツバ,Schrankia kogii,6-9月,未知。,未知
メスグロヒメアツバ,Schrankia dimorpha,4-7月,未知。,未知
ハスジミジンアツバ,Hypenodes turfosalis,8月,未知。,未知
ミジンアツバ,Hypenodes rectifascia,5-9月,未知。,未知
マガリミジンアツバ,Hypenodes curvilineus,7月,未知。,未知
ウスマダラチビアツバ,Protoschrankia murakii,7月,未知。,未知
キマダラチビアツバ,Protoschrankia ijimai,7-8月,未知。,未知
ミナミチビアツバ,Luceria oculalis,8-11月,未知。,未知
チビアツバ,Luceria fletcheri,8月,未知。,未知
アヤホソコヤガ,Araeopteron amoenum,5-9月,未知。,未知
シロホソコヤガ,Araeopteron flaccidum,5月・7月,未知。,未知
クロモンホソコヤガ,Araeopteron kurokoi,5-7月・9-10月,未知。,未知
マダラホソコヤガ,Araeopteron fragmentum,6-9月,未知。,未知
ウスグロホソコヤガ,Araeopteron nebulosum,5-6月,未知。,未知
キスジコヤガ,Enispa lutefascialis,5-8月,未知。,未知
シラホシコヤガ,Enispa bimaculata,5-7月,年1化。幼虫越冬。,地衣類
サザナミコヤガ,Enispa masuii,6-9月,未知。,未知
ミジンベニコヤガ,Ectoblemma rosella,6月,未知。,未知
ソトオビヒメコヤガ,Acidaliodes perstriata,6月,未知。,未知
ハイイロコヤガ,Mataeomera obliquisigna,7-9月,地衣類
ミナミハイイロコヤガ,Mataeomera biangulata,3・5・11月,未知。,未知
クロハナコヤガ,Aventiola pusilla,7月,年1化。,地衣類
イガコヤガ,Manoblemma cryptica,6月,未知。,未知
シマフコヤガ,Corgatha nitens,6-9月,ミズキ (ミズキ科), ミツバウツギ, ゴンズイ (以上ミツバウツギ科), キブシ (キブシ科)
カバイロシマコヤガ,Corgatha argillacea,7-9月,地衣類
モモイロシマコヤガ,Corgatha costimacula,8-9月,地衣類
シロスジシマコヤガ,Corgatha dictaria,6月,年1化。,地衣類
ハイイロシマコヤガ,Corgatha fusca,5-10月,地衣類
ヒメシロスジシマコヤガ,Corgatha zonalis,5・10月,地衣類
フタスジシマコヤガ,Corgatha marumoi,6-8月,未知。,未知
ベニシマコヤガ,Corgatha pygmaea,7月,地衣類
ツマベニシマコヤガ,Corgatha obsoleta,7月,未知。,未知
マエグロシマコヤガ,Corgatha semiobsoleta,3・7月,未知。,未知
ヨツテンシマコヤガ,Corgatha fusciceps,8月,未知。,未知
ゴマモンシマコヤガ,Corgatha sasakii,6-10月,未知。,未知
ミイロコヤガ,Shiraia tripartita,5-9月,年2化。,未知
シロエグリコヤガ,Holocryptis ussuriensis,7-9月,未知。,未知
ベニエグリコヤガ,Holocryptis nymphula,5-7月,未知。,未知
ウスベニエグリコヤガ,Holocryptis erubescens,5・6月,未知。,未知
ナカオビエグリコヤガ,Holocryptis bisectalis,5月,未知。,未知
ウラモンエグリコヤガ,Decticryptis deleta,4・7月,未知。,未知
ツマトビコヤガ,Autoba tristalis,5-9月,未知。,未知
ベニミスジコヤガ,Autoba trilinea,8-9月,年1化。,アキニレ (ニレ科)
ベニチラシコヤガ,Eublemma amasina,4-6月・8-9月,年2化。,ナンアザミ (キク科)
シラホシベニコヤガ,Eublemma cochylioides,3-11月,アキノノゲシ, ノゲシ (以上キク科)
ナカオビシロコヤガ,Eublemma rivula,7月,未知。,未知
セブトコヤガ,Eublemma quadrapex,3-6月,未知。,未知
ソトベニコヤガ,Eublemma anachoresis,9月,未知。,未知
ハイマダラコヤガ,Eublemma miasma,6-8月,未知。,未知
ベニスジコヤガ,Eublemma dimidialis,5-10月,年3化。,アズキ, ササゲ (以上マメ科)
ヨスジコヤガ,Eublemma baccalix,8月,未知。,未知
ツマテンコヤガ,Honeyania ragusana,7-9月,未知。,未知
ヤマトコヤガ,Arasada ornata,6-9月,クスギ (ブナ科)
チャイロコヤガ,Carmara subcervina,3・7-11月,未知。,未知
モモイロツマキリコヤガ,Lophoruza pulcherrima,5-9月,サルトリイバラ, シオデ (以上シオデ科)
ウスキツマキリコヤガ,Lophoruza lunifera,3-10月,ハマサルトリイバラ (ユリ科)
ウスアカクルマコヤガ,Zurobata vacillans,4-5月,未知。,未知
ヒメクルマコヤガ,Oruza divisa,7-10月,イネに寄生するイネコウジ
マダラクルマコヤガ,Oruza stragulata,9月,未知。,未知
ヨシノツマキリコヤガ,Oruza yoshinoensis,4-8月,未知。,未知
モンシロクルマコヤガ,Oruza glaucotorna,5-10月,ヒサカキ (サカキ科)
アトキスジクルマコヤガ,Oruza mira,5-6月・8月,年2化。,ヌルデ (ウルシ科)
アトテンクルマコヤガ,Oruza submira,5-6月・7-9月,年2化。,未知
リュウキュウクルマコヤガ,Oruza obliquaria,5-9月,未知。,未知
ウスキコヤガ,Oruza brunnea,5-8月,未知。,未知
シロオビクルマコヤガ,Trisateles emortualis,5-8月,カシワ (ブナ科)
マエウスガリコヤガ,Hyposada hirashimai,3・6・10月,未知。,未知
ヒメトガリコヤガ,Eugraptoblemma utsugii,8月,未知。,未知
ソトキボシコヤガ,Niaccaba sumptualis,3・10月,未知。,未知
ヒメゴマフコヤガ,Metaemene atrigutta,7月,未知。,未知
シロフタオビコヤガ,Eulocastra excisa,6・7・9月,未知。,未知
シロコヤガ,Eulocastra sibaharai,7月,未知。,未知
マエキトガリアツバ,Anoratha costalis,3-10月,未知。,未知
テングアツバ,Latirostrum bisacutum,4-6月・8-9月,年2化。,ナンアザミ (キク科)
トガリアツバ,Rhynchina cramboides,5-9月,マルバハギ (マメ科)
ナカジロアツバ,Harita belinda,8-9月,コマツナギ (マメ科)
モンクロキシタアツバ,Hypena sagitta,3-10月,フルモウリンカ (キョウチクトウ科)
キシタアツバ,Hypena claripennis,4-9月,ヤブマオ (イラクサ科)
クロキシタアツバ,Hypena amica,5-9月,ヤママオ, カラムシ, アカソ, ラセイタソウ (以上イラクサ科)
タイワンキシタアツバ,Hypena trigonalis,5-9月,ヤママオ, カラムシ, アカソ, ラミー, タイワントリアシ (以上イラクサ科)
ソトムラサキアツバ,Hypena ella,5-8月,未知。,未知
フタオビアツバ,Hypena proboscidalis,7-8月,イラクサ (イラクサ科), カラハナソウ (アサ科)
チャバネフタオビアツバ,Hypena sp.,8月,未知。,未知
ヒトスジアツバ,Hypena tatorhina,6-9月,未知。,未知
ヨシノアツバ,Hypena yoshinalis,8月,イラクサ (イラクサ科)
ナミテンアツバ,Hypena strigata,9・10月,ヌスビトハギ (マメ科)
フタコブスジアツバ,Hypena sinuosa,6-9月,イワガネ, ハドノキ (以上イラクサ科)
オオトビモンアツバ,Hypena occata,6-9月,カラムシ (イラクサ科)
ウスチャモンアツバ,Hypena innocuoides,6-9月,未知。,未知
ヒトスジクロアツバ,Hypena furva,8-10月,未知。,未知
トビモンアツバ,Hypena indicatalis,6-9月,カラムシ (イラクサ科)
コトビモンアツバ,Hypena cognata,3・10・11月,未知。,未知
ランタナアツバ,Hypena laceratalis,不明,シチヘンゲ (クマツヅラ科), ランタナ (クマツヅラ科)
メスカバフアツバ,Hypena sp.,3-11月,未知。,未知
セクロモンアツバ,Hypena gonospilalis,3・10月,未知。,未知
サツマアツバ,Hypena satsumalis,5・8月,未知。,未知
ナカウスオビアツバ,Hypena sp.,4-10月,未知。,未知
アオアツバ,Hypena subcyanea,10月,未知。,未知
スジアツバ,Hypena masurialis,3月,シマツユクサ, マルバツユクサ (以上ツユクサ科)
イチモジアツバ,Hypena yoshimatsui,6-11月,未知。,未知
オスグロホソバアツバ,Hypena lignea,11月,アオミズ, ミヤマミズ, シマミズ (以上イラクサ科)
ホソバアツバ,Hypena whitelyi,8月下旬から,未知。,未知
ミツボシアツバ,Hypena tristalis,7月,年2化。,ヤブマオ (イラクサ科), ハルニレ (ニレ科), ダイズ (マメ科)
ムラサキミツボシアツバ,Hypena narratalis,年2化,未知。,未知
コテングアツバ,Hypena pulverulenta,7月,未知。,未知
ハナトガリアツバ,Hypena nakajimai,7-9月,シマフヨウ (フヨウ科)
サザナミアツバ,Hypena abducalis,8月,ハギ類 (マメ科)
ソトウスナミガタアツバ,Hypena kengkalis,7月,年2化。,ハギ類 (マメ科)
ナミガタアツバ,Hypena similalis,7月,年2化。,ハギ類 (マメ科)
ウスベリアツバ,Hypena conscitalis,未知,ヌスビトハギ (マメ科)
グシチャンアツバ,Hypena gushichan,5-9月,キダチハマグルマ (キク科)
ケタデアツバ,Hypena taminagai,7月,ケタデ (タデ科)
ナカシロテンアツバ,Bomolocha albopunctalis,7-9月,イワガネ (イラクサ科)
ヤマガタアツバ,Bomolocha stygiana,5-9月,ウツギ, マルバウツギ (以上アジサイ科)
アマミヤマガタアツバ,Bomolocha amamiensis,3月,未知。,未知
ハングロアツバ,Bomolocha squalida,5-8月,ミツバツツジ, ヤマツツジ, サツキ (以上ツツジ科), ウメ (バラ科)
ミヤマソトジロアツバ,Bomolocha semialbata,5-9月,未知。,未知
エゾソトジロアツバ,Bomolocha bipartita,6-8月,未知。,未知
シラクモアツバ,Bomolocha zilla,5-6月・7-8月,年2化。,未知
アイモンアツバ,Bomolocha rivuligera,5-9月,アカソ (イラクサ科)
シモフリヤマガタアツバ,Bomolocha benepartita,年2化,未知。,未知
ウスヅマアツバ,Bomolocha perspicua,5-9月,年2化。,ヤブマオ (イラクサ科)
マルモンウスヅマアツバ,Bomolocha bicoloralis,6-9月,年2化。,ハルニレ, ケヤキ (以上ニレ科)
ホシムラサキアツバ,Bomolocha nigrobasalis,5-8月,年2化。,レンゲツツジ, ミヤマキリシマ (以上ツツジ科)
ムラクモアツバ,Bomolocha melanica,6-7月,未知。,未知
マガリウスヅマアツバ,Bomolocha mandarina,7-8月,未知。,未知
ベニスジアツバ,Phytometra amata,6-9月,未知。,未知
リュウキュウダルマアツバ,Daona mansueta,5-6月・8-10月,カワラタケ (サルノコシカケ科) などの菌類
ダルマアツバ,Daona bilinealis,4・7月,未知。,未知
チャイロアツバ,Britha inambitiosa,5-6月・8月,年2化。,オオバアサガラ (エゴノキ科)
キンスジアツバ,Colobochyla salicalis,5-6月・7-8月,年2化。,ヤナギ科
カギアツバ,Laspeyria flexula,6-8月,地衣類
ウスベニコヤガ,Sophta subrosea,5-9月,年2化。,未知
テンモンシマコヤガ,Sophta ruficeps,5-9月,年2化。,未知
マエベニモンツマキリアツバ,Aroana baliensis,3-12月,未知。,未知
カザリツマキリアツバ,Tamba igniflua,5-9月,年2化。,アラカシ (ブナ科)
トウカイツマキリアツバ,Tamba roseopurpurea,6-9月,アラカシ (ブナ科)
チョウセンツマキリアツバ,Tamba corealis,5-6月・8-9月,年2化。,ツバキ (ツバキ科), ヒサカキ, サカキ (以上サカキ科), ミミズバイ (ハイノキ科)
ウスベニツマキリアツバ,Tamba gensanalis,5-8月,未知。,未知
アマミツマキリアツバ,Pangrapta edai,4-5月・7-8月,年2化。,未知
ムラサキツマキリアツバ,Pangrapta curtalis,5-8月,スイカズラ, キンギンボク (スイカズラ科)
キモンツマキリアツバ,Pangrapta flavomacula,3-8月,未知。,未知
ツシマツマキリアツバ,Pangrapta trilineata,7月,未知。,未知
マエホシツマキリアツバ,Tipasa renalis,5-8月,未知。,未知
キンツマキリアツバ,Tipasa eubapta,5月,未知。,未知
ソトハガタアツバ,Olulis puncticinctalis,3-11月,未知。,未知
ツマエビイロアツバ,Olulis shigakii,6-9月,未知。,未知
ツマムラサキアツバ,Olulis japonica,6-9月,未知。,未知
ウスモモイロアツバ,Olulis ayumiae,6-9月,年2化。,未知
ソトウスベニアツバ,Sarcopteron fasciatum,4-5月・7-9月,年2化。,未知
ミスジチャイロアツバ,Dunira diplogramma,3-5月,未知。,未知
チャバネクチバ,Condate orsilla,1月,未知。,未知
ヒメエグリアツバ,Euwilemania angulata,5-8月,未知。,未知
フタスジエグリアツバ,Gonepatica opalina,6-7月,クスギ (ブナ科)
クロシモフリアツバ,Atuntsea kogii,6-7月,未知。,未知
ベニトガリアツバ,Naganoella timandra,5-9月,年2化。,未知
キボシアツバ,Paragabara flavomacula,5-8月,未知。,未知
チャバネキボシアツバ,Paragabara ochreipennis,4-5月・7月,年2化。,未知
ウスグロセニジモンアツバ,Paragona inchoata,4-10月,サクラ類 (バラ科)
セニジモンアツバ,Paragona cleorides,8月,未知。,未知
ヨコハマセニジモンアツバ,Paragona multisignata,6-9月,未知。,未知
マンレイツマキリアツバ,Polysciera manleyi,6-8月,トネリコ, ハシドイ (以上モクセイ科)
ホソツマキリアツバ,Stenograpta stenoptera,年2化,未知。,未知
シロテンツマキリアツバ,Amphitrogia amphidecta,6-9月,ミズキ (ミズキ科), ミツバウツギ, ゴンズイ (以上ミツバウツギ科), キブシ (キブシ科)
オオエグリバ,Calyptra gruesa,6-7月・9-10月,ツヅラフジ (ツヅラフジ科)
キマダラアツバ,Lophomilia polybapta,5-8月,クスギ, クリ (以上ブナ科)
ミカドアツバ,Lophomilia flaviplaga,5月・7-8月,年2化。,ミズナラ (ブナ科)
ニセミカドアツバ,Lophomilia takao,年2化以上,アラカシ, ウラジロガシ (以上ブナ科)
キツマアツバ,Scedopla regalis,5-6月,未知。,未知
ウスマダラアツバ,Scedopla diffusa,6-8月,イボタノキ (モクセイ科)
アマミソトグロアツバ,Scedopla inouei,3-8月,未知。,未知
トビフタスジアツバ,Leiostola mollis,4-5月,エゴノキ, ハクウンボク (以上エゴノキ科)
ウンモンツマキリアツバ,Pangrapta perturbans,4-6月・7-8月,年2化。,未知
シロモンツマキリアツバ,Pangrapta umbrosa,6-8月,ガマズミ (レンプクソウ科)
シロツマキリアツバ,Pangrapta porphyrea,6-8月,未知。,未知
ウゴウンモンツマキリアツバ,Pangrapta suaveola,7月,未知。,未知
ミツボシツマキリアツバ,Pangrapta vasava,6-7月,ハルニレ (ニレ科), オヒョウ (ニレ科)
ヨシノツマキリアツバ,Pangrapta yoshinensis,6-8月,リンゴ, ナシ, サクラ類, ズミ (以上バラ科)
ナカグロツマキリアツバ,Pangrapta disruptalis,6-7月,未知。,未知
ツマジロツマキリアツバ,Pangrapta lunulata,年2化,トネリコ (モクセイ科)
マエモンツマキリアツバ,Pangrapta costinotata,5-8月,サクラ類 (バラ科)
リンゴツマキリアツバ,Pangrapta obscurata,5-8月,リンゴ, ナシ, サクラ類, ズミ (以上バラ科)
アサマツマキリアツバ,Pangrapta minor,6-7月,未知。,未知
キマエアツバ,Adrapsa ablualis,多化性,広葉樹の枯れ葉
ニセフジロアツバ,Adrapsa subnotigera,年2回,広葉樹の枯れ葉
シラナミクロアツバ,Adrapsa simplex,1-2回,広葉樹の枯れ葉
クロジャノメアツバ,Bocana manifestalis,多化性,灌木や草本の多食性, 枯れ葉
マルシラホシアツバ,Edessena gentiusalis,5-7月,未知。,未知
オオシラホシアツバ,Edessena hamada,年1-2回,クスギ (ブナ科)
ハナマガリアツバ,Hadennia incongruens,多化性,未知。,未知
ソトウスアツバ,Hadennia obliqua,多化性,未知。,未知
ヒメハナマガリアツバ,Hadennia nakatanii,年2回,未知。,未知
シロテンハナマガリアツバ,Hadennia mysalis,多化性,未知。,未知
フサキバアツバ,Mosopia sordidum,5-9月,未知。,未知
ハナオイアツバ,Cidariplura gladiata,年1化,未知。,未知
キスジハナオイアツバ,Cidariplura bilineata,鮮度の良い個体,蘚類
カギモンハナオイアツバ,Cidariplura signata,年1化または2化,未知。,未知
シロモンアツバ,Paracolax albinotata,年2-3回,広葉樹類の枯れ葉
ウスキモンアツバ,Paracolax sugii,6-8月,年2回。,未知
ホソキモンアツバ,Paracolax contigua,6-8月,年2回。,未知
クルマアツバ,Paracolax tristalis,7-8月,年1化。,広葉樹類の枯れ葉
ミスジアツバ,Paracolax trilinealis,7-9月,未知。,未知
ニセミスジアツバ,Paracolax bilineata,2-3回,未知。,未知
シロテンムラサキアツバ,Paracolax pryeri,多化性,アスナロ, スギ (以上ヒノキ科)
オビアツバ,Paracolax fascialis,年2回,アスナロ (ヒノキ科)
ハグルマアツバ,Paracolax angulata,6-7月,未知。,未知
クロキバアツバ,Paracolax pacifica,多化性,未知。,未知
ホソナミアツバ,Paracolax fentoni,多化性,未知。,未知
キモンクロアツバ,Idia quadra,年1化,広葉樹類の枯れ葉
シロホシクロアツバ,Idia curvipalpis,年1化,広葉樹類の枯れ葉
ツマジロクロアツバ,Idia fulvipicta,3-6月,未知。,未知
ヒロオビウスグロアツバ,Hydrillodes morosa,多化性,広葉樹類の枯れ葉
マルバネウスグロアツバ,Hydrillodes pacifica,周年,未知。,未知
ハネブタアツバ,Hydrillodes uenoi,3-4月,未知。,未知
ソトウスグロアツバ,Hydrillodes lentalis,周年,広葉樹類の枯れ葉
フタスジアツバ,Bertula bistrigata,1-2化・6-8月,シダ類のコバノイシカグマ (コバノイシカグマ科)
シロスジアツバ,Bertula spacoalis,1-2化・6-9月,広葉樹類の枯れ葉
ウチキアツバ,Bertula sinuosa,6-8月,未知。,未知
アシブトアツバ,Hywoulia jeremyi,3月,未知。,未知
ヒメナミアツバ,Herminia kurokoi,3-10月,未知。,未知
ヨスジカバイロアツバ,Herminia robiginosa,6-8月,未知。,未知
タイワンシラナミアツバ,Herminia decipiens,3月,未知。,未知
ヒメヒゲブトクロアツバ,Nodaria externalis,多化性,未知。,未知
ヒゲブトクロアツバ,Nodaria tristis,年1化,未知。,未知
オガサワラヒゲブトクロアツバ,Nodaria ogasawarensis,多化性,未知。,未知
シロヘリアツバ,Simplicia mistacalis,3-9月,未知。,未知
オオアカマエアツバ,Simplicia niphona,5月頃から,広葉樹類の枯れ葉
シシキバアツバ,Simplicia discosticta,多化性,未知。,未知
リュウキュウアカマエアツバ,Simplicia cornicalis,多化性,未知。,未知
イワアツバ,Megaloctena buxivora,年1化,ツゲ (ツゲ科)
ツマオビアツバ,Mesoplectra griselda,年1化,スギ, コメツガ, アカマツ (以上マツ科)
ウスイロアツバ,Mesoplectra lilacina,年1化・6-8月,幼虫はモミの生葉を食べる
コブヒゲアツバ,Zanclognatha lunalis,年1化・7-8月,広葉樹類の枯れ葉
ホンドコブヒゲアツバ,Zanclognatha curvilinea,5-9月,未知。,未知
ヤクシマコブヒゲアツバ,Zanclognatha yakushimalis,5-10月,広葉樹類の枯れ葉
ヤエヤマコブヒゲアツバ,Zanclognatha yaeyamalis,3-10月,広葉樹類の枯れ葉
ウスグロアツバ,Traudinges fumosa,年2回,未知。,未知
ハスオビアツバ,Traudinges obliqua,6-9月,スゲ類 (カヤツリグサ科)
ヒメコブヒゲアツバ,Treitschkendia tarsipennalis,年2化以上,広葉樹類の枯れ葉
ヒメツマオビアツバ,Treitschkendia subgriselda,年1化・7-8月,広葉樹類の枯れ葉
キイロアツバ,Treitschkendia helva,年2化・7-8月,カシワ (ブナ科)
アミメアツバ,Adrapsa reticulatis,年1化・6-8月,ギシギシ (タデ科)
エゾクグロアツバ,Lygephila pastinum,6-9月,クサフジ, Astragalus属 (以上マメ科)
コウスグロアツバ,Hypertrocon southi,5-9月,未知。,未知
カサイヌマアツバ,Hypertrocon perfractalis,6-8月,未知。,未知
ウラジロアツバ,Hypertrocon violacealis,5-9月,未知。,未知
カシワアツバ,Pechipogo strigilata,6-7月,広葉樹類の枯れ葉
ツマテンコブヒゲアツバ,Protozanclognatha triplex,年1化・7-8月,広葉樹類の枯れ葉
クロスジアツバ,Herminia grisealis,年1-4化,広葉樹類の枯れ葉
トビスジアツバ,Herminia tarsicrinalis,4-10月,広葉樹類の枯れ葉
キタミスジアツバ,Herminia stramentacealis,7月,枯れ葉
ウスキミスジアツバ,Herminia arenosa,4-9月,広葉樹類の枯れ葉
フシキアツバ,Herminia dolosa,5-9月,未知。,未知
シラナミアツバ,Herminia innocens,4-10月,広葉樹類の枯れ葉
フサハラアツバ,Herminia ryukyuensis,3-10月,未知。,未知
ムモンキイロアツバ,Stenhypena nigripuncta,年2化,菌類のカワラタケ類 (サルノコシカケ科)
ハネナガキイロアツバ,Stenhypena longipennis,年2化,未知。,未知
オオシラナミアツバ,Hipoepa fractalis,多化性,広葉樹類の枯れ葉
ミツオビキンアツバ,Sinarella aegrota,年1回・7-8月,蘚類
ネグロアツバ,Sinarella punctalis,5-8月,蘚類
ウスナミアツバ,Sinarella itoi,6-7月,未知。,未知
クロミツボシアツバ,Sinarella japonica,7-9月,蘚類
ヒメクロアツバ,Sinarella rotundipennis,6-9月,未知。,未知
シーモンアツバ,Sinarella c-album,5-8月,未知。,未知
クロテンナミアツバ,Sinarella nigrisigna,6-7月,未知。,未知
オスグロナミアツバ,Progonia kurosawai,多化性,広葉樹類の枯れ葉
ドウブトクチバ,Platyja umminia,8月,未知。,未知
オスグロトモエ,Spirama retorta,4-7月・7-9月,ネムノキ, アカシア (以上マメ科)
ハグルマトモエ,Spirama helicina,4-6月・7-9月,ネムノキ, アカシア (以上マメ科)
ヨコツナトモエ,Erebus macrops,6-8月,アカシア (マメ科)
オオトモエ,Erebus ephesperis,4-9月,サルトリイバラ, シオデ (以上ユリ科)
シロスジトモエ,Metopta rectifasciata,4-8月,サルトリイバラ, シオデ (以上ユリ科)
カキバトモエ,Hypopyra vespertilio,5月・7-9月,ネムノキ, アカシア (以上マメ科)
オオルリオビクチバ,Ischyja manlia,7-9月,ヤブニッケイ (クスノキ科), ムベ (アケビ科), ビワ, バラ (以上バラ科), カキノキ (カキノキ科), イジュ (ツバキ科), ウスギコンロンカ (アカネ科), モクタチバナ (ヤブコウジ科), レイシ (ムクロジ科), レンブ (ウコギ科)
サビモンルリオビクチバ,Ischyja ferrifracta,5-12月,シェフレラ (ウコギ科)
アカテンクチバ,Erygia apicalis,4-9月,フジ, クズ, イルカンダ (以上マメ科)
オオムラサキクチバ,Anisoneura aluco,2-8月,未知。,未知
ヤエナミクチバ,Anisoneura salebrosa,6月,未知。,未知
スソミダレアツバ,Pilipectus prunifera,6-9月,タブノキ (クスノキ科)
クロモンハイイロクチバ,Bamra albicola,未詳,未知。,未知
ウスエグリバ,Calyptra thalictri,6-7月・8-9月,カラマツソウ, アキカラマツ (以上キンポウゲ科)
キタエグリバ,Calyptra hokkaida,6-10月,ムラサキケマン, キケマン (以上ケシ科), カラマツソウ, アキカラマツ (以上キンポウゲ科)
キンイロエグリバ,Calyptra lata,6-9月,アオツヅラフジ, コウモリカズラ (以上ツヅラフジ科)
ハイイロオオエグリバ,Calyptra albivirgata,6-7月,ツヅラフジ (ツヅラフジ科)
ミナミエグリバ,Calyptra minuticornis,4月・7-11月,コバノハスノハカズラ (ツヅラフジ科)
マエスジエグリバ,Calyptra orthograpta,7月,ツヅラフジ (ツヅラフジ科)
ヒメエグリバ,Oraesia emarginata,3-4化・5-11月,アオツヅラフジ (ツヅラフジ科)
アカエグリバ,Oraesia excavata,2-3化・3-12月,アオツヅラフジ (ツヅラフジ科)
ギンスジエグリバ,Oraesia argyrosticta,10月,未知。,未知
キンモンエグリバ,Plusiodonta coelonota,3-12月,ハスノハカズラ, コバノハスノハカズラ, アオツヅラフジ (以上ツヅラフジ科)
サビモンエグリバ,Plusiodonta tominagaorum,7月,コウシュウウヤク (ツヅラフジ科)
マダラエグリバ,Plusiodonta casta,5月・10月・12月,アオツヅラフジ, コウモリカズラ (以上ツヅラフジ科)
ヒメアケビコノハ,Eudocima phalonia,6-8月・9-10月,アオツヅラフジ, コウシュウウヤク, コバノハスノハカズラ, オオツヅラフジ (以上ツヅラフジ科)
ミドリモンコノハ,Eudocima homaena,3-6月,Menispermum属, Cocculus属 (以上ツヅラフジ科)
アケビコノハ,Eudocima tyrannus,5月から晩秋,アケビ, ミツバアケビ, ムベ (以上アケビ科), メギ, ヘビノボラズ, ヒイラギナンテン (以上メギ科)
キマエコノハ,Eudocima salaminia,6-11月,コバノハスノハカズラ (ツヅラフジ科), コウモリカズラ (ツヅラフジ科)
タイワンキシタクチバ,Hypocala subsatura,5-10月,カキノキ (カキノキ科)
インドキシタクチバ,Hypocala rostrata,1-11月,カキノキ, リュウキュウガキ, リュウキュウコクタン, ケガキ (以上カキノキ科)
ムーアキシタクチバ,Hypocala deflorata,5-10月,カキノキ, マメガキ, ブラックサポテ (以上カキノキ科)
ヘリボシキシタクチバ,Hypocala violacea,3-9月,未知。,未知
ベニモンコノハ,Phyllodes consobrinus,5-8月,未知。,未知
ハナジロクチバ,Hypospila bolinoides,5-11月,ムクロジ科
ニジオビベニアツバ,Homodes vivida,5月・8-10月,イヌビワ (クワ科), リンゴ, ナシ (バラ科)
ワタアカキリバ,Cosmophila flava,5-11月,ワタ (アオイ科), ムクゲ, オクラ, ハイビスカス, フヨウ, ローゼル (以上アオイ科)
アカキリバ,Gonitis mesogona,6-10月,ハチジョウクサイチゴ, クサイチゴ, カジイチゴ, ナワシロイチゴ, チチジマイチゴ (以上バラ科), ムクゲ (アオイ科), クスギ (ブナ科)
ヒメアカキリバ,Gonitis involuta,3-10月,クサイチゴ (バラ科), オオハマボウ (アオイ科)
ウスイロアカキリバ,Anomis figlina,5-8月,キンゴジカ (アオイ科)
オオアカキリバ,Rusicada privata,5月・7-9月,ハイビスカス属, ムクゲ, フヨウ (以上アオイ科)
オキナワオオアカキリバ,Rusicada albitibia,3-12月,ムクゲ, フヨウ, オオハマボウ, キヌアサ (以上アオイ科)
ムラサキオオアカキリバ,Rusicada leucolopha,7-9月,シナノキ, オオバボダイジュ, ヘラノキ (以上シナノキ科), ムクゲ, フヨウ (アオイ科)
カバイロオオアカキリバ,Rusicada fulvida,3-10月,オオハマボウ, フヨウ (以上アオイ科), チリハマボウ, テリハハマボウ (オトギリソウ科)
ハガタキリバ,Scoliopteryx libatrix,5-6月・8月,バッコヤナギ, カワヤナギ, セイヨウハコヤナギ (以上ヤナギ科)
プライヤキリバ,Goniocraspidum pryeri,6月,未知。,未知
ヒメウスヅマクチバ,Dinumma placens,5月・10月・12月,アカハダノキ (マメ科)
ウスヅマクチバ,Dinumma deponens,7-8月,ネムノキ (マメ科)
ムラサキシタバ,Catocala fraxini,8月上旬から10月下旬,年1化。卵越冬。,ヤマナラシ, ポプラ類 (以上ヤナギ科)
オオシロシタバ,Catocala lara,7月下旬から10月上旬,年1化。卵越冬。,シナノキ (アオイ科)
エゾベニシタバ,Catocala nupta,7月上旬から10月中旬,年1化。卵越冬。,ドロヤナギ, ポプラ類, ヤナギ類 (以上ヤナギ科)
ベニシタバ,Catocala electa,7月上旬から10月下旬,年1化。卵越冬。,イスコリヤナギ, ヤナギ類 (以上ヤナギ科)
オニベニシタバ,Catocala dula,6月中旬から10月下旬,年1化。卵越冬。,コナラ, クスギ, ミズナラ, カシワ, アラカシ (以上ブナ科)
シロシタバ,Catocala nivea,7月中旬から10月下旬,年1化。卵越冬。,ウワミズザクラ (バラ科)
ミヤマキシタバ,Catocala ella,7月中旬から9月下旬,年1化。卵越冬。,ハンノキ (カバノキ科)
カバフキシタバ,Catocala mirifica,6月下旬から8月下旬,年1化。卵越冬。,カマツカ (バラ科)
アズミキシタバ,Catocala koreana,7月頃,年1化。卵越冬。,イワシモツケ (バラ科)
フシキキシタバ,Catocala separans,6月上旬から8月下旬,年1化。卵越冬。,クスギ (ブナ科)
ケンモンキシタバ,Catocala deuteronympha,7月中旬から9月中旬,年1化。卵越冬。,ハルニレ (ニレ科)
キララキシタバ,Catocala fulminea,7月下旬から8月下旬,年1化。卵越冬。,リンゴ類, バラ科
ワモンキシタバ,Catocala xarippe,6月上旬から9月中旬,年1化。卵越冬。,スモモ, ズミ (以上バラ科)
ハイモンキシタバ,Catocala mabella,6月中旬から8月下旬,年1化。卵越冬。,ズミ (バラ科)
ノコメキシタバ,Catocala bella,7月中旬から9月中旬,年1化。卵越冬。,ズミ (バラ科)
ナマリキシタバ,Catocala columbina,7月中旬から9月中旬,年1化。卵越冬。,イワシモツケ, イワガサ, イブキシモツケ, アイズシモツケ (以上バラ科)
マメキシタバ,Catocala duplicata,6月中旬から10月下旬,年1化。卵越冬。,クスギ, アベマキ, ナラガシワ, コナラ, ミズナラ, カシワ, アラカシ (以上ブナ科)
エゾシロシタバ,Catocala dissimilis,7月中旬から10月中旬,年1化。卵越冬。,ミズナラ, カシワ (以上ブナ科)
アサマキシタバ,Catocala streckeri,5月中旬から8月中旬,年1化。卵越冬。,クスギ, アベマキ, コナラ, ミズナラ, カシワ, アラカシ (以上ブナ科)
ヒメシロシタバ,Catocala nagioides,6月中旬から10月中旬,年1化。卵越冬。,クスギ, アベマキ, ナラガシワ, コナラ, ミズナラ, カシワ, アラカシ (以上ブナ科)
コシロシタバ,Catocala actaea,6月上旬から10月下旬,年1化。卵越冬。,クスギ (ブナ科)
ゴマシオキシタバ,Catocala nubila,7月上旬から11月上旬,年1化。卵越冬。,ブナ, イヌブナ (以上ブナ科)
アミメキシタバ,Catocala hyperconnexa,7月上旬から10月上旬,年1化。卵越冬。,アラカシ, クスギ, アベマキ (以上ブナ科)
ヨシノキシタバ,Catocala connexa,7月上旬から10月中旬,年1化。卵越冬。,ブナ (ブナ科)
キシタバ,Catocala patala,6月中旬から10月下旬,年1化。卵越冬。,フジ (マメ科)
ヤクシマヒメキシタバ,Catocala tokui,6月中旬から7月下旬,年1化。,ウバメガシ, クスギ (以上ブナ科)
ウスイロキシタバ,Catocala intacta,6月上旬から7月下旬,年1化。卵越冬。,アラカシ (ブナ科)
コガタキシタバ,Catocala praegnax,6月中旬から9月上旬,年1化。卵越冬。,ハギ類 (マメ科)
クロシオキシタバ,Catocala kuangtungensis,7月上旬から9月下旬,年1化。,ウバメガシ (ブナ科)
ジョナスキシタバ,Catocala jonasii,6月中旬から11月上旬,年1化。卵越冬。,ケヤキ (ニレ科)
アマミキシタバ,Catocala macula,周年,未知。,未知
モクメクチバ,Perinaenia accipiter,6月頃,年1化。成虫越冬。,エノキ (ニレ科)
ハイマダラクチバ,Autophila inconspicua,7月頃,年1化。成虫越冬。,マメ科
クビグロクチバ,Lygephila maxima,7-10月,年1化。終齢幼虫越冬。,カモガヤ, ハマニンニク (以上イネ科), ヤカヤツリグサ (カヤツリグサ科)
アサマクビグロクチバ,Lygephila vulcanea,6-10月,年1化。越冬態未知。,マルバハギ, キハギ, ヤマハギ, フジ (以上マメ科), クスギ, カシワ (以上ブナ科)
ハイイロクビグロクチバ,Lygephila craccae,8月,年1化。卵越冬。,ツルフジバカマ (マメ科), Vicia, Astragalus (以上マメ科)
ウスクビグロクチバ,Lygephila viciae,6-8月,年1化。蛹越冬。,Vicia属 イワオウギ (マメ科)
エゾクビグロクチバ,Lygephila pastinum,6-9月,年1化。終齢幼虫越冬。,クサフジ (マメ科), Vicia属, Astragalus属 (以上マメ科)
スミレクビグロクチバ,Lygephila nigricostata,4-5月・7-9月,年2化。蛹越冬。,クサフジ (マメ科)
ヒメクビグロクチバ,Lygephila recta,7月から10月,年2化。成虫越冬。,ヤブマメ (マメ科), 同科ハギ類 (Lespedeza)
キタヒメクビグロクチバ,Lygephila subrecta,9月,未知。,未知
ナニワクビグロクチバ,Lygephila lilacina,5-8月,成虫越冬。,未知
クロエリクチバ,Pantydia metaspila,3-5月・12月,ハマササゲ (マメ科)
カクモンキシタバ,Chrysorithrum amatum,5-8月,年2化。蛹越冬。,ヤマハギ (マメ科)
ウンモンキシタバ,Chrysorithrum flavomaculatum,6-8月,クサフジ (マメ科)
クロクモアツバ,Acantholipes trapezoideus,10月,マメ科
ソトジロツマキリクチバ,Arytrura musculus,5-9月,ヤナギ類 (ヤナギ科)
ツメクサキシタバ,Euclidia dentata,5-6月・7-8月,年2化。,シロツメクサ, クサフジ (以上マメ科)
ユミモンクチバ,Melapia electaria,4-5月・7-9月,年2化。,オヒシバ (イネ科)
クロスジュミモンクチバ,Melapia japonica,5-10月,未知。,未知
フタクロオビクチバ,Melapia bifasciata,4-11月,未知。,未知
ヤエヤマサンカククチバ,Melapia kishidai,3-12月,未知。,未知
モンムラサキクチバ,Ercheia umbrosa,5-6月・8-10月,フジ, ネムノキ (以上マメ科)
モンシロムラサキクチバ,Ercheia niveostrigata,4-9月,年2化。,ボタンヅル (キンポウゲ科)
シラホシモクメクチバ,Ercheia dubia,3-12月,ハカマカズラ (マメ科)
クロモンシタバ,Ophiusa tirhaca,3・8-11月,未知。,未知
コクロモンシタバ,Ophiusa microtirhaca,3・7・8・10月,未知。,未知
ヒロオビクロモンシタバ,Ophiusa disjungens,ほぼ年中,バンジロウ, レモンユーカリ (以上フトモモ科)
ヘリグロクチバ,Ophiusa triphaenoides,3-12月,サラソウジュ (フタバガキ科), モタマナ (シクンシ科), フトモモ科
コヘリグロクチバ,Ophiusa olista,5-6月・7-9月,年2化。,常緑カシの1種
キバネヘリグロクチバ,Ophiusa trapezium,3-5月・12月,未知。,未知
キモンクチバ,Ophiusa gravata,3-5月・12月,成虫は果実を吸汁する害虫。,ホソバノウナギツカミ (タデ科)
オオシラホシアシブトクチバ,Achaea serva,3-12月,小笠原諸島では普通。成虫は果実を吸汁する害虫。,ハマビワ (クスノキ科), アカテツ, オオバアカテツ (以上アカテツ科)。国外ではトウゴマ (トウダイグサ科), カキノキ (カキノキ科), サツマイモ (ヒルガオ科) など
タイリクアシブトクチバ,Parallelia mandschurica,6-9月,未知。,ヒトツバハギ (トウダイグサ科)
ホソオビアシブトクチバ,Parallelia arctotaenia,5-10月,庭園に植えられるセイヨウバラを足掛かりにして、日本本土を北上した可能性がある。蛹越冬。,コナラ, クヌギ, アラカシ, ウバメガシ (以上ブナ科), 桃のカンバ (カバノキ科), バラ, ヤセノイバラ (以上バラ科), サルスベリ (ミソハギ科) など
アシブトクチバ,Parallelia stuposa,5-6月・8-10月,幼虫は都市部ではザクロにしぱしば発生する。蛹越冬。,ザクロ (ザクロ科), サルスベリ (ミソハギ科), ヒトツバハギ, アカメガシワ (以上トウダイグサ科), キイチゴ (バラ科), ネムノキ (マメ科)
ヒメアシブトクチバ,Parallelia dulcis,5-7月・8-9月,産地は局地的で少ない。,未知
オキナワアシブトクチバ,Bastilla arcuata,3-12月,未知。,カキバカンコノキ, キールンカンコノキ (以上トウダイグサ科)
ナタモンアシブトクチバ,Bastilla joviana,3-11月,成虫は果実を吸汁する害虫。,コミカンソウ属 (トウダイグサ科)。フィジーではユーカリ属 (フトモモ科)
ムラサキアシブトクチバ,Bastilla maturata,6-11月,秋に得られることが多い。,未知
キオビアシブトクチバ,Bastilla fulvotaenia,3-12月,未知。,カキバカンコノキ, キールンカンコノキ (以上トウダイグサ科)
