type,record_id,plant_name,from,to
family_align_ylist,host-B1B7-20251121002628-0079,ガマズミ,レンプクソウ科,ガマズミ科
family_align_ylist,host-B1B7-20251121002628-0082,イヌシデ,ブナ科,カバノキ科
family_align_ylist,host-B1B7-20251121002628-0092,ガマズミ,レンプクソウ科,ガマズミ科
family_align_ylist,host-B1B7-20251121002628-0151,ミツバアケビ,ムクロジ科,アケビ科
family_align_ylist,host-B1B7-20251121002628-0168,ヤブデマリ,レンプクソウ科,ガマズミ科
family_align_ylist,host-B1B7-20251121002628-0193,バイケイソウ,ユリ科,シュロソウ科
family_align_ylist,host-B1B7-20251121002628-0320,フウ,マンサク科,フウ科
family_align_ylist,host-B1B7-20251121002628-0342,サンゴジュ,レンプクソウ科,ガマズミ科
family_align_ylist,host-B1B7-20251121002628-0345,クズ,ブナ科,マメ科
family_align_ylist,host-B1B7-20251121002628-0412,フジ,フジ科,マメ科
family_align_ylist,host-B1B7-20251121002628-0490,ナハカノコソウ,オミナエシ科,オシロイバナ科
name_paren_canonicalize,host-B1B7-20251121002628-0510,ハスモンヨトウとともにタイモ (ミズイモ),ハスモンヨトウとともにタイモ (ミズイモ),ハスモンヨトウとともにタイモ
family_align_ylist,hostplant-000804,ガマズミ,レンプクソウ科,ガマズミ科
family_align_ylist,hostplant-001751,ヒサカキ,サカキ科,モッコク科
family_verified_override,hostplant-001777,サクラ,ヤナギ科,バラ科
family_verified_override,hostplant-002067,アカシア,カバノキ科,マメ科
family_verified_override,hostplant-002862,サクラ,モチノキ科,バラ科
name_paren_canonicalize,hostplant-003104,オクラ (Abelmoschus esculentus),オクラ (Abelmoschus esculentus),オクラ
name_paren_canonicalize,hostplant-003106,フヨウ (Hibiscus mutabilis),フヨウ (Hibiscus mutabilis),フヨウ
name_paren_canonicalize,hostplant-003107,ローゼル (Hibiscus sabdariffa),ローゼル (Hibiscus sabdariffa),ローゼル
name_paren_canonicalize,hostplant-003119,ハイビスカス (フヨウ属 Hibiscus),ハイビスカス (フヨウ属 Hibiscus),ハイビスカス
family_align_ylist,hostplant-003497,キャベツ,アズキなどマメ科,アブラナ科
family_align_ylist,hostplant-003522,オランダイチゴ,シソ科,バラ科
name_paren_canonicalize,hostplant-004402,ホースシューヴェッチ (Hippocrepis comosa L),ホースシューヴェッチ (Hippocrepis comosa L),ホースシューヴェッチ
name_paren_canonicalize,hostplant-004457,ハリエンジュ（ニセアカシア）,ハリエンジュ（ニセアカシア）,ハリエンジュ
name_paren_canonicalize,hostplant-004681,カヤ（ススキ）,カヤ（ススキ）,カヤ
name_descriptive_strip,hostplant-900326,スギナと思われる,スギナと思われる,スギナ
name_descriptive_strip,hostplant-900848,シイ類と思われるが,シイ類と思われるが,シイ類
family_align_ylist,hostplant-901074,クズ,ブナ科,マメ科
family_align_ylist,hostplant-901097,ニワトコ,レンプクソウ科,ガマズミ科
family_align_ylist,hostplant-901168,タケニグサ,キク科,ケシ科
family_align_ylist,hostplant-901169,ネギ,ネギ科,ヒガンバナ科
family_align_ylist,hostplant-901180,チシマザクラ,ツツジ科,バラ科
family_align_ylist,hostplant-901188,キンポウゲ,スイカズラ科,キンポウゲ科
family_align_ylist,hostplant-901200,ホウビカンジュ,ツルシダ科,タマシダ科
family_align_ylist,hostplant-901222,サンゴジュ,レンプクソウ科,ガマズミ科
family_align_ylist,hostplant-901223,ガマズミ,レンプクソウ科,ガマズミ科
name_paren_canonicalize,hostplant-901235,カワラタケ (サルノコシカケ科) などの菌,カワラタケ (サルノコシカケ科) などの菌,カワラタケ  などの菌
family_align_ylist,hostplant-901258,シオデ,シオデ科,サルトリイバラ科
family_align_ylist,hostplant-901259,ハマサルトリイバラ,ユリ科,サルトリイバラ科
family_align_ylist,hostplant-901261,ヒサカキ,サカキ科,モッコク科
name_paren_canonicalize,hostplant-901288,カワラタケ (サルノコシカケ科) などの菌,カワラタケ (サルノコシカケ科) などの菌,カワラタケ  などの菌
family_align_ylist,hostplant-901295,ヒサカキ,サカキ科,モッコク科
family_align_ylist,hostplant-901296,サカキ,サカキ科,モッコク科
family_align_ylist,hostplant-901310,ガマズミ,レンプクソウ科,ガマズミ科
family_align_ylist,hostplant-901385,オオバボダイジュ,シナノキ科,アオイ科
family_align_ylist,hostplant-901386,ヘラノキ,シナノキ科,アオイ科
family_align_ylist,hostplant-901441,ヒトツバハギ,トウダイグサ科,コミカンソウ科
family_align_ylist,hostplant-901450,ザクロ,ザクロ科,ミソハギ科
family_align_ylist,hostplant-901452,ヒトツバハギ,トウダイグサ科,コミカンソウ科
family_align_ylist,hostplant-901456,カキバカンコノキ,トウダイグサ科,コミカンソウ科
family_align_ylist,hostplant-901457,キールンカンコノキ,トウダイグサ科,コミカンソウ科
family_align_ylist,hostplant-901458,コミカンソウ,トウダイグサ科,コミカンソウ科
family_align_ylist,hostplant-901459,カキバカンコノキ,トウダイグサ科,コミカンソウ科
family_align_ylist,hostplant-901460,キールンカンコノキ,トウダイグサ科,コミカンソウ科
name_descriptive_strip,hostplant-901875,栽培リンゴ,栽培リンゴ,リンゴ
name_descriptive_strip,hostplant-901902,栽培リンゴ,栽培リンゴ,リンゴ
name_descriptive_strip,hostplant-901917,栽培リンゴ,栽培リンゴ,リンゴ
name_paren_canonicalize,hostplant-901954,ミヤマアキノキリンソウ（欧州）,ミヤマアキノキリンソウ（欧州）,ミヤマアキノキリンソウ
name_descriptive_strip,hostplant-901983,栽培バラ,栽培バラ,バラ
name_paren_canonicalize,hostplant-902004,オキナワウラジロガシ（推測）,オキナワウラジロガシ（推測）,オキナワウラジロガシ
name_descriptive_strip,hostplant-902005,栽培クリ,栽培クリ,クリ
name_descriptive_strip,hostplant-902010,栽培クリ,栽培クリ,クリ
name_descriptive_strip,hostplant-902019,栽培ブドウ,栽培ブドウ,ブドウ
name_descriptive_strip,hostplant-902029,栽培キウイフルーツ,栽培キウイフルーツ,キウイフルーツ
name_descriptive_strip,hostplant-902033,栽培ブドウ,栽培ブドウ,ブドウ
name_descriptive_strip,hostplant-902059,栽培サクラ,栽培サクラ,サクラ
family_align_ylist,hostplant-902173,イヌガヤ,イヌガヤ科,イチイ科
name_paren_canonicalize,hostplant-902292,イナカギク(ヤマシロギク),イナカギク(ヤマシロギク),イナカギク
family_align_ylist,hostplant-902425,ネギ,ネギ科,ヒガンバナ科
family_align_ylist,hostplant-905943,チドリノキ,カエデ科,ムクロジ科
family_align_ylist,hostplant-905986,アカギ,トウダイグサ科,コミカンソウ科
family_align_ylist,hostplant-906735,カニクサ,フサシダ科,カニクサ科
family_align_ylist,hostplant-907307,ガンコウラン,ガンコウラン科,ツツジ科
family_align_ylist,hostplant-907312,アマドコロ,ユリ科,クサスギカズラ科
family_align_ylist,hostplant-907342,バイケイソウ,ユリ科,シュロソウ科
name_paren_canonicalize,hostplant-907652,ミヤマグミ3（以上グミ科）,ミヤマグミ3（以上グミ科）,ミヤマグミ3
name_paren_canonicalize,hostplant-907662,スゲ属 (Carex sp.),スゲ属 (Carex sp.),スゲ属
name_paren_canonicalize,hostplant-907672,サンザシ類およびリンゴ（バラ科）,サンザシ類およびリンゴ（バラ科）,サンザシ類およびリンゴ
name_paren_canonicalize,hostplant-907680,クリノキ科（推定）,クリノキ科（推定）,クリノキ科
family_align_ylist,hostplant-907687,サカキ,サカキ科（ペンタフィラクス科）,モッコク科
name_paren_canonicalize,hostplant-907696,バコットギ（エゾブスマ）,バコットギ（エゾブスマ）,バコットギ
name_paren_canonicalize,hostplant-907718,スモモ（以上バラ科）,スモモ（以上バラ科）,スモモ
name_paren_canonicalize,hostplant-907722,ヒメグルミ（以上クルミ科）,ヒメグルミ（以上クルミ科）,ヒメグルミ
name_paren_canonicalize,hostplant-907726,ダイカンバ（以上カバノキ科）,ダイカンバ（以上カバノキ科）,ダイカンバ
family_align_ylist,hostplant-907746,ヤマモミジ,カエデ科,ムクロジ科
family_align_ylist,hostplant-907762,サカキ,ツバキ科,モッコク科
family_align_ylist,hostplant-907767,アカギ,トウダイグサ科,コミカンソウ科
family_align_ylist,hostplant-907786,エノキ,ニレ科,アサ科
family_align_ylist,hostplant-907795,サカキ,ツバキ科,モッコク科
family_align_ylist,hostplant-907809,ヒサカキ,ツバキ科,モッコク科
family_align_ylist,hostplant-907852,シロザ,アカザ科,ヒユ科
family_align_ylist,hostplant-907856,アカザ,アカザ科,ヒユ科
family_align_ylist,hostplant-907879,マルバマンサク,バラ科,マンサク科
family_align_ylist,hostplant-907893,イタヤカエデ,スイカズラ科,ムクロジ科
family_align_ylist,hostplant-907956,カサスゲ,イネ科,カヤツリグサ科
family_align_ylist,hostplant-907972,ヒサカキ,ツバキ科,モッコク科
family_align_ylist,hostplant-908002,チシャノキ,エゴノキ科,ムラサキ科
family_align_ylist,hostplant-908015,アケビ,セリ科,アケビ科
name_paren_canonicalize,hostplant-908203,ホウ（マンサク科）,ホウ（マンサク科）,ホウ
family_align_ylist,hostplant-908212,サワグルミ,イネ科,クルミ科
family_align_ylist,hostplant-908230,サカキ,サカキ科,モッコク科
family_align_ylist,hostplant-908231,ヒサカキ,サカキ科,モッコク科
family_align_ylist,hostplant-908232,ヒサカキ,サカキ科,モッコク科
family_align_ylist,hostplant-908233,ハマヒサカキ,サカキ科,モッコク科
family_align_ylist,hostplant-908234,サカキ,サカキ科,モッコク科
family_align_ylist,hostplant-908235,ヒサカキ,サカキ科,モッコク科
family_align_ylist,hostplant-908287,オトコエシ,オミナエシ科,スイカズラ科
family_align_ylist,hostplant-908348,ガマズミ,レンプクソウ科,ガマズミ科
name_descriptive_strip,hostplant-908387,栽培キク,栽培キク,キク
family_align_ylist,hostplant-B1B6-0001,ホウビカンジュ,ツルシダ科,タマシダ科
family_align_ylist,hostplant-B1B6-0071,ガマズミ,レンプクソウ科,ガマズミ科
family_align_ylist,hostplant-B1B6-0124,ハンノキ,モクセイ科,カバノキ科
family_align_ylist,hostplant-B1B6-0170,シナノキ,オオギリ科,アオイ科
family_align_ylist,hostplant-B1B6-0255,セイヨウヒキヨモギ,ヤセウツボ科,ハマウツボ科
family_align_ylist,hostplant-B1B6-0345,ボロボロノキ,ムラサキ科,ボロボロノキ科
family_align_ylist,hostplant-B1B6-0455,ヒサカキ,サカキ科,モッコク科
family_align_ylist,hostplant-B1B6-0466,ヒサカキ,サカキ科,モッコク科
family_align_ylist,hostplant-B1B6-0491,サカキ,サカキ科,モッコク科
family_align_ylist,hostplant-B1B6-0793,イヌガヤ,イヌガヤ科,イチイ科
family_align_ylist,hostplant-B1B6-0802,イヌガヤ,イヌガヤ科,イチイ科
family_align_ylist,hostplant-B1B6-0867,テリハボク,オトギリソウ科,テリハボク科
family_align_ylist,hostplant-B1B6-1003,レンプクソウ,レンプクソウ科,ガマズミ科
family_align_ylist,hostplant-908520,シナノキ,シナノキ科,アオイ科
family_align_ylist,hostplant-908522,シナノキ,シナノキ科,アオイ科
family_align_ylist,hostplant-908525,シナノキ,シナノキ科,アオイ科
family_align_ylist,hostplant-908529,クサギ,クマツヅラ科,シソ科
family_align_ylist,hostplant-908533,シナノキ,シナノキ科,アオイ科
family_align_ylist,hostplant-908535,シナノキ,シナノキ科,アオイ科
family_align_ylist,hostplant-908537,シナノキ,シナノキ科,アオイ科
family_align_ylist,hostplant-908539,シナノキ,シナノキ科,アオイ科
family_align_ylist,hostplant-908546,シナノキ,シナノキ科,アオイ科
family_align_ylist,hostplant-908550,シナノキ,シナノキ科,アオイ科
family_align_ylist,hostplant-908560,シナノキ,シナノキ科,アオイ科
family_align_ylist,hostplant-908566,キリ,ノウゼンカズラ科,キリ科
family_align_ylist,hostplant-908567,ニワトコ,スイカズラ科,ガマズミ科
family_align_ylist,hostplant-908568,シナノキ,シナノキ科,アオイ科
family_align_ylist,hostplant-908575,シナノキ,シナノキ科,アオイ科
family_align_ylist,hostplant-908581,シナノキ,シナノキ科,アオイ科
family_align_ylist,hostplant-908583,シナノキ,シナノキ科,アオイ科
family_align_ylist,hostplant-908584,オオバボダイジュ,シナノキ科,アオイ科
family_align_ylist,hostplant-908593,シナノキ,シナノキ科,アオイ科
family_align_ylist,hostplant-908594,シナノキ,シナノキ科,アオイ科
family_align_ylist,hostplant-908599,シナノキ,シナノキ科,アオイ科
family_align_ylist,hostplant-908604,シナノキ,シナノキ科,アオイ科
family_align_ylist,hostplant-908605,オオバボダイジュ,シナノキ科,アオイ科
family_align_ylist,hostplant-908607,シナノキ,シナノキ科,アオイ科
family_align_ylist,hostplant-908612,シナノキ,シナノキ科,アオイ科
family_align_ylist,hostplant-908613,オオバボダイジュ,シナノキ科,アオイ科
family_align_ylist,hostplant-908614,シナノキ,シナノキ科,アオイ科
family_align_ylist,hostplant-908615,イイギリ,イイギリ科,ヤナギ科
family_align_ylist,hostplant-908622,シナノキ,シナノキ科,アオイ科
family_align_ylist,hostplant-908624,ウリノキ,ウリノキ科,ミズキ科
family_align_ylist,hostplant-908632,キリ,ノウゼンカズラ科,キリ科
family_align_ylist,hostplant-908634,シナノキ,シナノキ科,アオイ科
family_align_ylist,hostplant-908640,シナノキ,シナノキ科,アオイ科
family_align_ylist,hostplant-908641,シナノキ,シナノキ科,アオイ科
family_align_ylist,hostplant-908642,シナノキ,シナノキ科,アオイ科
family_align_ylist,hostplant-908643,シナノキ,シナノキ科,アオイ科
family_align_ylist,hostplant-908644,シナノキ,シナノキ科,アオイ科
family_align_ylist,hostplant-908646,シナノキ,シナノキ科,アオイ科
family_align_ylist,hostplant-908648,シナノキ,シナノキ科,アオイ科
family_align_ylist,hostplant-908653,シナノキ,シナノキ科,アオイ科
family_align_ylist,hostplant-908657,シナノキ,シナノキ科,アオイ科
family_align_ylist,hostplant-908658,シナノキ,シナノキ科,アオイ科
family_align_ylist,hostplant-908660,シナノキ,シナノキ科,アオイ科
family_align_ylist,hostplant-908661,オオバボダイジュ,シナノキ科,アオイ科
family_align_ylist,hostplant-908663,シナノキ,シナノキ科,アオイ科
family_align_ylist,hostplant-908664,オオバボダイジュ,シナノキ科,アオイ科
family_align_ylist,hostplant-908666,シナノキ,シナノキ科,アオイ科
family_align_ylist,hostplant-908667,オオバボダイジュ,シナノキ科,アオイ科
family_align_ylist,hostplant-908699,モクタチバナ,ヤブコウジ科,サクラソウ科
family_align_ylist,hostplant-908704,モクタチバナ,ヤブコウジ科,サクラソウ科
family_align_ylist,hostplant-908706,イイギリ,イイギリ科,ヤナギ科
family_align_ylist,hostplant-908711,タイミンタチバナ,ヤブコウジ科,サクラソウ科
family_align_ylist,hostplant-908718,サンゴジュ,スイカズラ科,ガマズミ科
family_align_ylist,hostplant-908727,モクタチバナ,ヤブコウジ科,サクラソウ科
family_align_ylist,hostplant-908729,モクタチバナ,ヤブコウジ科,サクラソウ科
family_align_ylist,hostplant-908748,ムラサキシキブ,クマツヅラ科,シソ科
family_align_ylist,hostplant-908759,クサギ,クマツヅラ科,シソ科
family_align_ylist,hostplant-908764,ニワトコ,スイカズラ科,ガマズミ科
family_align_ylist,hostplant-908768,クサギ,クマツヅラ科,シソ科
family_align_ylist,hostplant-908769,ニワトコ,スイカズラ科,ガマズミ科
family_align_ylist,hostplant-908806,ニワトコ,スイカズラ科,ガマズミ科
family_align_ylist,hostplant-908808,ハナイカダ,ミズキ科,ハナイカダ科
family_align_ylist,hostplant-908809,ムラサキシキブ,クマツヅラ科,シソ科
family_align_ylist,hostplant-908810,ニワトコ,スイカズラ科,ガマズミ科
family_align_ylist,hostplant-908815,ムラサキシキブ,クマツヅラ科,シソ科
family_align_ylist,hostplant-908816,オオムラサキシキブ,クマツヅラ科,シソ科
family_align_ylist,hostplant-908817,クサギ,クマツヅラ科,シソ科
family_align_ylist,hostplant-908819,ニワトコ,スイカズラ科,ガマズミ科
family_align_ylist,hostplant-908843,クサギ,クマツヅラ科,シソ科
family_align_ylist,hostplant-908852,キリ,ノウゼンカズラ科,キリ科
family_align_ylist,hostplant-908855,モクタチバナ,ヤブコウジ科,サクラソウ科
family_align_ylist,hostplant-908916,キリ,ノウゼンカズラ科,キリ科
family_align_ylist,hostplant-908919,クサギ,クマツヅラ科,シソ科
family_align_ylist,hostplant-908920,ニワトコ,スイカズラ科,ガマズミ科
family_align_ylist,hostplant-908928,イイギリ,イイギリ科,ヤナギ科
family_align_ylist,hostplant-908941,サンゴジュ,スイカズラ科,ガマズミ科
family_align_ylist,hostplant-908970,キリ,ノウゼンカズラ科,キリ科
family_align_ylist,hostplant-908985,クサギ,クマツヅラ科,シソ科
family_align_ylist,hostplant-908990,クサギ,クマツヅラ科,シソ科
family_align_ylist,hostplant-908993,クサギ,クマツヅラ科,シソ科
family_align_ylist,hostplant-909017,イケマ,ガガイモ科,キョウチクトウ科
family_align_ylist,hostplant-909018,キジョラン,ガガイモ科,キョウチクトウ科
family_align_ylist,hostplant-909039,クサギ,クマツヅラ科,シソ科
family_align_ylist,hostplant-909040,ニワトコ,スイカズラ科,ガマズミ科
family_align_ylist,hostplant-909041,クサギ,クマツヅラ科,シソ科
family_align_ylist,hostplant-909042,ニワトコ,スイカズラ科,ガマズミ科
family_align_ylist,hostplant-909043,オオカメノキ,スイカズラ科,ガマズミ科
family_align_ylist,hostplant-909044,オオカメノキ,スイカズラ科,ガマズミ科
family_align_ylist,hostplant-909045,オオカメノキ,スイカズラ科,ガマズミ科
family_align_ylist,hostplant-909129,キリ,ノウゼンカズラ科,キリ科
family_align_ylist,hostplant-909130,キリ,ノウゼンカズラ科,キリ科
family_align_ylist,hostplant-909143,サンゴジュ,スイカズラ科,ガマズミ科
family_align_ylist,hostplant-909144,クサギ,クマツヅラ科,シソ科
family_align_ylist,hostplant-909145,クサギ,クマツヅラ科,シソ科
family_align_ylist,hostplant-909147,イイギリ,イイギリ科,ヤナギ科
family_align_ylist,hostplant-909148,クサギ,クマツヅラ科,シソ科
name_paren_canonicalize,hostplant-909331,ルバマンサク（ハンノキ類か）,ルバマンサク（ハンノキ類か）,ルバマンサク
family_align_ylist,hostplant-909846,アマドコロ,ユリ科,クサスギカズラ科
family_align_ylist,hostplant-909853,タマアジサイ,ユキノシタ科,アジサイ科
family_align_ylist,hostplant-909856,オオムラサキシキブ,クマツヅラ科,シソ科
family_align_ylist,hostplant-909859,タマアジサイ,ユキノシタ科,アジサイ科
family_align_ylist,hostplant-909862,オオムラサキシキブ,クマツヅラ科,シソ科
name_paren_canonicalize,hostplant-909868,ヨウサイ（エンサイ・空心菜）,ヨウサイ（エンサイ・空心菜）,ヨウサイ
family_align_ylist,hostplant-909875,ムラサキシキブ,クマツヅラ科,シソ科
family_align_ylist,hostplant-909878,ハクサンボク,スイカズラ科,ガマズミ科
family_align_ylist,hostplant-909880,ハクサンボク,スイカズラ科,ガマズミ科
name_paren_canonicalize,hostplant-909882,セイヨウベニカナメモチ（レッドロビン）,セイヨウベニカナメモチ（レッドロビン）,セイヨウベニカナメモチ
name_paren_canonicalize,hostplant-909883,カマツカ（ウシコロシ）,カマツカ（ウシコロシ）,カマツカ
family_align_ylist,hostplant-909889,イロハモミジ,カエデ科,ムクロジ科
family_align_ylist,hostplant-909914,トウカエデ,カエデ科,ムクロジ科
family_align_ylist,hostplant-909915,イロハモミジ,カエデ科,ムクロジ科
family_align_ylist,hostplant-909925,ガマズミ,スイカズラ科,ガマズミ科
name_paren_canonicalize,hostplant-909934,ツルマメ（ダイズ）,ツルマメ（ダイズ）,ツルマメ
name_paren_canonicalize,hostplant-909952,キイチゴ類（ナワシロイチゴ）,キイチゴ類（ナワシロイチゴ）,キイチゴ類
family_align_ylist,hostplant-911130,マメガキ,ウリ科,カキノキ科
family_align_ylist,hostplant-911132,マメガキ,ウリ科,カキノキ科
family_align_ylist,hostplant-911138,マメガキ,ウリ科,カキノキ科
family_align_ylist,hostplant-911432,マメガキ,ウリ科,カキノキ科
family_align_ylist,hostplant-911478,モクタチバナ,ヤブコウジ科,サクラソウ科
family_align_ylist,hostplant-911514,シナノキ,シナノキ科,アオイ科
family_align_ylist,hostplant-911534,クサギ,クマツヅラ科,シソ科
family_align_ylist,hostplant-911550,クサギ,クマツヅラ科,シソ科
family_align_ylist,hostplant-911566,クサギ,クマツヅラ科,シソ科
family_align_ylist,hostplant-911582,クサギ,クマツヅラ科,シソ科
family_align_ylist,hostplant-911598,クサギ,クマツヅラ科,シソ科
family_align_ylist,hostplant-911614,クサギ,クマツヅラ科,シソ科
family_align_ylist,hostplant-911629,クサギ,クマツヅラ科,シソ科
family_align_ylist,hostplant-911642,クサギ,クマツヅラ科,シソ科
family_align_ylist,hostplant-911781,クサギ,クマツヅラ科,シソ科
family_align_ylist,hostplant-911848,オオカメノキ,スイカズラ科,ガマズミ科
family_align_ylist,hostplant-911876,オオムラサキシキブ,クマツヅラ科,シソ科
family_align_ylist,hostplant-911877,クサギ,クマツヅラ科,シソ科
family_align_ylist,hostplant-911879,ニワトコ,スイカズラ科,ガマズミ科
family_align_ylist,hostplant-911890,オオムラサキシキブ,クマツヅラ科,シソ科
family_align_ylist,hostplant-911891,クサギ,クマツヅラ科,シソ科
family_align_ylist,hostplant-911893,ニワトコ,スイカズラ科,ガマズミ科
family_align_ylist,hostplant-911904,オオムラサキシキブ,クマツヅラ科,シソ科
family_align_ylist,hostplant-911905,クサギ,クマツヅラ科,シソ科
family_align_ylist,hostplant-911907,ニワトコ,スイカズラ科,ガマズミ科
family_align_ylist,hostplant-911925,シナノキ,シナノキ科,アオイ科
family_align_ylist,hostplant-911934,シナノキ,シナノキ科,アオイ科
family_align_ylist,hostplant-911943,シナノキ,シナノキ科,アオイ科
family_align_ylist,hostplant-912019,シナノキ,シナノキ科,アオイ科
family_align_ylist,hostplant-912047,シナノキ,シナノキ科,アオイ科
family_align_ylist,hostplant-912057,シナノキ,シナノキ科,アオイ科
family_align_ylist,hostplant-912067,シナノキ,シナノキ科,アオイ科
family_align_ylist,hostplant-912081,ニワトコ,スイカズラ科,ガマズミ科
family_align_ylist,hostplant-912095,ニワトコ,スイカズラ科,ガマズミ科
family_align_ylist,hostplant-912109,ニワトコ,スイカズラ科,ガマズミ科
family_align_ylist,hostplant-912131,クサギ,クマツヅラ科,シソ科
family_align_ylist,hostplant-912132,ニワトコ,スイカズラ科,ガマズミ科
family_align_ylist,hostplant-912146,クサギ,クマツヅラ科,シソ科
family_align_ylist,hostplant-912147,ニワトコ,スイカズラ科,ガマズミ科
family_align_ylist,hostplant-912161,クサギ,クマツヅラ科,シソ科
family_align_ylist,hostplant-912162,ニワトコ,スイカズラ科,ガマズミ科
family_align_ylist,hostplant-912183,クサギ,クマツヅラ科,シソ科
family_align_ylist,hostplant-912203,クサギ,クマツヅラ科,シソ科
family_align_ylist,hostplant-912223,クサギ,クマツヅラ科,シソ科
family_align_ylist,hostplant-912276,クサギ,クマツヅラ科,シソ科
family_align_ylist,hostplant-912285,クサギ,クマツヅラ科,シソ科
family_align_ylist,hostplant-912294,クサギ,クマツヅラ科,シソ科
family_align_ylist,hostplant-912303,クサギ,クマツヅラ科,シソ科
family_align_ylist,hostplant-912312,クサギ,クマツヅラ科,シソ科
family_align_ylist,hostplant-912321,クサギ,クマツヅラ科,シソ科
family_align_ylist,hostplant-912330,クサギ,クマツヅラ科,シソ科
family_align_ylist,hostplant-912339,クサギ,クマツヅラ科,シソ科
family_align_ylist,hostplant-912348,クサギ,クマツヅラ科,シソ科
family_align_ylist,hostplant-912425,シナノキ,シナノキ科,アオイ科
family_align_ylist,hostplant-912435,シナノキ,シナノキ科,アオイ科
family_align_ylist,hostplant-912500,シナノキ,シナノキ科,アオイ科
family_align_ylist,hostplant-912531,シナノキ,シナノキ科,アオイ科
family_align_ylist,hostplant-912542,シナノキ,シナノキ科,アオイ科
family_align_ylist,hostplant-912555,シナノキ,シナノキ科,アオイ科
family_align_ylist,hostplant-912563,シナノキ,シナノキ科,アオイ科
family_align_ylist,hostplant-912577,クサソテツ,ウラボシ科,コウヤワラビ科
name_descriptive_strip,hostplant-912596,栽培バラ,栽培バラ,バラ
family_align_ylist,hostplant-912653,ハマヒサカキ,ツバキ科,モッコク科
family_align_ylist,hostplant-912777,ガクアジサイ,ユキノシタ科,アジサイ科
family_align_ylist,hostplant-912789,カキノキ,カキ科,カキノキ科
family_align_ylist,hostplant-912832,ヨモギ,，キク科,キク科
family_align_ylist,hostplant-912860,アカザ,アカザ科,ヒユ科
family_align_ylist,hostplant-912861,ミヤマガマズミ,スイカズラ科,ガマズミ科
family_align_ylist,hostplant-912862,ガマズミ,スイカズラ科,ガマズミ科
family_align_ylist,hostplant-912889,ミヤコザサ,，イネ科,イネ科
family_align_ylist,hostplant-912890,チマキザサ,，イネ科,イネ科
family_align_ylist,hostplant-912891,スズタケ,，イネ科,イネ科
family_align_ylist,hostplant-912908,アカザ,アカザ科,ヒユ科
family_align_ylist,hostplant-912909,ハマアカザ,アカザ科,ヒユ科
family_align_ylist,hostplant-912946,ナス,，ナス科,ナス科
family_align_ylist,hostplant-912948,トマト,，ナス科,ナス科
family_align_ylist,hostplant-912969,カラコギカエデ,カエデ科,ムクロジ科
family_align_ylist,hostplant-912970,ガンコウラン,ガンコウラン科,ツツジ科
family_align_ylist,hostplant-913083,カンボク,スイカズラ科,ガマズミ科
name_descriptive_strip,hostplant-913177,栽培種のカナヤマイチゴ,栽培種のカナヤマイチゴ,カナヤマイチゴ
name_descriptive_strip,hostplant-913183,栽培ブドウ,栽培ブドウ,ブドウ
name_descriptive_strip,hostplant-913189,栽培ブドウ,栽培ブドウ,ブドウ
family_align_ylist,hostplant-913243,アマドコロ,ユリ科,クサスギカズラ科
family_align_ylist,hostplant-913245,ガガイモ,ガガイモ科,キョウチクトウ科
family_align_ylist,hostplant-913248,シナノキ,シナノキ科,アオイ科
family_align_ylist,hostplant-913268,モクタチバナ,ヤブコウジ科,サクラソウ科
family_align_ylist,hostplant-913269,シマイズセンリョウ,ヤブコウジ科,サクラソウ科
family_align_ylist,hostplant-913270,イズセンリョウ,ヤブコウジ科,サクラソウ科
family_align_ylist,hostplant-913273,ウラジロエノキ,ニレ科,アサ科
family_align_ylist,hostplant-913290,スギ,スギ科,ヒノキ科
family_align_ylist,hostplant-913312,シナノキ,シナノキ科,アオイ科
family_align_ylist,hostplant-913392,コミカンソウ,トウダイグサ科,コミカンソウ科
family_align_ylist,hostplant-913426,シナノキ,シナノキ科,アオイ科
name_paren_canonicalize,hostplant-H3-0003,セイロンテリハボク（テツザイノキ）,セイロンテリハボク（テツザイノキ）,セイロンテリハボク
family_align_ylist,hostplant-H3-0004,テリハボク,オトギリソウ科,テリハボク科
name_paren_canonicalize,hostplant-H3-0015,オオバタブ（アオガシ）,オオバタブ（アオガシ）,オオバタブ
name_paren_canonicalize,hostplant-H3-0096,セイヨウハコヤナギ（ポプラ）,セイヨウハコヤナギ（ポプラ）,セイヨウハコヤナギ
name_paren_canonicalize,hostplant-H3-0123,セイヨウミザクラ（オウトウ）,セイヨウミザクラ（オウトウ）,セイヨウミザクラ
name_paren_canonicalize,hostplant-H3-0131,イヌリンゴ（ヒメリンゴ）,イヌリンゴ（ヒメリンゴ）,イヌリンゴ
name_paren_canonicalize,hostplant-H3-0172,セイヨウハコヤナギ（ポプラ）,セイヨウハコヤナギ（ポプラ）,セイヨウハコヤナギ
name_paren_canonicalize,hostplant-H3-0186,オオバグミ（マルバグミ）,オオバグミ（マルバグミ）,オオバグミ
family_align_ylist,hostplant-H3-0253,ガンコウラン,ガンコウラン科,ツツジ科
family_align_ylist,hostplant-H3-0256,ガンコウラン,ガンコウラン科,ツツジ科
name_paren_canonicalize,hostplant-H3-0266,オオカメノキ（ムシカリ）,オオカメノキ（ムシカリ）,オオカメノキ
name_paren_canonicalize,hostplant-H3-0273,ツルアジサイ（ゴトウヅル）,ツルアジサイ（ゴトウヅル）,ツルアジサイ
family_align_ylist,hostplant-kamikiri-audit-20260625-0029,サカキ,ツバキ科,モッコク科
family_align_ylist,hostplant-kamikiri-audit-20260625-0030,サカキ,ツバキ科,モッコク科
family_align_ylist,hostplant-kamikiri-audit-20260625-0031,サカキ,ツバキ科,モッコク科
family_align_ylist,hostplant-kamikiri-audit-20260625-0032,サカキ,ツバキ科,モッコク科
family_align_ylist,hostplant-kamikiri-audit-20260625-0033,サカキ,ツバキ科,モッコク科
family_align_ylist,hostplant-kamikiri-audit-20260625-0034,ヒサカキ,ツバキ科,モッコク科
family_verified_override,hostplant-kamikiri-audit-20260625-0043,モッコク,ツバキ科,モッコク科
family_verified_override,hostplant-kamikiri-audit-20260625-0044,モッコク,ツバキ科,モッコク科
family_verified_override,hostplant-kamikiri-audit-20260625-0045,モッコク,ツバキ科,モッコク科
family_align_ylist,hostplant-kamikiri-audit-20260625-0047,テリハボク,オトギリソウ科,テリハボク科
family_align_ylist,hostplant-kamikiri-audit-20260625-0048,テリハボク,オトギリソウ科,テリハボク科
family_align_ylist,hostplant-kamikiri-audit-20260625-0049,フクギ,オトギリソウ科,フクギ科
family_align_ylist,hostplant-kamikiri-audit-20260625-0050,フクギ,オトギリソウ科,フクギ科
family_align_ylist,hostplant-kamikiri-audit-20260625-0059,タマアジサイ,ユキノシタ科,アジサイ科
family_align_ylist,hostplant-kamikiri-audit-20260625-0060,タマアジサイ,ユキノシタ科,アジサイ科
family_align_ylist,hostplant-kamikiri-audit-20260625-0061,ノリウツギ,ユキノシタ科,アジサイ科
family_align_ylist,hostplant-kamikiri-audit-20260625-0062,ツルアジサイ,ユキノシタ科,アジサイ科
family_align_ylist,hostplant-kamikiri-audit-20260625-0063,ツルアジサイ,ユキノシタ科,アジサイ科
family_align_ylist,hostplant-kamikiri-audit-20260625-0064,ツルアジサイ,ユキノシタ科,アジサイ科
family_align_ylist,hostplant-kamikiri-audit-20260625-0065,ツルアジサイ,ユキノシタ科,アジサイ科
family_align_ylist,hostplant-kamikiri-audit-20260625-0066,ツルアジサイ,ユキノシタ科,アジサイ科
family_align_ylist,hostplant-kamikiri-audit-20260625-0067,ツルアジサイ,ユキノシタ科,アジサイ科
family_align_ylist,hostplant-kamikiri-audit-20260625-0068,ツルアジサイ,ユキノシタ科,アジサイ科
family_align_ylist,hostplant-kamikiri-audit-20260625-0320,アカギ,トウダイグサ科,コミカンソウ科
family_align_ylist,hostplant-kamikiri-audit-20260625-0321,アカギ,トウダイグサ科,コミカンソウ科
family_align_ylist,hostplant-kamikiri-audit-20260625-0322,アカギ,トウダイグサ科,コミカンソウ科
family_align_ylist,hostplant-kamikiri-audit-20260625-0323,カキバカンコノキ,トウダイグサ科,コミカンソウ科
family_align_ylist,hostplant-kamikiri-audit-20260625-0462,トウカエデ,カエデ科,ムクロジ科
family_align_ylist,hostplant-kamikiri-audit-20260625-0463,チドリノキ,カエデ科,ムクロジ科
family_align_ylist,hostplant-kamikiri-audit-20260625-0464,チドリノキ,カエデ科,ムクロジ科
family_align_ylist,hostplant-kamikiri-audit-20260625-0465,チドリノキ,カエデ科,ムクロジ科
family_align_ylist,hostplant-kamikiri-audit-20260625-0466,チドリノキ,カエデ科,ムクロジ科
family_align_ylist,hostplant-kamikiri-audit-20260625-0467,チドリノキ,カエデ科,ムクロジ科
family_align_ylist,hostplant-kamikiri-audit-20260625-0468,ミツデカエデ,カエデ科,ムクロジ科
family_align_ylist,hostplant-kamikiri-audit-20260625-0469,ミツデカエデ,カエデ科,ムクロジ科
family_align_ylist,hostplant-kamikiri-audit-20260625-0470,ミツデカエデ,カエデ科,ムクロジ科
family_align_ylist,hostplant-kamikiri-audit-20260625-0471,ミツデカエデ,カエデ科,ムクロジ科
family_align_ylist,hostplant-kamikiri-audit-20260625-0472,カジカエデ,カエデ科,ムクロジ科
family_align_ylist,hostplant-kamikiri-audit-20260625-0473,カジカエデ,カエデ科,ムクロジ科
family_align_ylist,hostplant-kamikiri-audit-20260625-0474,カラコギカエデ,カエデ科,ムクロジ科
family_align_ylist,hostplant-kamikiri-audit-20260625-0477,イタヤカエデ,カエデ科,ムクロジ科
family_align_ylist,hostplant-kamikiri-audit-20260625-0478,イタヤカエデ,カエデ科,ムクロジ科
family_align_ylist,hostplant-kamikiri-audit-20260625-0479,イタヤカエデ,カエデ科,ムクロジ科
family_align_ylist,hostplant-kamikiri-audit-20260625-0480,イタヤカエデ,カエデ科,ムクロジ科
family_align_ylist,hostplant-kamikiri-audit-20260625-0481,イタヤカエデ,カエデ科,ムクロジ科
family_align_ylist,hostplant-kamikiri-audit-20260625-0482,イタヤカエデ,カエデ科,ムクロジ科
family_align_ylist,hostplant-kamikiri-audit-20260625-0483,イタヤカエデ,カエデ科,ムクロジ科
family_align_ylist,hostplant-kamikiri-audit-20260625-0484,イタヤカエデ,カエデ科,ムクロジ科
family_align_ylist,hostplant-kamikiri-audit-20260625-0485,イタヤカエデ,カエデ科,ムクロジ科
family_align_ylist,hostplant-kamikiri-audit-20260625-0486,イタヤカエデ,カエデ科,ムクロジ科
family_align_ylist,hostplant-kamikiri-audit-20260625-0487,イタヤカエデ,カエデ科,ムクロジ科
family_align_ylist,hostplant-kamikiri-audit-20260625-0488,イタヤカエデ,カエデ科,ムクロジ科
family_align_ylist,hostplant-kamikiri-audit-20260625-0489,イタヤカエデ,カエデ科,ムクロジ科
family_align_ylist,hostplant-kamikiri-audit-20260625-0490,イタヤカエデ,カエデ科,ムクロジ科
family_align_ylist,hostplant-kamikiri-audit-20260625-0491,イタヤカエデ,カエデ科,ムクロジ科
family_align_ylist,hostplant-kamikiri-audit-20260625-0492,イタヤカエデ,カエデ科,ムクロジ科
family_align_ylist,hostplant-kamikiri-audit-20260625-0493,イタヤカエデ,カエデ科,ムクロジ科
family_align_ylist,hostplant-kamikiri-audit-20260625-0498,メグスリノキ,カエデ科,ムクロジ科
family_align_ylist,hostplant-kamikiri-audit-20260625-0500,イロハモミジ,カエデ科,ムクロジ科
family_align_ylist,hostplant-kamikiri-audit-20260625-0501,イロハモミジ,カエデ科,ムクロジ科
family_align_ylist,hostplant-kamikiri-audit-20260625-0502,イロハモミジ,カエデ科,ムクロジ科
family_align_ylist,hostplant-kamikiri-audit-20260625-0503,イロハモミジ,カエデ科,ムクロジ科
family_align_ylist,hostplant-kamikiri-audit-20260625-0504,イロハモミジ,カエデ科,ムクロジ科
family_align_ylist,hostplant-kamikiri-audit-20260625-0505,イロハモミジ,カエデ科,ムクロジ科
family_align_ylist,hostplant-kamikiri-audit-20260625-0506,イロハモミジ,カエデ科,ムクロジ科
family_align_ylist,hostplant-kamikiri-audit-20260625-0507,イロハモミジ,カエデ科,ムクロジ科
family_align_ylist,hostplant-kamikiri-audit-20260625-0508,イロハモミジ,カエデ科,ムクロジ科
family_align_ylist,hostplant-kamikiri-audit-20260625-0509,オオモミジ,カエデ科,ムクロジ科
family_align_ylist,hostplant-kamikiri-audit-20260625-0510,オオモミジ,カエデ科,ムクロジ科
family_align_ylist,hostplant-kamikiri-audit-20260625-0511,オオモミジ,カエデ科,ムクロジ科
family_align_ylist,hostplant-kamikiri-audit-20260625-0512,オオモミジ,カエデ科,ムクロジ科
family_align_ylist,hostplant-kamikiri-audit-20260625-0513,オオモミジ,カエデ科,ムクロジ科
family_align_ylist,hostplant-kamikiri-audit-20260625-0514,オオモミジ,カエデ科,ムクロジ科
family_align_ylist,hostplant-kamikiri-audit-20260625-0515,オオモミジ,カエデ科,ムクロジ科
family_align_ylist,hostplant-kamikiri-audit-20260625-0516,ウリハダカエデ,カエデ科,ムクロジ科
family_align_ylist,hostplant-kamikiri-audit-20260625-0517,ウリハダカエデ,カエデ科,ムクロジ科
family_align_ylist,hostplant-kamikiri-audit-20260625-0518,ウリハダカエデ,カエデ科,ムクロジ科
family_align_ylist,hostplant-kamikiri-audit-20260625-0519,ウリハダカエデ,カエデ科,ムクロジ科
family_align_ylist,hostplant-kamikiri-audit-20260625-0520,ウリハダカエデ,カエデ科,ムクロジ科
family_align_ylist,hostplant-kamikiri-audit-20260625-0521,ウリハダカエデ,カエデ科,ムクロジ科
family_align_ylist,hostplant-kamikiri-audit-20260625-0523,コハウチワカエデ,カエデ科,ムクロジ科
family_align_ylist,hostplant-kamikiri-audit-20260625-0547,トチノキ,トチノキ科,ムクロジ科
family_align_ylist,hostplant-kamikiri-audit-20260625-0548,トチノキ,トチノキ科,ムクロジ科
family_align_ylist,hostplant-kamikiri-audit-20260625-0549,トチノキ,トチノキ科,ムクロジ科
family_align_ylist,hostplant-kamikiri-audit-20260625-0550,トチノキ,トチノキ科,ムクロジ科
family_align_ylist,hostplant-kamikiri-audit-20260625-0551,トチノキ,トチノキ科,ムクロジ科
family_align_ylist,hostplant-kamikiri-audit-20260625-0552,トチノキ,トチノキ科,ムクロジ科
family_align_ylist,hostplant-kamikiri-audit-20260625-0553,トチノキ,トチノキ科,ムクロジ科
family_align_ylist,hostplant-kamikiri-audit-20260625-0554,トチノキ,トチノキ科,ムクロジ科
family_align_ylist,hostplant-kamikiri-audit-20260625-0555,トチノキ,トチノキ科,ムクロジ科
family_align_ylist,hostplant-kamikiri-audit-20260625-0556,トチノキ,トチノキ科,ムクロジ科
family_align_ylist,hostplant-kamikiri-audit-20260625-0557,トチノキ,トチノキ科,ムクロジ科
family_align_ylist,hostplant-kamikiri-audit-20260625-0558,トチノキ,トチノキ科,ムクロジ科
family_align_ylist,hostplant-kamikiri-audit-20260625-0559,トチノキ,トチノキ科,ムクロジ科
family_align_ylist,hostplant-kamikiri-audit-20260625-0560,トチノキ,トチノキ科,ムクロジ科
family_align_ylist,hostplant-kamikiri-audit-20260625-0674,シナノキ,シナノキ科,アオイ科
family_align_ylist,hostplant-kamikiri-audit-20260625-0675,シナノキ,シナノキ科,アオイ科
family_align_ylist,hostplant-kamikiri-audit-20260625-0706,モクタチバナ,ヤブコウジ科,サクラソウ科
family_align_ylist,hostplant-kamikiri-audit-20260625-0707,モクタチバナ,ヤブコウジ科,サクラソウ科
family_align_ylist,hostplant-kamikiri-audit-20260625-0708,モクタチバナ,ヤブコウジ科,サクラソウ科
family_align_ylist,hostplant-kamikiri-audit-20260625-0709,モクタチバナ,ヤブコウジ科,サクラソウ科
family_align_ylist,hostplant-kamikiri-audit-20260625-0710,モクタチバナ,ヤブコウジ科,サクラソウ科
family_align_ylist,hostplant-kamikiri-audit-20260625-0711,シマタイミンタチバナ,ヤブコウジ科,サクラソウ科
family_align_ylist,hostplant-kamikiri-audit-20260625-0712,タイミンタチバナ,ヤブコウジ科,サクラソウ科
family_align_ylist,hostplant-kamikiri-audit-20260625-0739,クサギ,クマツヅラ科,シソ科
family_align_ylist,hostplant-kamikiri-audit-20260625-0740,クサギ,クマツヅラ科,シソ科
family_align_ylist,hostplant-kamikiri-curated-20260625-0012,イイギリ,イイギリ科,ヤナギ科
