insect_id,normalized_plant,count,plant_names,record_ids
species-3749,ブナ,3,ブナ,hostplant-001120 | hostplant-B1B6-0522 | hostplant-909332
species-3749,コナラ,3,コナラ,hostplant-001122 | hostplant-B1B6-0523 | hostplant-909334
species-3749,ミズナラ,3,ミズナラ,hostplant-001123 | hostplant-B1B6-0524 | hostplant-909335
species-3749,クヌギ,3,クヌギ,hostplant-001124 | hostplant-B1B6-0525 | hostplant-909336
species-3749,カシワ,3,カシワ,hostplant-001125 | hostplant-B1B6-0526 | hostplant-909337
species-3749,アベマキ,3,アベマキ,hostplant-001126 | hostplant-B1B6-0527 | hostplant-909338
species-3750,コナラ,3,コナラ,hostplant-001127 | hostplant-B1B6-0528 | hostplant-909339
species-3750,ミズナラ,3,ミズナラ,hostplant-001128 | hostplant-B1B6-0529 | hostplant-909340
species-3750,クヌギ,3,クヌギ,hostplant-001129 | hostplant-B1B6-0530 | hostplant-909341
species-3750,アベマキ,3,アベマキ,hostplant-001130 | hostplant-B1B6-0531 | hostplant-909342
species-3750,カシワ,3,カシワ,hostplant-001131 | hostplant-B1B6-0532 | hostplant-909343
species-3877,クヌギ,3,クヌギ,hostplant-001225 | hostplant-B1B6-0810 | hostplant-909366
species-3877,コナラ,3,コナラ,hostplant-001226 | hostplant-B1B6-0811 | hostplant-909365
species-3885,ヤシャブシ,3,ヤシャブシ,hostplant-001233 | hostplant-B1B6-0838 | hostplant-909376
species-3885,ドウダンツツジ,3,ドウダンツツジ,hostplant-001234 | hostplant-B1B6-0840 | hostplant-909377
species-3885,ミヤマキリシマ,3,ミヤマキリシマ,hostplant-001235 | hostplant-B1B6-0841 | hostplant-909375
species-3887,カシワ,3,カシワ,hostplant-001238 | hostplant-B1B6-0846 | hostplant-909380
species-3887,アベマキ,3,アベマキ,hostplant-001239 | hostplant-B1B6-0847 | hostplant-909381
species-5791,ケヤキ,3,ケヤキ,hostplant-003787 | hostplant-909418 | hostplant-913361
species-5920,オトギリソウ,3,オトギリソウ,hostplant-003957 | hostplant-913285 | hostplant-913321
species-6024,ヤチヤナギ,3,ヤチヤナギ,hostplant-004134 | hostplant-909455 | hostplant-913360
species-6037,シナノキ,3,シナノキ,hostplant-004158 | hostplant-909503 | hostplant-913303
species-6050,ツゲ,3,ツゲ,hostplant-004176 | hostplant-906061 | hostplant-909525
species-6053,クヌギ,3,クヌギ,hostplant-004187 | hostplant-909575 | hostplant-913212
species-6065,クヌギ,3,クヌギ,hostplant-004218 | record-007864 | hostplant-909582
species-6065,カシワ,3,カシワ,hostplant-004220 | hostplant-909581 | hostplant-913284
species-6117,ホザキシモツケ,3,ホザキシモツケ,hostplant-004307 | hostplant-909697 | hostplant-913351
species-6124,ツルグミ,3,ツルグミ,hostplant-004335 | record-007962 | hostplant-909758
species-6127,ウラジロガシ,3,ウラジロガシ,hostplant-004347 | hostplant-909769 | hostplant-913391
species-6155,シナノキ,3,シナノキ,hostplant-004432 | hostplant-913332 | hostplant-913420
species-20438,シロバナエンレイソウ,3,シロバナエンレイソウ,hostplant-905901 | record-008035 | hostplant-909848
species-5725,ハンノキ,3,ハンノキ,hostplant-906665 | hostplant-913282 | hostplant-PDFAUDIT-20260710-0141
species-20644,ヨモギ,3,ヨモギ,hostplant-906685 | hostplant-913376 | hostplant-PDFAUDIT-20260710-0055
species-4956,アキニレ,3,アキニレ,hostplant-906711 | hostplant-913266 | hostplant-PDFAUDIT-20260710-0096
species-20438,アマドコロ,3,アマドコロ,hostplant-907312 | record-008036 | hostplant-909846
species-4442,クヌギ,2,クヌギ,host-B1B7-20251121002628-0278 | hostplant-001816
species-0024,ブナ,2,ブナ,hostplant-000018 | hostplant-912571
species-0030,シラカンバ,2,シラカンバ,hostplant-000027 | hostplant-912573
species-0031,シラカンバ,2,シラカンバ,hostplant-000028 | hostplant-912574
species-0032,サワシバ,2,サワシバ,hostplant-000031 | hostplant-912575
species-0050,シラカンバ,2,シラカンバ,hostplant-000049 | hostplant-912578
species-0050,オノオレカンバ,2,オノオレカンバ,hostplant-000050 | hostplant-912579
species-0052,シラカンバ,2,シラカンバ,hostplant-000051 | hostplant-912581
species-0053,ツノハシバミ,2,ツノハシバミ,hostplant-000054 | hostplant-912582
species-0055,シラカンバ,2,シラカンバ,hostplant-000057 | hostplant-912580
species-0056,ハンノキ,2,ハンノキ,hostplant-000058 | hostplant-908274
species-0060,クロツバラ,2,クロツバラ,hostplant-000062 | hostplant-912584
species-0073,ヤマツツジ,2,ヤマツツジ,hostplant-000077 | hostplant-912585
species-0119,シラカンバ,2,シラカンバ,hostplant-000122 | hostplant-912586
species-0141,ノブドウ,2,ノブドウ,hostplant-000127 | hostplant-912587
species-0142,ノブドウ,2,ノブドウ,hostplant-000129 | hostplant-912588
species-0147,ヤマブドウ,2,ヤマブドウ,hostplant-000138 | hostplant-912589
species-0149,ヤマブドウ,2,ヤマブドウ,hostplant-000141 | hostplant-912590
species-0151,ツルアジサイ,2,ツルアジサイ,hostplant-000144 | hostplant-912591
species-0204,コバノミツバツツジ,2,コバノミツバツツジ,hostplant-000163 | hostplant-912592
species-0204,ゴヨウツツジ,2,ゴヨウツツジ,hostplant-000164 | hostplant-912593
species-0213,アベマキ,2,アベマキ,hostplant-000179 | hostplant-912595
species-0218,バラ,2,バラ,hostplant-000191 | hostplant-912596
species-0219,ナガバモミジイチゴ,2,ナガバモミジイチゴ,hostplant-000194 | hostplant-912597
species-0219,バライチゴ,2,バライチゴ,hostplant-000195 | hostplant-912598
species-0335,シマイズセンリョウ,2,シマイズセンリョウ,hostplant-000312 | hostplant-912601
species-0609,ツブラジイ,2,ツブラジイ,hostplant-000327 | hostplant-912602
species-0614,エゾノコリンゴ,2,エゾノコリンゴ,hostplant-000334 | hostplant-912603
species-0614,ヒメリンゴ,2,ヒメリンゴ,hostplant-000335 | hostplant-913205
species-0614,ハナカイドウ,2,ハナカイドウ,hostplant-000336 | hostplant-913206
species-0622,ツリバナ,2,ツリバナ,hostplant-000348 | hostplant-912604
species-0622,ヒロハツリバナ,2,ヒロハツリバナ,hostplant-000349 | hostplant-912605
species-0625,ツリバナ,2,ツリバナ,hostplant-000353 | hostplant-912606
species-0630,ミセバヤ,2,ミセバヤ,hostplant-000361 | hostplant-912608
species-0638,ミヤマイボタ,2,ミヤマイボタ,hostplant-000365 | hostplant-912609
species-0639,エゾイボタ,2,エゾイボタ,hostplant-000366 | hostplant-912610
species-0650,マルバマンネングサ,2,マルバマンネングサ,hostplant-000373 | hostplant-912611
species-0655,シャシャンボ,2,シャシャンボ,hostplant-000375 | hostplant-912612
species-0656,アセビ,2,アセビ,hostplant-000376 | hostplant-912613
species-0673,モチツツジ,2,モチツツジ,hostplant-000388 | hostplant-912615
species-0673,ヤマツツジ,2,ヤマツツジ,hostplant-000389 | hostplant-912616
species-0674,マルバシモツケ,2,マルバシモツケ,hostplant-000391 | hostplant-912617
species-0678,ミツバツツジ,2,ミツバツツジ,hostplant-000394 | hostplant-912618
species-0678,トウゴクミツバツツジ,2,トウゴクミツバツツジ,hostplant-000395 | hostplant-912619
species-0683,ハイビャクシン,2,ハイビャクシン,hostplant-000397 | hostplant-912621
species-0692,サンゴジュ,2,サンゴジュ,hostplant-000404 | hostplant-907889
species-0695,クロミノウグイスカグラ,2,クロミノウグイスカグラ,hostplant-000407 | hostplant-907890
species-0701,コメツガ,2,コメツガ,hostplant-000411 | hostplant-912624
species-0704,ブナ,2,ブナ,hostplant-000414 | hostplant-912625
species-0705,ヤマノイモ,2,ヤマノイモ,hostplant-000415 | hostplant-907897
species-0705,タチドコロ,2,タチドコロ,hostplant-000416 | hostplant-907895
species-0705,オニドコロ,2,オニドコロ,hostplant-000417 | hostplant-907896
species-0707,ウラジロガシ,2,ウラジロガシ,hostplant-000422 | hostplant-913329
species-0711,ツクバネウツギ,2,ツクバネウツギ,hostplant-000427 | hostplant-907902
species-0711,ベニバナノツクバネウツギ,2,ベニバナノツクバネウツギ,hostplant-000428 | hostplant-907903
species-0711,ウゴツクバネウツギ,2,ウゴツクバネウツギ,hostplant-000429 | hostplant-907904
species-0711,ミヤマウグイスカズラ,2,ミヤマウグイスカズラ,hostplant-000430 | hostplant-907905
species-0711,ミヤマキリシマ,2,ミヤマキリシマ,hostplant-000431 | hostplant-907906
species-0722,ムラサキマユミ,2,ムラサキマユミ,hostplant-000438 | hostplant-907907
species-0722,サワダツ,2,サワダツ,hostplant-000439 | hostplant-907908
species-0722,クロヅル,2,クロヅル,hostplant-000440 | hostplant-907909
species-0722,ウグイスカグラ,2,ウグイスカグラ,hostplant-000441 | hostplant-907910
species-0723,キャベツ,2,キャベツ,hostplant-000442 | hostplant-912628
species-0723,ハナキャベツ,2,ハナキャベツ,hostplant-000443 | hostplant-912629
species-0723,ブロッコリー,2,ブロッコリー,hostplant-000444 | hostplant-912630
species-0723,ダイコン,2,ダイコン,hostplant-000445 | hostplant-912631
species-0723,タネツケバナ,2,タネツケバナ,hostplant-000446 | hostplant-913200
species-0723,アブラナ,2,アブラナ,hostplant-000448 | hostplant-912632
species-0725,タカナ,2,タカナ,hostplant-000450 | hostplant-907917
species-0725,ダイコン,2,ダイコン,hostplant-000451 | hostplant-907919
species-0725,ハナヤサイ,2,ハナヤサイ,hostplant-000452 | hostplant-907918
species-3434,ホウビカンジュ,2,ホウビカンジュ,hostplant-000602 | hostplant-B1B6-0001
species-3476,ノイバラ,2,ノイバラ,hostplant-000737 | hostplant-913383
species-3518,サンゴジュ,2,サンゴジュ,hostplant-000813 | hostplant-913385
species-3528,クチナシ,2,クチナシ,hostplant-000825 | hostplant-913405
species-3534,ガガイモ,2,ガガイモ,hostplant-000829 | hostplant-913245
species-3741,ジュウモンジシダ,2,ジュウモンジシダ,hostplant-001106 | hostplant-B1B6-0499
species-3741,リョウメンシダ,2,リョウメンシダ,hostplant-001107 | hostplant-B1B6-0500
species-3746,ブナ,2,ブナ,hostplant-001115 | hostplant-909327
species-3746,ケヤキ,2,ケヤキ,hostplant-001117 | hostplant-909329
species-3747,ケヤキ,2,ケヤキ,hostplant-001118 | hostplant-909330
species-3749,クリ,2,クリ,hostplant-001121 | hostplant-909333
species-3752,コメツガ,2,コメツガ,hostplant-001133 | hostplant-909346
species-3752,モミ,2,モミ,hostplant-001134 | hostplant-909347
species-3752,アカトドマツ,2,アカトドマツ,hostplant-001135 | hostplant-909348
species-3752,オオシラビソ,2,オオシラビソ,hostplant-001136 | hostplant-909349
species-3752,カラマツ,2,カラマツ,hostplant-001137 | hostplant-909350
species-3875,ヤマハンノキ,2,ヤマハンノキ,hostplant-001224 | hostplant-909364
species-3878,モミ,2,モミ,hostplant-001227 | hostplant-909367
species-3881,ソメイヨシノ,2,ソメイヨシノ,hostplant-001228 | hostplant-909369
species-3882,ソメイヨシノ,2,ソメイヨシノ,hostplant-001229 | hostplant-909370
species-3883,ソメイヨシノ,2,ソメイヨシノ,hostplant-001230 | hostplant-909371
species-3884,ヤマザクラ,2,ヤマザクラ,hostplant-001231 | hostplant-909373
species-3884,コハウチワカエデ,2,コハウチワカエデ,hostplant-001232 | hostplant-909372
species-3887,ツノハシバミ,2,ツノハシバミ,hostplant-001237 | hostplant-909379
species-3887,カワヤナギ,2,カワヤナギ,hostplant-001240 | hostplant-909378
species-3887,ヤマザクラ,2,ヤマザクラ,hostplant-001241 | hostplant-909382
species-3888,ヤマモガシ,2,ヤマモガシ,hostplant-001242 | hostplant-913384
species-3905,テイカカズラ,2,テイカカズラ,hostplant-001264 | hostplant-913418
species-3914,ミズナラ,2,ミズナラ,hostplant-001287 | hostplant-913215
species-3962,ハマゴウ,2,ハマゴウ,hostplant-001347 | hostplant-913401
species-4005,コンロンカ,2,コンロンカ,hostplant-001416 | hostplant-913417
species-4090,サラシナショウマ,2,サラシナショウマ,hostplant-001460 | hostplant-905987
species-4177,キバナシャクナゲ,2,キバナシャクナゲ,hostplant-001531 | hostplant-913277
species-4198,クロウメモドキ,2,クロウメモドキ,hostplant-001560 | hostplant-913210
species-4202,ノリウツギ,2,ノリウツギ,hostplant-001567 | hostplant-913217
species-4255,リンゴ,2,リンゴ,hostplant-001617 | hostplant-909385
species-4255,ソメイヨシノ,2,ソメイヨシノ,hostplant-001618 | hostplant-909386
species-4255,ハルニレ,2,ハルニレ,hostplant-001619 | hostplant-909383
species-4255,ケヤキ,2,ケヤキ,hostplant-001620 | hostplant-909384
species-4256,クヌギ,2,クヌギ,hostplant-001621 | hostplant-909392
species-4256,コナラ,2,コナラ,hostplant-001622 | hostplant-909391
species-4257,カラマツ,2,カラマツ,hostplant-001623 | hostplant-909393
species-4258,クマシデ,2,クマシデ,hostplant-001624 | hostplant-909395
species-4258,アカシデ,2,アカシデ,hostplant-001625 | hostplant-909394
species-4258,イヌブナ,2,イヌブナ,hostplant-001626 | hostplant-909396
species-4258,クヌギ,2,クヌギ,hostplant-001627 | hostplant-909397
species-4258,カシワ,2,カシワ,hostplant-001628 | hostplant-909399
species-4258,アラカシ,2,アラカシ,hostplant-001629 | hostplant-909402
species-4258,シラカシ,2,シラカシ,hostplant-001630 | hostplant-909401
species-4258,コナラ,2,コナラ,hostplant-001631 | hostplant-909398
species-4258,アベマキ,2,アベマキ,hostplant-001632 | hostplant-909400
species-4258,リンゴ,2,リンゴ,hostplant-001634 | hostplant-909404
species-4258,ヤマツツジ,2,ヤマツツジ,hostplant-001636 | hostplant-909405
species-4259,イヌブナ,2,イヌブナ,hostplant-001638 | hostplant-909406
species-4259,ブナ,2,ブナ,hostplant-001639 | hostplant-909407
species-4274,イタヤカエデ,2,イタヤカエデ,hostplant-001654 | hostplant-913307
species-4419,モクタチバナ,2,モクタチバナ,hostplant-001763 | hostplant-913268
species-4419,シマイズセンリョウ,2,シマイズセンリョウ,hostplant-001765 | hostplant-913269
species-4426,イズセンリョウ,2,イズセンリョウ,hostplant-001772 | hostplant-913270
species-4485,ツツジ,2,ツツジ,hostplant-002035 | hostplant-913375
species-4495,ヌルデ,2,ヌルデ,hostplant-002065 | hostplant-913397
species-4496,アカシデ,2,アカシデ,hostplant-002068 | hostplant-913389
species-4513,ギョクシンカ,2,ギョクシンカ,hostplant-002113 | hostplant-913404
species-4525,コンロンカ,2,コンロンカ,hostplant-002154 | hostplant-913388
species-4528,シラタマカズラ,2,シラタマカズラ,hostplant-002165 | hostplant-913411
species-4538,キバナカワラマツバ,2,キバナカワラマツバ,hostplant-002187 | hostplant-906062
species-4539,クワズイモ,2,クワズイモ,hostplant-002189 | hostplant-913408
species-4610,ウバメガシ,2,ウバメガシ,hostplant-002348 | hostplant-906049
species-4624,エノキ,2,エノキ,hostplant-002369 | hostplant-913403
species-4650,コナラ,2,コナラ,hostplant-002425 | hostplant-PDFAUDIT-20260710-0275
species-4650,クヌギ,2,クヌギ,hostplant-002426 | hostplant-PDFAUDIT-20260710-0273
species-4650,カシ,2,カシ,hostplant-002427 | hostplant-PDFAUDIT-20260710-0276
species-4651,ブナ,2,ブナ,hostplant-002428 | hostplant-913362
species-4670,ミズナラ,2,ミズナラ,hostplant-002483 | hostplant-913370
species-4684,クヌギ,2,クヌギ,hostplant-002528 | hostplant-913377
species-4694,スゲ,2,スゲ,hostplant-002586 | hostplant-901091
species-4694,マツカサススキ,2,マツカサススキ,hostplant-002587 | hostplant-913335
species-4694,ヒメガマ,2,ヒメガマ,hostplant-002588 | hostplant-913334
species-4794,ミミズバイ,2,ミミズバイ,hostplant-002749 | hostplant-913379
species-4794,ヒサカキ,2,ヒサカキ,hostplant-002750 | hostplant-913380
species-4794,サカキ,2,サカキ,hostplant-002751 | hostplant-913381
species-4849,イチジク,2,イチジク,hostplant-002840 | hostplant-913233
species-4849,ギシギシ,2,ギシギシ,hostplant-002841 | hostplant-913234
species-4849,イタドリ,2,イタドリ,hostplant-002842 | hostplant-913235
species-4849,クズ,2,クズ,hostplant-002843 | hostplant-913236
species-4849,シロツメクサ,2,シロツメクサ,hostplant-002844 | hostplant-913237
species-4849,オオバコ,2,オオバコ,hostplant-002845 | hostplant-913238
species-4849,ヨモギ,2,ヨモギ,hostplant-002846 | hostplant-913239
species-4849,ノゲシ,2,ノゲシ,hostplant-002848 | hostplant-913241
species-4861,ガジュマル,2,ガジュマル,hostplant-002884 | hostplant-913326
species-4874,モモタマナ,2,モモタマナ,hostplant-002896 | hostplant-913253
species-4910,サルスベリ,2,サルスベリ,hostplant-002916 | hostplant-913414
species-4973,トキワガキ,2,トキワガキ,hostplant-002952 | hostplant-913279
species-4976,ヤマモモ,2,ヤマモモ,hostplant-002955 | hostplant-913211
species-4995,ネザサ,2,ネザサ,hostplant-002967 | hostplant-913363
species-5015,クズ,2,クズ,hostplant-002978 | hostplant-913301
species-5164,シマツユクサ,2,シマツユクサ,hostplant-002996 | hostplant-913423
species-5169,キダチハマグルマ,2,キダチハマグルマ,hostplant-002997 | hostplant-913424
species-5170,ケタデ,2,ケタデ,hostplant-002998 | hostplant-913425
species-5171,イワガネ,2,イワガネ,hostplant-002999 | hostplant-913338
species-5359,コウシュウウヤク,2,コウシュウウヤク,hostplant-003075 | hostplant-909852
species-5376,ムクゲ,2,ムクゲ,hostplant-003103 | hostplant-901376
species-5376,オクラ,2,オクラ,hostplant-003104 | hostplant-901377
species-5376,フヨウ,2,フヨウ,hostplant-003105 | hostplant-003106
species-5383,シナノキ,2,シナノキ,hostplant-003124 | hostplant-913248
species-5397,イワシモツケ,2,イワシモツケ,hostplant-003151 | hostplant-913280
species-5404,イワシモツケ,2,イワシモツケ,hostplant-003156 | hostplant-913289
species-5404,イワガサ,2,イワガサ,hostplant-003157 | hostplant-913219
species-5404,イブキシモツケ,2,イブキシモツケ,hostplant-003158 | hostplant-905898
species-5423,カモガヤ,2,カモガヤ,hostplant-003190 | hostplant-913223
species-5424,マルバハギ,2,マルバハギ,hostplant-003192 | hostplant-913342
species-5424,キハギ,2,キハギ,hostplant-003193 | hostplant-913343
species-5424,ヤマハギ,2,ヤマハギ,hostplant-003194 | hostplant-913344
species-5424,フジ,2,フジ,hostplant-003195 | hostplant-913345
species-5427,クサフジ,2,クサフジ,hostplant-003200 | hostplant-913225
species-5428,クサフジ,2,クサフジ,hostplant-003201 | hostplant-913226
species-5429,ヤブマメ,2,ヤブマメ,hostplant-003202 | hostplant-913224
species-5437,シロツメクサ,2,シロツメクサ,hostplant-003206 | hostplant-913365
species-5437,クサフジ,2,クサフジ,hostplant-003207 | hostplant-913366
species-5442,ネムノキ,2,ネムノキ,hostplant-003210 | hostplant-913346
species-5467,ナンキンハゼ,2,ナンキンハゼ,hostplant-003221 | hostplant-913412
species-5467,コミカンソウ,2,コミカンソウ,hostplant-003222 | hostplant-913392
species-5504,シラカシ,2,シラカシ,hostplant-003296 | hostplant-913230
species-5531,クヌギ,2,クヌギ,hostplant-003319 | hostplant-913386
species-5547,カジカエデ,2,カジカエデ,hostplant-003334 | hostplant-913402
species-5551,カテンソウ,2,カテンソウ,hostplant-003338 | hostplant-913254
species-5552,カラムシ,2,カラムシ,hostplant-003341 | hostplant-913255
species-5557,クワクサ,2,クワクサ,hostplant-003346 | hostplant-913256
species-5581,オオバコ,2,オオバコ,hostplant-003440 | hostplant-913368
species-5582,セリ,2,セリ,hostplant-003442 | hostplant-913369
species-5587,ヤクシソウ,2,ヤクシソウ,hostplant-003465 | hostplant-905989
species-5587,ヒメカンアオイ,2,ヒメカンアオイ,hostplant-003466 | hostplant-913367
species-5595,ホザキシモツケ,2,ホザキシモツケ,hostplant-003481 | hostplant-913323
species-5608,コケモモ,2,コケモモ,hostplant-003530 | hostplant-913311
species-5608,ガンコウラン,2,ガンコウラン,hostplant-003531 | hostplant-913310
species-5609,ツルコケモモ,2,ツルコケモモ,hostplant-003532 | hostplant-913395
species-5609,ヒメシャクナゲ,2,ヒメシャクナゲ,hostplant-003533 | hostplant-913394
species-5609,イソツツジ,2,イソツツジ,hostplant-003534 | hostplant-913393
species-5628,エノコログサ,2,エノコログサ,hostplant-003553 | hostplant-913354
species-5679,ヒルガオ,2,ヒルガオ,hostplant-003584 | hostplant-913276
species-5685,イチイガシ,2,イチイガシ,hostplant-003601 | hostplant-905904
species-5689,ネザサ,2,ネザサ,hostplant-003604 | hostplant-913382
species-5690,ヒラドツツジ,2,ヒラドツツジ,hostplant-003610 | hostplant-913390
species-5698,クロツバラ,2,クロツバラ,hostplant-003629 | hostplant-913415
species-5706,ミカエリソウ,2,ミカエリソウ,hostplant-003642 | hostplant-913406
species-5726,タカネザクラ,2,タカネザクラ,hostplant-003671 | hostplant-913398
species-5740,イボタノキ,2,イボタノキ,hostplant-003689 | hostplant-913410
species-5753,ツリフネソウ,2,ツリフネソウ,hostplant-003708 | hostplant-913372
species-5753,キツリフネ,2,キツリフネ,hostplant-003709 | hostplant-913373
species-5753,ハガクレツリフネ,2,ハガクレツリフネ,hostplant-003710 | hostplant-913374
species-5756,オオヨモギ,2,オオヨモギ,hostplant-003713 | hostplant-913371
species-5758,ノコンギク,2,ノコンギク,hostplant-003717 | hostplant-913399
species-5758,ユウガギク,2,ユウガギク,hostplant-003718 | hostplant-913400
species-5769,イワシモツケ,2,イワシモツケ,hostplant-003741 | hostplant-913288
species-5775,アキグミ,2,アキグミ,hostplant-003754 | hostplant-913409
species-5783,ブナ,2,ブナ,hostplant-003774 | hostplant-913304
species-5786,ハルニレ,2,ハルニレ,hostplant-003777 | hostplant-909413
species-5786,ミズナラ,2,ミズナラ,hostplant-003778 | hostplant-909415
species-5786,ブナ,2,ブナ,hostplant-003779 | hostplant-909414
species-5788,カラマツ,2,カラマツ,hostplant-003783 | hostplant-909408
species-5789,ケヤキ,2,ケヤキ,hostplant-003784 | hostplant-909417
species-5792,ハルニレ,2,ハルニレ,hostplant-003788 | hostplant-909422
species-5793,チドリノキ,2,チドリノキ,hostplant-003789 | hostplant-909419
species-5793,ヤマザクラ,2,ヤマザクラ,hostplant-003790 | hostplant-909420
species-5795,カラマツ,2,カラマツ,hostplant-003792 | hostplant-913242
species-5807,ノアズキ,2,ノアズキ,hostplant-003822 | hostplant-913396
species-5810,ミゾソバ,2,ミゾソバ,hostplant-003829 | hostplant-913407
species-5815,ヨモギ,2,ヨモギ,hostplant-003833 | hostplant-913220
species-5819,ヒマワリ,2,ヒマワリ,hostplant-003840 | hostplant-913260
species-5819,ウスベニニガナ,2,ウスベニニガナ,hostplant-003841 | hostplant-913261
species-5819,チチコグサモドキ,2,チチコグサモドキ,hostplant-003842 | hostplant-913262
species-5834,カニクサ,2,カニクサ,hostplant-003859 | hostplant-906735
species-5873,ヤマモモ,2,ヤマモモ,hostplant-003910 | hostplant-913228
species-5881,イタドリ,2,イタドリ,hostplant-003913 | hostplant-913221
species-5903,クロミノウグイスカグラ,2,クロミノウグイスカグラ,hostplant-003942 | hostplant-913229
species-5905,オオイタドリ,2,オオイタドリ,hostplant-003946 | hostplant-913306
species-5980,アキタブキ,2,アキタブキ,hostplant-004025 | hostplant-913327
species-5980,ハンゴンソウ,2,ハンゴンソウ,hostplant-004026 | hostplant-913328
species-5982,ギョウジャニンニク,2,ギョウジャニンニク,hostplant-004028 | hostplant-913387
species-6002,ツゲ,2,ツゲ,hostplant-004067 | hostplant-913287
species-6014,アラカシ,2,アラカシ,hostplant-004075 | hostplant-909423
species-6014,クヌギ,2,クヌギ,hostplant-004076 | hostplant-909424
species-6017,タバコ,2,タバコ,hostplant-004089 | hostplant-909453
species-6018,ミミズバイ,2,ミミズバイ,hostplant-004095 | hostplant-909436
species-6018,サカキ,2,サカキ,hostplant-004096 | hostplant-909434
species-6018,ツバキ,2,ツバキ,hostplant-004097 | hostplant-909435
species-6018,アラカシ,2,アラカシ,hostplant-004098 | hostplant-909432
species-6019,カマツカ,2,カマツカ,hostplant-004099 | hostplant-909427
species-6019,カナメモチ,2,カナメモチ,hostplant-004100 | hostplant-909426
species-6019,ソメイヨシノ,2,ソメイヨシノ,hostplant-004101 | hostplant-909429
species-6019,ミミズバイ,2,ミミズバイ,hostplant-004102 | hostplant-909431
species-6019,サカキ,2,サカキ,hostplant-004103 | hostplant-909428
species-6019,ツバキ,2,ツバキ,hostplant-004104 | hostplant-909430
species-6019,アラカシ,2,アラカシ,hostplant-004105 | hostplant-909425
species-6023,クヌギ,2,クヌギ,hostplant-004132 | hostplant-909485
species-6023,カシワ,2,カシワ,hostplant-004133 | hostplant-909484
species-6026,シナノキ,2,シナノキ,hostplant-004136 | hostplant-909467
species-6028,クヌギ,2,クヌギ,hostplant-004142 | hostplant-909493
species-6028,エノキ,2,エノキ,hostplant-004143 | hostplant-909490
species-6028,カキノキ,2,カキノキ,hostplant-004144 | hostplant-909492
species-6033,シラカンバ,2,シラカンバ,hostplant-004150 | hostplant-909507
species-6033,コナラ,2,コナラ,hostplant-004151 | hostplant-909506
species-6033,ズミ,2,ズミ,hostplant-004152 | hostplant-909508
species-6034,シナノキ,2,シナノキ,hostplant-004155 | hostplant-909505
species-6035,エノキ,2,エノキ,hostplant-004157 | hostplant-909502
species-6038,シラカンバ,2,シラカンバ,hostplant-004160 | hostplant-909500
species-6038,ケヤキ,2,ケヤキ,hostplant-004161 | hostplant-909498
species-6039,クヌギ,2,クヌギ,hostplant-004162 | hostplant-909501
species-6042,アラカシ,2,アラカシ,hostplant-004164 | hostplant-909519
species-6042,アカガシ,2,アカガシ,hostplant-004165 | hostplant-909518
species-6042,ウバメガシ,2,ウバメガシ,hostplant-004166 | hostplant-909520
species-6042,シラカシ,2,シラカシ,hostplant-004167 | hostplant-909521
species-6043,ウバメガシ,2,ウバメガシ,hostplant-004168 | hostplant-909512
species-6045,トドマツ,2,トドマツ,hostplant-004169 | hostplant-909514
species-6045,モミ,2,モミ,hostplant-004170 | hostplant-909516
species-6045,ヒマラヤスギ,2,ヒマラヤスギ,hostplant-004171 | hostplant-909515
species-6047,ブナ,2,ブナ,hostplant-004173 | hostplant-909524
species-6048,ツバキ,2,ツバキ,hostplant-004174 | hostplant-909522
species-6051,カシワ,2,カシワ,hostplant-004177 | hostplant-909526
species-6051,クヌギ,2,クヌギ,hostplant-004178 | hostplant-909527
species-6051,サクラ,2,サクラ,hostplant-004179 | hostplant-909528
species-6052,カシワ,2,カシワ,hostplant-004180 | hostplant-909571
species-6052,クヌギ,2,クヌギ,hostplant-004181 | hostplant-909572
species-6052,コナラ,2,コナラ,hostplant-004182 | hostplant-909573
species-6052,アベマキ,2,アベマキ,hostplant-004183 | hostplant-909569
species-6053,リンゴ,2,リンゴ,hostplant-004186 | hostplant-909578
species-6053,コナラ,2,コナラ,hostplant-004188 | hostplant-913213
species-6054,ミズナラ,2,ミズナラ,hostplant-004190 | hostplant-909553
species-6054,クリ,2,クリ,hostplant-004191 | hostplant-909549
species-6054,ミズキ,2,ミズキ,hostplant-004193 | hostplant-909552
species-6057,アラカシ,2,アラカシ,hostplant-004199 | hostplant-909529
species-6057,カシワ,2,カシワ,hostplant-004200 | hostplant-909530
species-6057,クヌギ,2,クヌギ,hostplant-004202 | hostplant-909532-split
species-6057,コナラ,2,コナラ,hostplant-004203 | hostplant-909531
species-6057,ミズナラ,2,ミズナラ,hostplant-004204 | hostplant-909534
species-6062,カワヤナギ,2,カワヤナギ,hostplant-004207 | hostplant-909595
species-6063,ハルニレ,2,ハルニレ,hostplant-004215 | hostplant-909598
species-6064,シナノキ,2,シナノキ,hostplant-004217 | hostplant-909594
species-6065,アラカシ,2,アラカシ,hostplant-004219 | hostplant-909580
species-6066,ツバキ,2,ツバキ,hostplant-004221 | hostplant-909626
species-6069,ウラジロガシ,2,ウラジロガシ,hostplant-004230 | hostplant-909627
species-6069,リンゴ,2,リンゴ,hostplant-004232 | hostplant-909632
species-6072,アラカシ,2,アラカシ,hostplant-004233 | hostplant-909600
species-6079,ケヤキ,2,ケヤキ,hostplant-004239 | hostplant-913419
species-6088,シナノキ,2,シナノキ,hostplant-004261 | hostplant-913312
species-6110,エゾリンドウ,2,エゾリンドウ,hostplant-004279 | hostplant-913416
species-6111,シラカシ,2,シラカシ,hostplant-004284 | hostplant-909682
species-6113,アカマツ,2,アカマツ,hostplant-004288 | hostplant-909706
species-6113,チョウセンゴヨウ,2,チョウセンゴヨウ,hostplant-004289 | hostplant-909708
species-6114,ヒマラヤスギ,2,ヒマラヤスギ,hostplant-004290 | hostplant-909703
species-6114,モミ,2,モミ,hostplant-004291 | hostplant-909704
species-6114,ウラジロモミ,2,ウラジロモミ,hostplant-004291-2 | hostplant-909702
species-6116,シラカシ,2,シラカシ,hostplant-004299 | hostplant-909694
species-6116,カシワ,2,カシワ,hostplant-004300 | hostplant-909689
species-6116,クリ,2,クリ,hostplant-004301 | hostplant-909691
species-6116,コナラ,2,コナラ,hostplant-004302 | hostplant-909692
species-6116,クヌギ,2,クヌギ,hostplant-004303 | hostplant-909690
species-6116,アベマキ,2,アベマキ,hostplant-004304 | hostplant-909687
species-6116,リンゴ,2,リンゴ,hostplant-004305 | hostplant-909695
species-6118,コナラ,2,コナラ,hostplant-004308 | hostplant-909700
species-6118,クヌギ,2,クヌギ,hostplant-004309 | hostplant-909699
species-6118,カラマツ,2,カラマツ,hostplant-004311 | hostplant-909698
species-6119,リンゴ,2,リンゴ,hostplant-004312 | hostplant-909728
species-6119,スモモ,2,スモモ,hostplant-004313 | hostplant-909726
species-6119,ウメ,2,ウメ,hostplant-004314 | hostplant-909720
species-6119,アンズ,2,アンズ,hostplant-004315 | hostplant-909719
species-6119,サクラ類,2,サクラ類,hostplant-004316 | hostplant-909725
species-6119,カキノキ,2,カキノキ,hostplant-004317 | hostplant-909725-split
species-6119,ムラサキハシドイ,2,ムラサキハシドイ,hostplant-004318 | hostplant-909727
species-6119,クヌギ,2,クヌギ,hostplant-004319 | hostplant-909723
species-6119,コナラ,2,コナラ,hostplant-004320 | hostplant-909724
species-6119,カシワ,2,カシワ,hostplant-004321 | hostplant-909721
species-6120,リンゴ,2,リンゴ,hostplant-004323 | hostplant-909714
species-6120,ムラサキハシドイ,2,ムラサキハシドイ,hostplant-004324 | hostplant-909713
species-6124,ナツグミ,2,ナツグミ,hostplant-004336 | hostplant-909759
species-6125,リンゴ,2,リンゴ,hostplant-004337 | hostplant-909767
species-6126,エドヒガン,2,エドヒガン,hostplant-004339 | hostplant-909732
species-6127,リンゴ,2,リンゴ,hostplant-004340 | hostplant-909777
species-6127,スモモ,2,スモモ,hostplant-004341 | hostplant-909773
species-6127,クヌギ,2,クヌギ,hostplant-004343 | hostplant-909771
species-6127,カシワ,2,カシワ,hostplant-004344 | hostplant-909770
species-6127,ブナ,2,ブナ,hostplant-004345 | hostplant-909774
species-6127,ミズナラ,2,ミズナラ,hostplant-004346 | hostplant-909776
species-6127,アラカシ,2,アラカシ,hostplant-004348 | hostplant-909768
species-6127,マンサク,2,マンサク,hostplant-004349 | hostplant-909775
species-6128,エノキ,2,エノキ,hostplant-004350 | hostplant-909763
species-6128,ウバメガシ,2,ウバメガシ,hostplant-004351 | hostplant-909762
species-6131,リンゴ,2,リンゴ,hostplant-004363 | hostplant-909810
species-6132,リンゴ,2,リンゴ,hostplant-004365 | hostplant-909827
species-6133,シナノキ,2,シナノキ,hostplant-004368 | hostplant-909820
species-6136,リンゴ,2,リンゴ,hostplant-004371 | hostplant-909843
species-6136,スモモ,2,スモモ,hostplant-004372 | hostplant-909842
species-6136,クヌギ,2,クヌギ,hostplant-004375 | hostplant-909839
species-6136,コナラ,2,コナラ,hostplant-004376 | hostplant-909840
species-6136,アベマキ,2,アベマキ,hostplant-004377 | hostplant-909835
species-6136,カシワ,2,カシワ,hostplant-004378 | hostplant-909837
species-6137,リンゴ,2,リンゴ,hostplant-004379 | hostplant-909799
species-6137,モモ,2,モモ,hostplant-004380 | hostplant-909798
species-6137,コナラ,2,コナラ,hostplant-004383 | hostplant-909794
species-6137,クヌギ,2,クヌギ,hostplant-004384 | hostplant-909792
species-6137,カシワ,2,カシワ,hostplant-004385 | hostplant-909791
species-6137,アベマキ,2,アベマキ,hostplant-004386 | hostplant-909786
species-6137,アラカシ,2,アラカシ,hostplant-004387 | hostplant-909787
species-6138,カシワ,2,カシワ,hostplant-004388 | hostplant-909844
species-6146,エゾノギシギシ,2,エゾノギシギシ,hostplant-004406 | hostplant-913291
species-6146,オオイタドリ,2,オオイタドリ,hostplant-004407 | hostplant-913292
species-6146,ウラジロタデ,2,ウラジロタデ,hostplant-004408 | hostplant-913293
species-6146,ヤマブキショウマ,2,ヤマブキショウマ,hostplant-004409 | hostplant-913294
species-6146,アズマイチゲ,2,アズマイチゲ,hostplant-004410 | hostplant-913295
species-6148,オオイタドリ,2,オオイタドリ,hostplant-004415 | hostplant-913296
species-6148,ムラサキツメクサ,2,ムラサキツメクサ,hostplant-004416 | hostplant-913297
species-6148,ホザキシモツケ,2,ホザキシモツケ,hostplant-004417 | hostplant-913298
species-6148,キンミズヒキ,2,キンミズヒキ,hostplant-004419 | hostplant-913300
species-20215,クロマメノキ,2,クロマメノキ,hostplant-005215 | hostplant-913438
species-20393,トウワタ,2,トウワタ,hostplant-006254 | hostplant-913483
species-H445,サクラ,2,サクラ,hostplant-006898 | hostplant-900140
species-H455,ケイトウ,2,ケイトウ,hostplant-006918 | hostplant-900155
species-H467,ココヤシ,2,ココヤシ,hostplant-006933 | hostplant-900107
species-H472,サクラ,2,サクラ,hostplant-006940 | hostplant-900108
species-H519,シロバナカモメヅル,2,シロバナカモメヅル,hostplant-007022 | hostplant-900876
species-H541,クリ,2,クリ,hostplant-007051 | hostplant-900868
species-H943,ウメ,2,ウメ,hostplant-007055 | hostplant-909903
species-H492,コナラ,2,コナラ,hostplant-007209 | hostplant-900889
species-H498,クヌギ,2,クヌギ,hostplant-007210 | hostplant-900900
species-H628,マユミ,2,マユミ,hostplant-007242 | hostplant-hhb-audit-20260712-0001
species-H628,ニシキギ,2,ニシキギ,hostplant-007243 | hostplant-hhb-audit-20260712-0002
species-3926,カツラ,2,カツラ,hostplant-091040 | hostplant-913330
species-3926,ミヤマザクラ,2,ミヤマザクラ,hostplant-091046 | hostplant-913216
species-H704,ヤマノイモ,2,ヤマノイモ,hostplant-900003 | hostplant-hhb-audit-20260712-0008
species-H706,ヤマノイモ,2,ヤマノイモ,hostplant-900004 | hostplant-hhb-audit-20260712-0009
species-H470,メダケ,2,メダケ,hostplant-900113 | hostplant-hhb-audit-20260712-0105
species-H637,フキ,2,フキ,hostplant-900115 | hostplant-hhb-audit-20260712-0107
species-H637,ヨメナ,2,ヨメナ,hostplant-900116 | hostplant-hhb-audit-20260712-0108
species-H074,ジャガイモ,2,ジャガイモ,hostplant-900310 | hostplant-hhb-audit-20260712-0112
species-H074,ナス,2,ナス,hostplant-900311 | hostplant-hhb-audit-20260712-0113
species-H086,ネズミモチ,2,ネズミモチ,hostplant-900318 | hostplant-hhb-audit-20260712-0098
species-H086,コバノトネリコ,2,コバノトネリコ,hostplant-900319 | hostplant-hhb-audit-20260712-0099
species-H113,キチジョウソウ,2,キチジョウソウ,hostplant-900337 | hostplant-hhb-audit-20260712-0095
species-H136,オオバコ,2,オオバコ,hostplant-900386 | hostplant-hhb-audit-20260712-0096
species-H136,エゾオオバコ,2,エゾオオバコ,hostplant-900387 | hostplant-hhb-audit-20260712-0097
species-H284,サルナシ,2,サルナシ,hostplant-900767 | hostplant-hhb-audit-20260712-0092
species-H284,オオバアサガラ,2,オオバアサガラ,hostplant-900768 | hostplant-hhb-audit-20260712-0093
species-H285,ハンノキ,2,ハンノキ,hostplant-900770 | hostplant-hhb-audit-20260712-0087
species-H285,シラカバ,2,シラカバ,hostplant-900772 | hostplant-hhb-audit-20260712-0089
species-H286,ハンノキ,2,ハンノキ,hostplant-900777 | hostplant-hhb-audit-20260712-0091
species-H253,ブナ,2,ブナ,hostplant-900807 | hostplant-hhb-audit-20260712-0081
species-H347,クリ,2,クリ,hostplant-900815 | hostplant-hhb-audit-20260712-0090
species-H318,クワ,2,クワ,hostplant-900816 | hostplant-hhb-audit-20260712-0082
species-H318,コウゾ,2,コウゾ,hostplant-900817 | hostplant-hhb-audit-20260712-0083
species-H318,クリ,2,クリ,hostplant-900819 | hostplant-hhb-audit-20260712-0085
species-H318,フジ,2,フジ,hostplant-900821 | hostplant-hhb-audit-20260712-0086
species-H318,ヤマノイモ,2,ヤマノイモ,hostplant-900822 | hostplant-hhb-audit-20260712-0084
species-H254,アザミ,2,アザミ,hostplant-900828 | hostplant-hhb-audit-20260712-0075
species-H254,フキ,2,フキ,hostplant-900829 | hostplant-hhb-audit-20260712-0076
species-H259,ミゾソバ,2,ミゾソバ,hostplant-900830 | hostplant-hhb-audit-20260712-0077
species-H259,イタドリ,2,イタドリ,hostplant-900831 | hostplant-hhb-audit-20260712-0078
species-H259,ギシギシ,2,ギシギシ,hostplant-900833 | hostplant-hhb-audit-20260712-0079
species-H259,オランダイチゴ,2,オランダイチゴ,hostplant-900834 | hostplant-hhb-audit-20260712-0080
species-H533,ハンノキ,2,ハンノキ,hostplant-900846 | hostplant-hhb-audit-20260712-0020
species-H536,ヨモギ,2,ヨモギ,hostplant-900849 | hostplant-hhb-audit-20260712-0021
species-H540,コナラ,2,コナラ,hostplant-900864 | hostplant-hhb-audit-20260712-0018
species-H540,クリ,2,クリ,hostplant-900865 | hostplant-hhb-audit-20260712-0019
species-H530,サツマイモ,2,サツマイモ,hostplant-900883 | hostplant-hhb-audit-20260712-0022
species-H530,ヒルガオ,2,ヒルガオ,hostplant-900884 | hostplant-hhb-audit-20260712-0023
species-H492,ツバキ,2,ツバキ,hostplant-900890 | hostplant-hhb-audit-20260712-0031
species-H492,ヒサカキ,2,ヒサカキ,hostplant-900891 | hostplant-hhb-audit-20260712-0032
species-H492,ヤマグワ,2,ヤマグワ,hostplant-900892 | hostplant-hhb-audit-20260712-0033
species-H498,コジイ,2,コジイ,hostplant-900901 | hostplant-hhb-audit-20260712-0038
species-H513,クヌギ,2,クヌギ,hostplant-900928 | hostplant-hhb-audit-20260712-0030
species-H513,クリ,2,クリ,hostplant-900929 | hostplant-hhb-audit-20260712-0029
species-H484,ノブドウ,2,ノブドウ,hostplant-900934 | hostplant-hhb-audit-20260712-0035
species-H484,ブドウ,2,ブドウ,hostplant-900935 | hostplant-hhb-audit-20260712-0036
species-H504,クルミ,2,クルミ,hostplant-900952 | hostplant-hhb-audit-20260712-0042
species-H504,リンゴ,2,リンゴ,hostplant-900956 | hostplant-hhb-audit-20260712-0039
species-H504,ナシ,2,ナシ,hostplant-900957 | hostplant-hhb-audit-20260712-0040
species-H504,ウメ,2,ウメ,hostplant-900958 | hostplant-hhb-audit-20260712-0041
species-4849,クワ,2,クワ,hostplant-901208 | hostplant-913232
species-5197,ヒサカキ,2,ヒサカキ,hostplant-901295 | hostplant-907479
species-5197,サカキ,2,サカキ,hostplant-901296 | hostplant-906671
species-5197,ミミズバイ,2,ミミズバイ,hostplant-901297 | hostplant-913378
species-5383,オオバボダイジュ,2,オオバボダイジュ,hostplant-901385 | hostplant-913249
species-5383,ヘラノキ,2,ヘラノキ,hostplant-901386 | hostplant-913250
species-0989,ヤブミョウガ,2,ヤブミョウガ,hostplant-901770 | hostplant-912798
species-0998,ヤブニッケイ,2,ヤブニッケイ,hostplant-901773 | hostplant-912800
species-1001,オオムラサキシキブ,2,オオムラサキシキブ,hostplant-901782 | hostplant-912804
species-1012,ブドウ,2,ブドウ,hostplant-901787 | hostplant-912806
species-1012,ヨモギ,2,ヨモギ,hostplant-901789 | hostplant-912807
species-0906,リョウブ,2,リョウブ,hostplant-901806 | hostplant-912757
species-0906,ソメイヨシノ,2,ソメイヨシノ,hostplant-901808 | hostplant-912758
species-0910,ヤマザクラ,2,ヤマザクラ,hostplant-901816 | hostplant-907759
species-0933,ヤシャブシ,2,ヤシャブシ,hostplant-901826 | hostplant-912763
species-0933,ヒメヤシャブシ,2,ヒメヤシャブシ,hostplant-901827 | hostplant-912764
species-0958,バラ属,2,バラ属,hostplant-901847 | hostplant-912768
species-0958,サクラ属,2,サクラ属,hostplant-901848 | hostplant-912769
species-0960,コナラ属,2,コナラ属,hostplant-901852 | hostplant-912778
species-0961,サクラ属,2,サクラ属,hostplant-901862 | hostplant-912790
species-1041,オオタカネバラ,2,オオタカネバラ,hostplant-901864 | hostplant-912811
species-1044,シラカンバ,2,シラカンバ,hostplant-901870 | hostplant-912812
species-1047,シラカンバ,2,シラカンバ,hostplant-901878 | hostplant-912817
species-1051,エゾムラサキツツジ,2,エゾムラサキツツジ,hostplant-901884 | hostplant-912818
species-1052,イソツツジ,2,イソツツジ,hostplant-901885 | hostplant-912819
species-1056,ゴゼンタチバナ,2,ゴゼンタチバナ,hostplant-901888 | hostplant-912821
species-1057,シラカンバ,2,シラカンバ,hostplant-901890 | hostplant-912822
species-1057,ヒメヤシャブシ,2,ヒメヤシャブシ,hostplant-901893 | hostplant-912823
species-1062,オニシモツケ,2,オニシモツケ,hostplant-901898 | hostplant-912824
species-1071,オオバヤナギ,2,オオバヤナギ,hostplant-901914 | hostplant-912829
species-1073,シラカンバ,2,シラカンバ,hostplant-901918 | hostplant-912830
species-1073,ダケカンバ,2,ダケカンバ,hostplant-901919 | hostplant-912831
species-1100,ミヤマアキノキリンソウ,2,ミヤマアキノキリンソウ,hostplant-901954 | hostplant-912833
species-1101,ホソバアカザ,2,ホソバアカザ,hostplant-901956 | hostplant-912834
species-1102,ホソバアカザ,2,ホソバアカザ,hostplant-901959 | hostplant-912835
species-1103,イヌビユ,2,イヌビユ,hostplant-901961 | hostplant-912836
species-1103,アオビユ,2,アオビユ,hostplant-901962 | hostplant-912837
species-1112,スズメノヤリ,2,スズメノヤリ,hostplant-901976 | hostplant-912838
species-1113,イグサ属,2,イグサ属,hostplant-901977 | hostplant-912839
species-1574,ノイバラ,2,ノイバラ,hostplant-901982 | hostplant-913173
species-1574,赤ラズベリー,2,赤ラズベリー,hostplant-901984 | hostplant-913174
species-1576,リュウキュウイチゴ,2,リュウキュウイチゴ,hostplant-901986 | hostplant-913175
species-1581,カナヤマイチゴ,2,カナヤマイチゴ,hostplant-901992 | hostplant-913177
species-1582,オオバライチゴ,2,オオバライチゴ,hostplant-901995 | hostplant-908247
species-1584,タチヤナギ,2,タチヤナギ,hostplant-902002 | hostplant-913178
species-1585,オキナワウラジロガシ,2,オキナワウラジロガシ,hostplant-902004 | hostplant-913179
species-1596,ブドウ,2,ブドウ,hostplant-902019 | hostplant-913183
species-1596,エビヅル,2,エビヅル,hostplant-902020 | hostplant-913184
species-1596,ヤマブドウ,2,ヤマブドウ,hostplant-902021 | hostplant-913185
species-1596,シラガブドウ,2,シラガブドウ,hostplant-902022 | hostplant-913186
species-1598,ノブドウ,2,ノブドウ,hostplant-902023 | hostplant-913187
species-1601,ミヤママタタビ,2,ミヤママタタビ,hostplant-902027 | hostplant-913188
species-1606,ブドウ,2,ブドウ,hostplant-902033 | hostplant-913189
species-1610,シラカンバ,2,シラカンバ,hostplant-902034 | hostplant-913190
species-1615,サクラ,2,サクラ,hostplant-902059 | hostplant-908070
species-1617,ナツグミ,2,ナツグミ,hostplant-902066 | hostplant-913192
species-1621,ツブラジイ,2,ツブラジイ,hostplant-902078 | hostplant-913193
species-1503,アカギ,2,アカギ,hostplant-902097 | hostplant-908167
species-1504,レンブ,2,レンブ,hostplant-902098 | hostplant-913119
species-1510,ヤハズハンノキ,2,ヤハズハンノキ,hostplant-902104 | hostplant-906722
species-1517,アブラギリ,2,アブラギリ,hostplant-902112 | hostplant-913120
species-1519,クヌギ,2,クヌギ,hostplant-902120 | hostplant-908182
species-1541,ノボタン,2,ノボタン,hostplant-902143 | hostplant-913128
species-1542,シラカンバ,2,シラカンバ,hostplant-902146 | hostplant-913129
species-1542,ダケカンバ,2,ダケカンバ,hostplant-902147 | hostplant-913130
species-1530,カエデ属,2,カエデ属,hostplant-902154 | hostplant-913121
species-1532,アワブキ,2,アワブキ,hostplant-902162 | hostplant-913122
species-1536,サクラ属,2,サクラ属,hostplant-902166 | hostplant-913123
species-3979,フジ,2,フジ,hostplant-903473 | hostplant-SMGHOSTAUDIT-20260712-Z1-0010
species-21591,モチノキ,2,モチノキ,hostplant-904026 | hostplant-PDFAUDIT-20260710-0031
species-6111,ソメイヨシノ,2,ソメイヨシノ,hostplant-904471 | hostplant-909683
species-6069,サクラ類,2,サクラ類,hostplant-905425 | hostplant-909630
species-6137,サクラ類,2,サクラ類,hostplant-905427 | hostplant-909795
species-6017,サクラ類,2,サクラ類,hostplant-905430 | hostplant-909449
species-6033,サクラ類,2,サクラ類,hostplant-905436 | hostplant-909510-split
species-5786,ヤナギ類,2,ヤナギ類,hostplant-905437 | hostplant-909416
species-5786,サクラ類,2,サクラ類,hostplant-905438 | hostplant-909412
species-3505,ミズキ,2,ミズキ,hostplant-905884 | hostplant-PDFAUDIT-20260710-0004
species-1968,クマシデ,2,クマシデ,hostplant-905907 | hostplant-H3-0160
species-3896,ウラジロエノキ,2,ウラジロエノキ,hostplant-905934 | hostplant-913273
species-0852,コナラ,2,コナラ,hostplant-905979 | hostplant-912696
species-1568,アカギ,2,アカギ,hostplant-905986 | hostplant-913164
species-5591,エゾイラクサ,2,エゾイラクサ,hostplant-905997 | hostplant-PDFAUDIT-20260710-0106
species-4199,ヨモギ,2,ヨモギ,hostplant-905999 | hostplant-PDFAUDIT-20260710-0016
species-0934,ヤブツバキ,2,ヤブツバキ,hostplant-906001 | hostplant-912765
species-0829,シシウド,2,シシウド,hostplant-906005 | hostplant-912684
species-5026,オオキゴケ,2,オオキゴケ,hostplant-906024 | hostplant-913349
species-0839,キオン,2,キオン,hostplant-906041 | hostplant-912688
species-0833,タムラソウ,2,タムラソウ,hostplant-906043 | hostplant-912686
species-4967,ヤマハギ,2,ヤマハギ,hostplant-906670 | hostplant-PDFAUDIT-20260710-0103
species-0039,アキタブキ,2,アキタブキ,hostplant-906682 | hostplant-912576
species-1997,枯葉,2,枯葉,hostplant-906697 | hostplant-H3-0207
species-1930,ヒナウチワカエデ,2,ヒナウチワカエデ,hostplant-906698 | hostplant-H3-0070
species-1541,タチスズメノヒエ,2,タチスズメノヒエ,hostplant-906727 | hostplant-913126
species-0852,ミズナラ,2,ミズナラ,hostplant-907323 | hostplant-908039
species-5591,エゾゴマナ,2,エゾゴマナ,hostplant-907329 | hostplant-PDFAUDIT-20260710-0107
species-5591,チシマアザミ,2,チシマアザミ,hostplant-907330 | hostplant-PDFAUDIT-20260710-0108
species-1569,ミミズバイ,2,ミミズバイ,hostplant-907476 | hostplant-913167
species-1569,ヒサカキ,2,ヒサカキ,hostplant-907478 | hostplant-PDFAUDIT-20260710-0222
species-3770,ヤマモモ,2,ヤマモモ,hostplant-907486 | hostplant-B1B6-0597
species-0039,クサソテツ,2,クサソテツ,hostplant-907487 | hostplant-912577
species-0774,マルバアサガオ,2,マルバアサガオ,hostplant-907963 | hostplant-912648
species-0814,オヤマボクチ,2,オヤマボクチ,hostplant-908017 | hostplant-912680
species-2166,トドマツ,2,トドマツ,hostplant-908315 | hostplant-912614
species-2315,オクラ,2,オクラ,hostplant-908340 | hostplant-913421
species-2224,キバナシャクナゲ,2,キバナシャクナゲ,hostplant-908375 | hostplant-913244
species-2244,ホウロクイチゴ,2,ホウロクイチゴ,hostplant-908399 | hostplant-913427
species-3874,ブナ,2,ブナ,hostplant-B1B6-0815 | record-7574
species-3874,フジ,2,フジ,hostplant-B1B6-0816 | record-7595
species-6018,イジュ,2,イジュ,record-007745 | hostplant-909433
species-6021,ホロムイイチゴ,2,ホロムイイチゴ,record-007775 | hostplant-913359
species-6021,ホザキシモツケ,2,ホザキシモツケ,record-007776 | hostplant-913308
species-6028,トチノキ,2,トチノキ,record-007795 | hostplant-909495
species-6033,広葉樹,2,広葉樹,record-007808 | hostplant-909511
species-6033,ハルニレ,2,ハルニレ,record-007811 | hostplant-909509
species-6033,ポプラ,2,ポプラ,record-007812 | hostplant-909510
species-6047,サザンカ,2,サザンカ,record-007830 | hostplant-909523
species-6057,ツルグミ,2,ツルグミ,record-007838 | hostplant-909533
species-6052,アラカシ,2,アラカシ,record-007853 | hostplant-909570
species-6060,ソメイヨシノ,2,ソメイヨシノ,record-007867 | hostplant-909592
species-6060,キイチゴ,2,キイチゴ,record-007868 | hostplant-909590
species-6060,ナナカマド,2,ナナカマド,record-007869 | hostplant-909593
species-6060,ギシギシ,2,ギシギシ,record-007870 | hostplant-909591
species-6069,キイチゴ,2,キイチゴ,record-007892 | hostplant-909628
species-6069,フキ,2,フキ,record-007893 | hostplant-909631
species-6069,キブシ,2,キブシ,record-007894 | hostplant-909629
species-6108,ヨモギ,2,ヨモギ,record-007895 | hostplant-909658
species-6111,アラカシ,2,アラカシ,record-007898 | hostplant-909681
species-6116,アラカシ,2,アラカシ,record-007904 | hostplant-909688
species-6117,コデマリ,2,コデマリ,record-007913 | hostplant-909696
species-6113,ゴヨウマツ,2,ゴヨウマツ,record-007923 | hostplant-909707
species-6113,ヒマラヤスギ,2,ヒマラヤスギ,record-007925 | hostplant-909708-split
species-6120,フモトミズナラ,2,フモトミズナラ,record-007928 | hostplant-909711
species-6120,コナラ,2,コナラ,record-007929 | hostplant-909709
species-6120,ソメイヨシノ,2,ソメイヨシノ,record-007930 | hostplant-909710
species-6120,ミズキ,2,ミズキ,record-007931 | hostplant-909712
species-6123,クヌギ,2,クヌギ,record-007948 | hostplant-909746
species-6124,ナワシログミ,2,ナワシログミ,record-007964 | hostplant-909760
species-6128,アラカシ,2,アラカシ,record-007967 | hostplant-909761
species-6125,エノキ,2,エノキ,record-007968 | hostplant-909764
species-6125,コナラ,2,コナラ,record-007969 | hostplant-909766
species-6125,カシワ,2,カシワ,record-007971 | hostplant-909765
species-6137,エノキ,2,エノキ,record-007998 | hostplant-909789
species-6137,クリ,2,クリ,record-008001 | hostplant-909793
species-6137,フモトミズナラ,2,フモトミズナラ,record-008004 | hostplant-909797
species-6137,シラカバ,2,シラカバ,record-008005 | hostplant-909796
species-6137,オニグルミ,2,オニグルミ,record-008006 | hostplant-909790
species-6137,ウワミズザクラ,2,ウワミズザクラ,record-008007 | hostplant-909788
species-6131,コナラ,2,コナラ,record-008011 | hostplant-909808
species-6131,ミズキ,2,ミズキ,record-008012 | hostplant-909808-split
species-6132,エドヒガン,2,エドヒガン,record-008013 | hostplant-909822
species-6132,エノキ,2,エノキ,record-008014 | hostplant-909823
species-6132,カキ,2,カキ,record-008015 | hostplant-909824
species-6132,アラカシ,2,アラカシ,record-008017 | hostplant-909821
species-6132,クヌギ,2,クヌギ,record-008018 | hostplant-909821-split
species-6132,コナラ,2,コナラ,record-008019 | hostplant-909826
species-6132,カシワ,2,カシワ,record-008020 | hostplant-909825
species-6134,クリ,2,クリ,record-008022 | hostplant-909833
species-6134,ソメイヨシノ,2,ソメイヨシノ,record-008023 | hostplant-909834
species-6136,アラカシ,2,アラカシ,record-008032 | hostplant-909836
species-20438,ウラシマソウ,2,ウラシマソウ,record-008034 | hostplant-909847
species-20440,ハクサンチドリ,2,ハクサンチドリ,record-008038 | hostplant-909850
species-20440,ミツガシワ,2,ミツガシワ,record-008039 | hostplant-909851
species-3753,コナラ,2,コナラ,record-7503 | hostplant-PDFAUDIT-20260710-0005
species-3753,イロハモミジ,2,イロハモミジ,record-7504 | hostplant-PDFAUDIT-20260710-0006
species-3753,クヌギ,2,クヌギ,record-7505 | hostplant-PDFAUDIT-20260710-0007
species-3753,ソメイヨシノ,2,ソメイヨシノ,record-7506 | hostplant-PDFAUDIT-20260710-0008
species-4253,ミズナラ,2,ミズナラ,record-7666 | hostplant-913218
species-22988,シナノキ,2,シナノキ,hostplant-908644 | host-kamikiri-comprehensive-2c894b1caba82e
species-22995,ノブドウ,2,ノブドウ,hostplant-909865 | host-kamikiri-comprehensive-4b349ee2a5ff2d
species-22647,カマツカ,2,カマツカ,hostplant-909883 | hostplant-kamikiri-audit-20260625-0110
species-H743,ヒメシロネ,2,ヒメシロネ,hostplant-909975 | hostplant-hhb-audit-20260712-0052
species-H743,シロネ,2,シロネ,hostplant-909976 | hostplant-hhb-audit-20260712-0051
species-22592,カラスザンショウ,2,カラスザンショウ,hostplant-911962 | host-kamikiri-comprehensive-1ec2dd92fdd34f
species-22989,シナノキ,2,シナノキ,hostplant-912531 | host-kamikiri-comprehensive-9f6b199fbc1775
species-0841,シャク,2,シャク,hostplant-912690 | hostplant-913355
species-1541,ハイキビ,2,ハイキビ,hostplant-913125 | hostplant-913413
species-5591,シソ科,2,シソ科,hostplant-913322 | hostplant-PDFAUDIT-20260710-0109
species-20642,ムラサキモメンズル,2,ムラサキモメンズル,hostplant-913341 | hostplant-PDFAUDIT-20260710-0052
species-SC306,モリシマアカシア,2,モリシマアカシア,hostplant-SC-N64-COMP-01 | hostplant-SC-N81-COMP-11
species-SC306,ヌマミズキ,2,ヌマミズキ,hostplant-SC-N64-COMP-02 | hostplant-SC-N81-COMP-17
species-22988,オヒョウ,2,オヒョウ,host-KDB-0153 | host-kamikiri-comprehensive-59f39131cf2e47
species-22988,トチノキ,2,トチノキ,host-kamikiri-derived-base-192-220-0255 | host-kamikiri-comprehensive-90810160d5b0d3
species-22989,オヒョウ,2,オヒョウ,host-kamikiri-comprehensive-c6b5899098973a | host-kamikiri-comprehensive-9690e0bb55c5af
species-22989,トチノキ,2,トチノキ,host-kamikiri-comprehensive-774fe2641261cb | host-kamikiri-comprehensive-86e07cd6544fdb
